elapsed_s,event,body_x,body_y,dist,tags_used
2.489,lost,,,,
2.533,lost,,,,
2.550,lost,,,,
2.566,lost,,,,
2.580,lost,,,,
2.596,lost,,,,
2.608,lost,,,,
2.618,lost,,,,
2.633,lost,,,,
2.647,lost,,,,
2.660,lost,,,,
2.671,lost,,,,
2.684,lost,,,,
2.698,lost,,,,
2.711,lost,,,,
2.723,lost,,,,
2.737,lost,,,,
2.749,lost,,,,
2.762,lost,,,,
2.774,lost,,,,
2.786,lost,,,,
2.800,lost,,,,
2.812,lost,,,,
2.825,lost,,,,
2.838,lost,,,,
2.851,lost,,,,
2.862,lost,,,,
2.874,lost,,,,
2.886,lost,,,,
2.899,lost,,,,
2.912,lost,,,,
2.924,lost,,,,
2.937,lost,,,,
2.949,lost,,,,
2.961,lost,,,,
2.972,lost,,,,
2.985,lost,,,,
2.998,lost,,,,
3.011,lost,,,,
3.022,lost,,,,
3.036,lost,,,,
3.048,lost,,,,
3.060,lost,,,,
3.072,lost,,,,
3.088,lost,,,,
3.101,lost,,,,
3.114,lost,,,,
3.127,lost,,,,
3.140,lost,,,,
3.152,lost,,,,
3.163,lost,,,,
3.175,lost,,,,
3.190,lost,,,,
3.204,lost,,,,
3.218,lost,,,,
3.235,lost,,,,
3.250,lost,,,,
3.266,lost,,,,
3.280,lost,,,,
3.296,lost,,,,
3.308,lost,,,,
3.319,lost,,,,
3.334,lost,,,,
3.349,lost,,,,
3.364,lost,,,,
3.378,lost,,,,
3.389,lost,,,,
3.402,lost,,,,
3.417,lost,,,,
3.430,lost,,,,
3.443,lost,,,,
3.456,lost,,,,
3.469,lost,,,,
3.482,lost,,,,
3.494,lost,,,,
3.508,lost,,,,
3.522,lost,,,,
3.534,lost,,,,
3.547,lost,,,,
3.563,lost,,,,
3.577,lost,,,,
3.590,lost,,,,
3.602,lost,,,,
3.617,lost,,,,
3.630,lost,,,,
3.643,lost,,,,
3.658,lost,,,,
3.672,lost,,,,
3.686,lost,,,,
3.700,lost,,,,
3.715,lost,,,,
3.727,lost,,,,
3.741,lost,,,,
3.757,lost,,,,
3.768,lost,,,,
3.780,lost,,,,
3.795,lost,,,,
3.808,lost,,,,
3.820,lost,,,,
3.833,lost,,,,
3.847,lost,,,,
3.861,lost,,,,
3.874,lost,,,,
3.887,lost,,,,
3.901,lost,,,,
3.914,lost,,,,
3.927,lost,,,,
3.942,lost,,,,
3.955,lost,,,,
3.967,lost,,,,
3.981,lost,,,,
3.996,lost,,,,
4.010,lost,,,,
4.024,lost,,,,
4.039,lost,,,,
4.052,lost,,,,
4.065,lost,,,,
4.077,lost,,,,
4.092,lost,,,,
4.107,lost,,,,
4.119,lost,,,,
4.131,lost,,,,
4.145,lost,,,,
4.158,lost,,,,
4.171,lost,,,,
4.185,lost,,,,
4.198,lost,,,,
4.210,lost,,,,
4.222,lost,,,,
4.236,lost,,,,
4.250,lost,,,,
4.263,lost,,,,
4.277,lost,,,,
4.292,lost,,,,
4.305,lost,,,,
4.317,lost,,,,
4.331,lost,,,,
4.344,lost,,,,
4.359,lost,,,,
4.373,lost,,,,
4.385,lost,,,,
4.399,lost,,,,
4.415,lost,,,,
4.427,lost,,,,
4.439,lost,,,,
4.451,lost,,,,
4.464,lost,,,,
4.477,lost,,,,
4.488,lost,,,,
4.500,lost,,,,
4.514,lost,,,,
4.529,lost,,,,
4.542,lost,,,,
4.556,lost,,,,
4.568,lost,,,,
4.581,lost,,,,
4.595,lost,,,,
4.609,lost,,,,
4.622,lost,,,,
4.634,lost,,,,
4.647,lost,,,,
4.660,lost,,,,
4.674,lost,,,,
4.686,lost,,,,
4.698,lost,,,,
4.714,lost,,,,
4.728,lost,,,,
4.741,lost,,,,
4.753,lost,,,,
4.766,lost,,,,
4.779,lost,,,,
4.792,lost,,,,
4.806,lost,,,,
4.819,lost,,,,
4.832,lost,,,,
4.847,lost,,,,
4.863,lost,,,,
4.878,lost,,,,
4.894,lost,,,,
4.910,lost,,,,
4.923,lost,,,,
4.935,lost,,,,
4.949,lost,,,,
4.964,lost,,,,
4.978,lost,,,,
4.992,lost,,,,
5.007,lost,,,,
5.019,lost,,,,
5.032,lost,,,,
5.044,lost,,,,
5.060,lost,,,,
5.075,lost,,,,
5.087,lost,,,,
5.103,lost,,,,
5.117,lost,,,,
5.130,lost,,,,
5.143,lost,,,,
5.157,lost,,,,
5.171,lost,,,,
5.185,lost,,,,
5.198,lost,,,,
5.210,lost,,,,
5.225,lost,,,,
5.238,lost,,,,
5.249,lost,,,,
5.261,lost,,,,
5.276,lost,,,,
5.288,lost,,,,
5.300,lost,,,,
5.313,lost,,,,
5.328,lost,,,,
5.342,lost,,,,
5.353,lost,,,,
5.365,lost,,,,
5.380,lost,,,,
5.395,lost,,,,
5.408,lost,,,,
5.424,lost,,,,
5.438,lost,,,,
5.451,lost,,,,
5.465,lost,,,,
5.478,lost,,,,
5.494,lost,,,,
5.507,lost,,,,
5.518,lost,,,,
5.531,lost,,,,
5.546,lost,,,,
5.557,lost,,,,
5.568,lost,,,,
5.579,lost,,,,
5.593,lost,,,,
5.607,lost,,,,
5.618,lost,,,,
5.631,lost,,,,
5.646,lost,,,,
5.658,lost,,,,
5.669,lost,,,,
5.681,lost,,,,
5.695,lost,,,,
5.709,lost,,,,
5.719,lost,,,,
5.730,lost,,,,
5.744,lost,,,,
5.758,lost,,,,
5.770,lost,,,,
5.783,lost,,,,
5.795,lost,,,,
5.807,lost,,,,
5.817,lost,,,,
5.829,lost,,,,
5.844,lost,,,,
5.855,lost,,,,
5.867,lost,,,,
5.880,lost,,,,
5.894,lost,,,,
5.906,lost,,,,
5.916,lost,,,,
5.929,lost,,,,
5.943,lost,,,,
5.956,lost,,,,
5.968,lost,,,,
5.981,lost,,,,
5.993,lost,,,,
6.008,lost,,,,
6.018,lost,,,,
6.029,lost,,,,
6.042,lost,,,,
6.055,lost,,,,
6.068,lost,,,,
6.080,lost,,,,
6.093,lost,,,,
6.107,lost,,,,
6.119,lost,,,,
6.132,lost,,,,
6.143,lost,,,,
6.154,lost,,,,
6.167,lost,,,,
6.179,lost,,,,
6.192,lost,,,,
6.205,lost,,,,
6.219,lost,,,,
6.231,lost,,,,
6.244,lost,,,,
6.258,lost,,,,
6.268,lost,,,,
6.279,lost,,,,
6.290,lost,,,,
6.305,lost,,,,
6.318,lost,,,,
6.331,lost,,,,
6.343,lost,,,,
6.357,lost,,,,
6.368,lost,,,,
6.381,lost,,,,
6.393,lost,,,,
6.407,lost,,,,
6.418,lost,,,,
6.430,lost,,,,
6.441,lost,,,,
6.452,lost,,,,
6.466,lost,,,,
6.477,lost,,,,
6.489,lost,,,,
6.502,lost,,,,
6.515,lost,,,,
6.527,lost,,,,
6.538,lost,,,,
6.550,lost,,,,
6.564,lost,,,,
6.577,lost,,,,
6.588,lost,,,,
6.598,lost,,,,
6.611,lost,,,,
6.625,lost,,,,
6.638,lost,,,,
6.651,lost,,,,
6.663,lost,,,,
6.680,lost,,,,
6.693,lost,,,,
6.704,lost,,,,
6.717,lost,,,,
6.731,lost,,,,
6.744,lost,,,,
6.755,lost,,,,
6.767,lost,,,,
6.780,lost,,,,
6.793,lost,,,,
6.803,lost,,,,
6.817,lost,,,,
6.831,lost,,,,
6.843,lost,,,,
6.856,lost,,,,
6.870,lost,,,,
6.882,lost,,,,
6.894,lost,,,,
6.906,lost,,,,
6.919,lost,,,,
6.931,lost,,,,
6.943,lost,,,,
6.955,lost,,,,
6.966,lost,,,,
6.980,lost,,,,
6.991,lost,,,,
7.002,lost,,,,
7.014,lost,,,,
7.028,lost,,,,
7.041,lost,,,,
7.053,lost,,,,
7.064,lost,,,,
7.077,lost,,,,
7.090,lost,,,,
7.100,lost,,,,
7.111,lost,,,,
7.126,lost,,,,
7.139,lost,,,,
7.152,lost,,,,
7.164,lost,,,,
7.176,lost,,,,
7.187,lost,,,,
7.202,lost,,,,
7.214,lost,,,,
7.226,lost,,,,
7.238,lost,,,,
7.251,lost,,,,
7.263,lost,,,,
7.275,lost,,,,
7.288,lost,,,,
7.301,lost,,,,
7.313,lost,,,,
7.326,lost,,,,
7.340,lost,,,,
7.351,lost,,,,
7.363,lost,,,,
7.376,lost,,,,
7.390,lost,,,,
7.402,lost,,,,
7.414,lost,,,,
7.426,lost,,,,
7.439,lost,,,,
7.451,lost,,,,
7.463,lost,,,,
7.474,lost,,,,
7.486,lost,,,,
7.499,lost,,,,
7.512,lost,,,,
7.523,lost,,,,
7.534,lost,,,,
7.548,lost,,,,
7.561,lost,,,,
7.573,lost,,,,
7.585,lost,,,,
7.598,lost,,,,
7.609,lost,,,,
7.619,lost,,,,
7.630,lost,,,,
7.642,lost,,,,
7.656,lost,,,,
7.669,lost,,,,
7.681,lost,,,,
7.692,lost,,,,
7.704,lost,,,,
7.716,lost,,,,
7.730,lost,,,,
7.743,lost,,,,
7.755,lost,,,,
7.767,lost,,,,
7.780,lost,,,,
7.793,lost,,,,
7.806,lost,,,,
7.818,lost,,,,
7.832,lost,,,,
7.844,lost,,,,
7.857,lost,,,,
7.870,lost,,,,
7.882,lost,,,,
7.892,lost,,,,
7.906,lost,,,,
7.918,lost,,,,
7.930,lost,,,,
7.942,lost,,,,
7.954,lost,,,,
7.967,lost,,,,
7.977,lost,,,,
7.989,lost,,,,
8.000,lost,,,,
8.012,lost,,,,
8.028,lost,,,,
8.040,lost,,,,
8.051,lost,,,,
8.066,lost,,,,
8.079,lost,,,,
8.091,lost,,,,
8.102,lost,,,,
8.113,lost,,,,
8.126,lost,,,,
8.140,lost,,,,
8.151,lost,,,,
8.163,lost,,,,
8.177,lost,,,,
8.189,lost,,,,
8.201,lost,,,,
8.214,lost,,,,
8.227,lost,,,,
8.238,lost,,,,
8.250,lost,,,,
8.261,lost,,,,
8.272,lost,,,,
8.287,lost,,,,
8.298,lost,,,,
8.311,lost,,,,
8.325,lost,,,,
8.336,lost,,,,
8.347,lost,,,,
8.359,lost,,,,
8.371,lost,,,,
8.384,lost,,,,
8.396,lost,,,,
8.407,lost,,,,
8.420,lost,,,,
8.434,lost,,,,
8.446,lost,,,,
8.458,lost,,,,
8.472,lost,,,,
8.485,lost,,,,
8.498,lost,,,,
8.510,lost,,,,
8.523,lost,,,,
8.536,lost,,,,
8.546,lost,,,,
8.559,lost,,,,
8.570,lost,,,,
8.582,lost,,,,
8.597,lost,,,,
8.610,lost,,,,
8.622,lost,,,,
8.634,lost,,,,
8.649,lost,,,,
8.662,lost,,,,
8.675,lost,,,,
8.689,lost,,,,
8.701,lost,,,,
8.713,lost,,,,
8.725,lost,,,,
8.741,lost,,,,
8.753,lost,,,,
8.765,lost,,,,
8.777,lost,,,,
8.792,lost,,,,
8.804,lost,,,,
8.816,lost,,,,
8.828,lost,,,,
8.841,lost,,,,
8.854,lost,,,,
8.867,lost,,,,
8.881,lost,,,,
8.895,lost,,,,
8.907,lost,,,,
8.918,lost,,,,
8.931,lost,,,,
8.946,lost,,,,
8.958,lost,,,,
8.971,lost,,,,
8.984,lost,,,,
8.998,lost,,,,
9.009,lost,,,,
9.021,lost,,,,
9.033,lost,,,,
9.048,lost,,,,
9.060,lost,,,,
9.072,lost,,,,
9.083,lost,,,,
9.097,lost,,,,
9.110,lost,,,,
9.121,lost,,,,
9.133,lost,,,,
9.147,lost,,,,
9.160,lost,,,,
9.172,lost,,,,
9.183,lost,,,,
9.196,lost,,,,
9.209,lost,,,,
9.222,lost,,,,
9.234,lost,,,,
9.247,lost,,,,
9.261,lost,,,,
9.274,lost,,,,
9.285,lost,,,,
9.295,lost,,,,
9.309,lost,,,,
9.321,lost,,,,
9.334,lost,,,,
9.346,lost,,,,
9.363,lost,,,,
9.376,lost,,,,
9.386,lost,,,,
9.399,lost,,,,
9.414,lost,,,,
9.427,lost,,,,
9.438,lost,,,,
9.451,lost,,,,
9.463,lost,,,,
9.478,lost,,,,
9.490,lost,,,,
9.502,lost,,,,
9.517,lost,,,,
9.532,lost,,,,
9.543,lost,,,,
9.552,lost,,,,
9.564,lost,,,,
9.579,lost,,,,
9.592,lost,,,,
9.603,lost,,,,
9.616,lost,,,,
9.630,lost,,,,
9.642,lost,,,,
9.656,lost,,,,
9.667,lost,,,,
9.681,lost,,,,
9.694,lost,,,,
9.705,lost,,,,
9.717,lost,,,,
9.733,lost,,,,
9.746,lost,,,,
9.758,lost,,,,
9.772,lost,,,,
9.784,lost,,,,
9.798,lost,,,,
9.810,lost,,,,
9.820,lost,,,,
9.833,lost,,,,
9.847,lost,,,,
9.859,lost,,,,
9.872,lost,,,,
9.885,lost,,,,
9.898,lost,,,,
9.910,lost,,,,
9.922,lost,,,,
9.933,lost,,,,
9.947,lost,,,,
9.960,lost,,,,
9.972,lost,,,,
9.984,lost,,,,
9.997,lost,,,,
10.010,lost,,,,
10.022,lost,,,,
10.034,lost,,,,
10.049,lost,,,,
10.061,lost,,,,
10.073,lost,,,,
10.087,lost,,,,
10.099,lost,,,,
10.113,lost,,,,
10.126,lost,,,,
10.141,lost,,,,
10.156,lost,,,,
10.168,lost,,,,
10.179,lost,,,,
10.193,lost,,,,
10.207,lost,,,,
10.218,lost,,,,
10.229,lost,,,,
10.244,lost,,,,
10.257,lost,,,,
10.268,lost,,,,
10.279,lost,,,,
10.294,lost,,,,
10.308,lost,,,,
10.320,lost,,,,
10.331,lost,,,,
10.344,lost,,,,
10.359,lost,,,,
10.371,lost,,,,
10.384,lost,,,,
10.397,lost,,,,
10.411,lost,,,,
10.422,lost,,,,
10.434,lost,,,,
10.446,lost,,,,
10.462,lost,,,,
10.473,lost,,,,
10.486,lost,,,,
10.495,lost,,,,
10.509,lost,,,,
10.522,lost,,,,
10.534,lost,,,,
10.546,lost,,,,
10.560,lost,,,,
10.573,lost,,,,
10.585,lost,,,,
10.596,lost,,,,
10.610,lost,,,,
10.620,lost,,,,
10.631,lost,,,,
10.643,lost,,,,
10.658,lost,,,,
10.670,lost,,,,
10.682,lost,,,,
10.694,lost,,,,
10.709,lost,,,,
10.720,lost,,,,
10.730,lost,,,,
10.742,lost,,,,
10.756,lost,,,,
10.767,lost,,,,
10.780,lost,,,,
10.793,lost,,,,
10.807,lost,,,,
10.819,lost,,,,
10.830,lost,,,,
10.843,lost,,,,
10.855,lost,,,,
10.867,lost,,,,
10.879,lost,,,,
10.892,lost,,,,
10.905,lost,,,,
10.917,lost,,,,
10.928,lost,,,,
10.939,lost,,,,
10.950,lost,,,,
10.962,lost,,,,
10.976,lost,,,,
10.989,lost,,,,
11.003,lost,,,,
11.016,lost,,,,
11.028,lost,,,,
11.039,lost,,,,
11.049,lost,,,,
11.065,lost,,,,
11.078,lost,,,,
11.092,lost,,,,
11.105,lost,,,,
11.118,lost,,,,
11.129,lost,,,,
11.141,lost,,,,
11.153,lost,,,,
11.168,lost,,,,
11.179,lost,,,,
11.191,lost,,,,
11.206,lost,,,,
11.218,lost,,,,
11.230,lost,,,,
11.243,lost,,,,
11.256,lost,,,,
11.268,lost,,,,
11.279,lost,,,,
11.292,lost,,,,
11.306,lost,,,,
11.318,lost,,,,
11.330,lost,,,,
11.342,lost,,,,
11.356,lost,,,,
11.368,lost,,,,
11.379,lost,,,,
11.391,lost,,,,
11.405,lost,,,,
11.417,lost,,,,
11.431,lost,,,,
11.443,lost,,,,
11.458,lost,,,,
11.469,lost,,,,
11.482,lost,,,,
11.492,lost,,,,
11.506,lost,,,,
11.519,lost,,,,
11.531,lost,,,,
11.544,lost,,,,
11.558,lost,,,,
11.569,lost,,,,
11.583,lost,,,,
11.595,lost,,,,
11.609,lost,,,,
11.623,lost,,,,
11.635,lost,,,,
11.646,lost,,,,
11.657,lost,,,,
11.669,lost,,,,
11.683,lost,,,,
11.696,lost,,,,
11.708,lost,,,,
11.720,lost,,,,
11.732,lost,,,,
11.745,lost,,,,
11.757,lost,,,,
11.770,lost,,,,
11.783,lost,,,,
11.796,lost,,,,
11.810,lost,,,,
11.822,lost,,,,
11.833,lost,,,,
11.844,lost,,,,
11.856,lost,,,,
11.869,lost,,,,
11.881,lost,,,,
11.892,lost,,,,
11.904,lost,,,,
11.915,lost,,,,
11.929,lost,,,,
11.941,lost,,,,
11.952,lost,,,,
11.964,lost,,,,
11.977,lost,,,,
11.989,lost,,,,
12.000,lost,,,,
12.012,lost,,,,
12.028,lost,,,,
12.039,lost,,,,
12.052,lost,,,,
12.065,lost,,,,
12.080,lost,,,,
12.093,lost,,,,
12.103,lost,,,,
12.114,lost,,,,
12.128,lost,,,,
12.141,lost,,,,
12.152,lost,,,,
12.165,lost,,,,
12.179,lost,,,,
12.190,lost,,,,
12.201,lost,,,,
12.213,lost,,,,
12.228,lost,,,,
12.241,lost,,,,
12.252,lost,,,,
12.263,lost,,,,
12.275,lost,,,,
12.289,lost,,,,
12.301,lost,,,,
12.311,lost,,,,
12.325,lost,,,,
12.338,lost,,,,
12.349,lost,,,,
12.362,lost,,,,
12.376,lost,,,,
12.390,lost,,,,
12.402,lost,,,,
12.413,lost,,,,
12.427,lost,,,,
12.440,lost,,,,
12.452,lost,,,,
12.464,lost,,,,
12.475,lost,,,,
12.488,lost,,,,
12.501,lost,,,,
12.512,lost,,,,
12.526,lost,,,,
12.539,lost,,,,
12.551,lost,,,,
12.563,lost,,,,
12.574,lost,,,,
12.586,lost,,,,
12.600,lost,,,,
12.612,lost,,,,
12.624,lost,,,,
12.635,lost,,,,
12.647,lost,,,,
12.659,lost,,,,
12.669,lost,,,,
12.680,lost,,,,
12.692,lost,,,,
12.705,lost,,,,
12.716,lost,,,,
12.731,lost,,,,
12.744,lost,,,,
12.756,lost,,,,
12.768,lost,,,,
12.780,lost,,,,
12.794,lost,,,,
12.806,lost,,,,
12.818,lost,,,,
12.829,lost,,,,
12.844,lost,,,,
12.856,lost,,,,
12.868,lost,,,,
12.879,lost,,,,
12.893,lost,,,,
12.906,lost,,,,
12.917,lost,,,,
12.929,lost,,,,
12.944,lost,,,,
12.957,lost,,,,
12.968,lost,,,,
12.980,lost,,,,
12.995,lost,,,,
13.007,lost,,,,
13.018,lost,,,,
13.031,lost,,,,
13.046,lost,,,,
13.058,lost,,,,
13.068,lost,,,,
13.080,lost,,,,
13.093,lost,,,,
13.106,lost,,,,
13.118,lost,,,,
13.130,lost,,,,
13.144,lost,,,,
13.157,lost,,,,
13.168,lost,,,,
13.180,lost,,,,
13.195,lost,,,,
13.208,lost,,,,
13.217,lost,,,,
13.231,lost,,,,
13.246,lost,,,,
13.259,lost,,,,
13.271,lost,,,,
13.283,lost,,,,
13.297,lost,,,,
13.310,lost,,,,
13.323,lost,,,,
13.335,lost,,,,
13.348,lost,,,,
13.364,lost,,,,
13.377,lost,,,,
13.389,lost,,,,
13.401,lost,,,,
13.415,lost,,,,
13.428,lost,,,,
13.440,lost,,,,
13.451,lost,,,,
13.465,lost,,,,
13.480,lost,,,,
13.493,lost,,,,
13.506,lost,,,,
13.518,lost,,,,
13.530,lost,,,,
13.543,lost,,,,
13.557,lost,,,,
13.568,lost,,,,
13.580,lost,,,,
13.593,lost,,,,
13.605,lost,,,,
13.619,lost,,,,
13.631,lost,,,,
13.643,lost,,,,
13.654,lost,,,,
13.666,lost,,,,
13.681,lost,,,,
13.693,lost,,,,
13.706,lost,,,,
13.715,lost,,,,
13.732,lost,,,,
13.744,lost,,,,
13.756,lost,,,,
13.770,lost,,,,
13.782,lost,,,,
13.795,lost,,,,
13.807,lost,,,,
13.820,lost,,,,
13.834,lost,,,,
13.847,lost,,,,
13.860,lost,,,,
13.875,lost,,,,
13.886,lost,,,,
13.898,lost,,,,
13.910,lost,,,,
13.925,lost,,,,
13.938,lost,,,,
13.948,lost,,,,
13.963,lost,,,,
13.979,lost,,,,
13.992,lost,,,,
14.005,lost,,,,
14.018,lost,,,,
14.031,lost,,,,
14.041,lost,,,,
14.053,lost,,,,
14.064,lost,,,,
14.078,lost,,,,
14.089,lost,,,,
14.101,lost,,,,
14.114,lost,,,,
14.129,lost,,,,
14.141,lost,,,,
14.152,lost,,,,
14.166,lost,,,,
14.182,lost,,,,
14.193,lost,,,,
14.206,lost,,,,
14.218,lost,,,,
14.232,lost,,,,
14.242,lost,,,,
14.253,lost,,,,
14.265,lost,,,,
14.278,lost,,,,
14.292,lost,,,,
14.304,lost,,,,
14.315,lost,,,,
14.330,lost,,,,
14.344,lost,,,,
14.357,lost,,,,
14.368,lost,,,,
14.381,lost,,,,
14.393,lost,,,,
14.405,lost,,,,
14.415,lost,,,,
14.429,lost,,,,
14.443,lost,,,,
14.454,lost,,,,
14.466,lost,,,,
14.480,lost,,,,
14.491,lost,,,,
14.503,lost,,,,
14.514,lost,,,,
14.526,lost,,,,
14.539,lost,,,,
14.551,lost,,,,
14.564,lost,,,,
14.578,lost,,,,
14.592,lost,,,,
14.603,lost,,,,
14.616,lost,,,,
14.629,lost,,,,
14.644,lost,,,,
14.655,lost,,,,
14.668,lost,,,,
14.678,lost,,,,
14.692,lost,,,,
14.706,lost,,,,
14.718,lost,,,,
14.729,lost,,,,
14.743,lost,,,,
14.755,lost,,,,
14.766,lost,,,,
14.778,lost,,,,
14.793,lost,,,,
14.807,lost,,,,
14.818,lost,,,,
14.829,lost,,,,
14.842,lost,,,,
14.856,lost,,,,
14.868,lost,,,,
14.880,lost,,,,
14.894,lost,,,,
14.906,lost,,,,
14.916,lost,,,,
14.928,lost,,,,
14.944,lost,,,,
14.957,lost,,,,
14.970,lost,,,,
14.982,lost,,,,
14.996,lost,,,,
15.009,lost,,,,
15.020,lost,,,,
15.032,lost,,,,
15.047,lost,,,,
15.058,lost,,,,
15.070,lost,,,,
15.082,lost,,,,
15.094,lost,,,,
15.107,lost,,,,
15.119,lost,,,,
15.131,lost,,,,
15.143,lost,,,,
15.157,lost,,,,
15.168,lost,,,,
15.180,lost,,,,
15.194,lost,,,,
15.207,lost,,,,
15.219,lost,,,,
15.231,lost,,,,
15.244,lost,,,,
15.258,lost,,,,
15.271,lost,,,,
15.283,lost,,,,
15.296,lost,,,,
15.311,lost,,,,
15.324,lost,,,,
15.335,lost,,,,
15.346,lost,,,,
15.360,lost,,,,
15.374,lost,,,,
15.386,lost,,,,
15.397,lost,,,,
15.412,lost,,,,
15.424,lost,,,,
15.435,lost,,,,
15.446,lost,,,,
15.462,lost,,,,
15.475,lost,,,,
15.487,lost,,,,
15.500,lost,,,,
15.514,lost,,,,
15.526,lost,,,,
15.539,lost,,,,
15.553,lost,,,,
15.565,lost,,,,
15.576,lost,,,,
15.588,lost,,,,
15.601,lost,,,,
15.614,lost,,,,
15.626,lost,,,,
15.639,lost,,,,
15.652,lost,,,,
15.665,lost,,,,
15.676,lost,,,,
15.686,lost,,,,
15.697,lost,,,,
15.710,lost,,,,
15.723,lost,,,,
15.733,lost,,,,
15.744,lost,,,,
15.757,lost,,,,
15.770,lost,,,,
15.783,lost,,,,
15.797,lost,,,,
15.809,lost,,,,
15.822,lost,,,,
15.835,lost,,,,
15.848,lost,,,,
15.863,lost,,,,
15.878,lost,,,,
15.891,lost,,,,
15.902,lost,,,,
15.914,lost,,,,
15.930,lost,,,,
15.943,lost,,,,
15.956,lost,,,,
15.970,lost,,,,
15.983,lost,,,,
15.996,lost,,,,
16.008,lost,,,,
16.024,lost,,,,
16.036,lost,,,,
16.048,lost,,,,
16.060,lost,,,,
16.075,lost,,,,
16.086,lost,,,,
16.099,lost,,,,
16.111,lost,,,,
16.124,lost,,,,
16.139,lost,,,,
16.151,lost,,,,
16.166,lost,,,,
16.178,lost,,,,
16.190,lost,,,,
16.200,lost,,,,
16.213,lost,,,,
16.227,lost,,,,
16.240,lost,,,,
16.252,lost,,,,
16.264,lost,,,,
16.277,lost,,,,
16.290,lost,,,,
16.301,lost,,,,
16.313,lost,,,,
16.327,lost,,,,
16.340,lost,,,,
16.351,lost,,,,
16.364,lost,,,,
16.377,lost,,,,
16.388,lost,,,,
16.402,lost,,,,
16.413,lost,,,,
16.426,lost,,,,
16.440,lost,,,,
16.452,lost,,,,
16.465,lost,,,,
16.475,lost,,,,
16.488,lost,,,,
16.502,lost,,,,
16.514,lost,,,,
16.526,lost,,,,
16.541,lost,,,,
16.552,lost,,,,
16.566,lost,,,,
16.579,lost,,,,
16.593,lost,,,,
16.604,lost,,,,
16.617,lost,,,,
16.629,lost,,,,
16.643,lost,,,,
16.656,lost,,,,
16.667,lost,,,,
16.680,lost,,,,
16.694,lost,,,,
16.707,lost,,,,
16.719,lost,,,,
16.731,lost,,,,
16.744,lost,,,,
16.757,lost,,,,
16.769,lost,,,,
16.780,lost,,,,
16.794,lost,,,,
16.806,lost,,,,
16.817,lost,,,,
16.830,lost,,,,
16.843,lost,,,,
16.857,lost,,,,
16.869,lost,,,,
16.881,lost,,,,
16.895,lost,,,,
16.908,lost,,,,
16.919,lost,,,,
16.931,lost,,,,
16.945,lost,,,,
16.958,lost,,,,
16.970,lost,,,,
16.983,lost,,,,
16.997,lost,,,,
17.010,lost,,,,
17.022,lost,,,,
17.035,lost,,,,
17.049,lost,,,,
17.059,lost,,,,
17.070,lost,,,,
17.084,lost,,,,
17.098,lost,,,,
17.111,lost,,,,
17.122,lost,,,,
17.135,lost,,,,
17.149,lost,,,,
17.161,lost,,,,
17.173,lost,,,,
17.185,lost,,,,
17.198,lost,,,,
17.212,lost,,,,
17.224,lost,,,,
17.236,lost,,,,
17.248,lost,,,,
17.264,lost,,,,
17.277,lost,,,,
17.289,lost,,,,
17.302,lost,,,,
17.314,lost,,,,
17.325,lost,,,,
17.336,lost,,,,
17.347,lost,,,,
17.362,lost,,,,
17.375,lost,,,,
17.386,lost,,,,
17.399,lost,,,,
17.413,lost,,,,
17.425,lost,,,,
17.437,lost,,,,
17.451,lost,,,,
17.465,lost,,,,
17.476,lost,,,,
17.489,lost,,,,
17.502,lost,,,,
17.515,lost,,,,
17.527,lost,,,,
17.539,lost,,,,
17.553,lost,,,,
17.565,lost,,,,
17.577,lost,,,,
17.589,lost,,,,
17.601,lost,,,,
17.615,lost,,,,
17.627,lost,,,,
17.639,lost,,,,
17.651,lost,,,,
17.665,lost,,,,
17.677,lost,,,,
17.689,lost,,,,
17.703,lost,,,,
17.714,lost,,,,
17.727,lost,,,,
17.738,lost,,,,
17.750,lost,,,,
17.765,lost,,,,
17.777,lost,,,,
17.789,lost,,,,
17.801,lost,,,,
17.816,lost,,,,
17.829,lost,,,,
17.842,lost,,,,
17.855,lost,,,,
17.871,lost,,,,
17.882,lost,,,,
17.892,lost,,,,
17.907,lost,,,,
17.919,lost,,,,
17.930,lost,,,,
17.941,lost,,,,
17.955,lost,,,,
17.968,lost,,,,
17.979,lost,,,,
17.991,lost,,,,
18.002,lost,,,,
18.012,lost,,,,
18.026,lost,,,,
18.040,lost,,,,
18.052,lost,,,,
18.066,lost,,,,
18.079,lost,,,,
18.090,lost,,,,
18.102,lost,,,,
18.114,lost,,,,
18.129,lost,,,,
18.141,lost,,,,
18.152,lost,,,,
18.165,lost,,,,
18.179,lost,,,,
18.191,lost,,,,
18.203,lost,,,,
18.216,lost,,,,
18.230,lost,,,,
18.243,lost,,,,
18.256,lost,,,,
18.268,lost,,,,
18.282,lost,,,,
18.295,lost,,,,
18.306,lost,,,,
18.319,lost,,,,
18.331,lost,,,,
18.344,lost,,,,
18.353,lost,,,,
18.365,lost,,,,
18.378,lost,,,,
18.391,lost,,,,
18.403,lost,,,,
18.415,lost,,,,
18.428,lost,,,,
18.441,lost,,,,
18.452,lost,,,,
18.464,lost,,,,
18.479,lost,,,,
18.492,lost,,,,
18.502,lost,,,,
18.515,lost,,,,
18.528,lost,,,,
18.541,lost,,,,
18.553,lost,,,,
18.563,lost,,,,
18.577,lost,,,,
18.592,lost,,,,
18.604,lost,,,,
18.615,lost,,,,
18.630,lost,,,,
18.645,lost,,,,
18.658,lost,,,,
18.669,lost,,,,
18.679,lost,,,,
18.692,lost,,,,
18.707,lost,,,,
18.719,lost,,,,
18.734,lost,,,,
18.746,lost,,,,
18.759,lost,,,,
18.772,lost,,,,
18.784,lost,,,,
18.797,lost,,,,
18.811,lost,,,,
18.822,lost,,,,
18.836,lost,,,,
18.848,lost,,,,
18.862,lost,,,,
18.875,lost,,,,
18.887,lost,,,,
18.900,lost,,,,
18.911,lost,,,,
18.924,lost,,,,
18.938,lost,,,,
18.950,lost,,,,
18.961,lost,,,,
18.974,lost,,,,
18.987,lost,,,,
18.999,lost,,,,
19.013,lost,,,,
19.027,lost,,,,
19.040,lost,,,,
19.052,lost,,,,
19.064,lost,,,,
19.076,lost,,,,
19.091,lost,,,,
19.102,lost,,,,
19.115,lost,,,,
19.127,lost,,,,
19.143,lost,,,,
19.157,lost,,,,
19.169,lost,,,,
19.181,lost,,,,
19.194,lost,,,,
19.208,lost,,,,
19.219,lost,,,,
19.231,lost,,,,
19.244,lost,,,,
19.258,lost,,,,
19.269,lost,,,,
19.281,lost,,,,
19.294,lost,,,,
19.306,lost,,,,
19.318,lost,,,,
19.331,lost,,,,
19.342,lost,,,,
19.353,lost,,,,
19.365,lost,,,,
19.381,lost,,,,
19.394,lost,,,,
19.408,lost,,,,
19.421,lost,,,,
19.434,lost,,,,
19.447,lost,,,,
19.461,lost,,,,
19.474,lost,,,,
19.485,lost,,,,
19.498,lost,,,,
19.510,lost,,,,
19.523,lost,,,,
19.535,lost,,,,
19.546,lost,,,,
19.559,lost,,,,
19.571,lost,,,,
19.585,lost,,,,
19.597,lost,,,,
19.611,lost,,,,
19.626,lost,,,,
19.638,lost,,,,
19.649,lost,,,,
19.662,lost,,,,
19.678,lost,,,,
19.690,lost,,,,
19.701,lost,,,,
19.715,lost,,,,
19.731,lost,,,,
19.744,lost,,,,
19.756,lost,,,,
19.771,lost,,,,
19.784,lost,,,,
19.795,lost,,,,
19.809,lost,,,,
19.822,lost,,,,
19.836,lost,,,,
19.849,lost,,,,
19.860,lost,,,,
19.874,lost,,,,
19.885,lost,,,,
19.898,lost,,,,
19.909,lost,,,,
19.920,lost,,,,
19.931,lost,,,,
19.947,lost,,,,
19.960,lost,,,,
19.973,lost,,,,
19.987,lost,,,,
19.999,lost,,,,
20.012,lost,,,,
20.023,lost,,,,
20.037,lost,,,,
20.049,lost,,,,
20.061,lost,,,,
20.073,lost,,,,
20.086,lost,,,,
20.098,lost,,,,
20.110,lost,,,,
20.122,lost,,,,
20.135,lost,,,,
20.148,lost,,,,
20.161,lost,,,,
20.173,lost,,,,
20.186,lost,,,,
20.198,lost,,,,
20.211,lost,,,,
20.224,lost,,,,
20.236,lost,,,,
20.250,lost,,,,
20.263,lost,,,,
20.274,lost,,,,
20.288,lost,,,,
20.302,lost,,,,
20.314,lost,,,,
20.327,lost,,,,
20.337,lost,,,,
20.349,lost,,,,
20.364,lost,,,,
20.377,lost,,,,
20.389,lost,,,,
20.401,lost,,,,
20.416,lost,,,,
20.429,lost,,,,
20.440,lost,,,,
20.455,lost,,,,
20.466,lost,,,,
20.478,lost,,,,
20.491,lost,,,,
20.505,lost,,,,
20.517,lost,,,,
20.531,lost,,,,
20.544,lost,,,,
20.559,lost,,,,
20.571,lost,,,,
20.583,lost,,,,
20.597,lost,,,,
20.611,lost,,,,
20.623,lost,,,,
20.635,lost,,,,
20.646,lost,,,,
20.660,lost,,,,
20.673,lost,,,,
20.685,lost,,,,
20.696,lost,,,,
20.709,lost,,,,
20.723,lost,,,,
20.735,lost,,,,
20.746,lost,,,,
20.760,lost,,,,
20.774,lost,,,,
20.787,lost,,,,
20.798,lost,,,,
20.813,lost,,,,
20.828,lost,,,,
20.839,lost,,,,
20.851,lost,,,,
20.864,lost,,,,
20.878,lost,,,,
20.890,lost,,,,
20.902,lost,,,,
20.916,lost,,,,
20.929,lost,,,,
20.942,lost,,,,
20.953,lost,,,,
20.965,lost,,,,
20.979,lost,,,,
20.992,lost,,,,
21.003,lost,,,,
21.015,lost,,,,
21.031,lost,,,,
21.043,lost,,,,
21.055,lost,,,,
21.068,lost,,,,
21.083,lost,,,,
21.094,lost,,,,
21.105,lost,,,,
21.118,lost,,,,
21.133,lost,,,,
21.144,lost,,,,
21.155,lost,,,,
21.168,lost,,,,
21.181,lost,,,,
21.194,lost,,,,
21.206,lost,,,,
21.218,lost,,,,
21.231,lost,,,,
21.241,lost,,,,
21.253,lost,,,,
21.266,lost,,,,
21.279,lost,,,,
21.292,lost,,,,
21.305,lost,,,,
21.315,lost,,,,
21.329,lost,,,,
21.344,lost,,,,
21.356,lost,,,,
21.369,lost,,,,
21.383,lost,,,,
21.394,lost,,,,
21.406,lost,,,,
21.417,lost,,,,
21.427,lost,,,,
21.441,lost,,,,
21.453,lost,,,,
21.465,lost,,,,
21.478,lost,,,,
21.489,lost,,,,
21.502,lost,,,,
21.515,lost,,,,
21.528,lost,,,,
21.542,lost,,,,
21.554,lost,,,,
21.566,lost,,,,
21.579,lost,,,,
21.593,lost,,,,
21.605,lost,,,,
21.617,lost,,,,
21.628,lost,,,,
21.641,lost,,,,
21.654,lost,,,,
21.665,lost,,,,
21.680,lost,,,,
21.694,lost,,,,
21.706,lost,,,,
21.718,lost,,,,
21.731,lost,,,,
21.745,lost,,,,
21.757,lost,,,,
21.769,lost,,,,
21.782,lost,,,,
21.796,lost,,,,
21.808,lost,,,,
21.821,lost,,,,
21.833,lost,,,,
21.846,lost,,,,
21.860,lost,,,,
21.871,lost,,,,
21.883,lost,,,,
21.897,lost,,,,
21.909,lost,,,,
21.921,lost,,,,
21.933,lost,,,,
21.946,lost,,,,
21.960,lost,,,,
21.971,lost,,,,
21.982,lost,,,,
21.998,lost,,,,
22.014,lost,,,,
22.027,lost,,,,
22.038,lost,,,,
22.050,lost,,,,
22.066,lost,,,,
22.077,lost,,,,
22.090,lost,,,,
22.103,lost,,,,
22.115,lost,,,,
22.127,lost,,,,
22.139,lost,,,,
22.154,lost,,,,
22.166,lost,,,,
22.179,lost,,,,
22.192,lost,,,,
22.205,lost,,,,
22.216,lost,,,,
22.227,lost,,,,
22.240,lost,,,,
22.254,lost,,,,
22.267,lost,,,,
22.280,lost,,,,
22.293,lost,,,,
22.308,lost,,,,
22.321,lost,,,,
22.333,lost,,,,
22.343,lost,,,,
22.357,lost,,,,
22.369,lost,,,,
22.380,lost,,,,
22.393,lost,,,,
22.406,lost,,,,
22.419,lost,,,,
22.432,lost,,,,
22.444,lost,,,,
22.459,lost,,,,
22.472,lost,,,,
22.482,lost,,,,
22.495,lost,,,,
22.508,lost,,,,
22.523,lost,,,,
22.534,lost,,,,
22.548,lost,,,,
22.562,lost,,,,
22.577,lost,,,,
22.590,lost,,,,
22.601,lost,,,,
22.614,lost,,,,
22.628,lost,,,,
22.641,lost,,,,
22.652,lost,,,,
22.663,lost,,,,
22.678,lost,,,,
22.690,lost,,,,
22.701,lost,,,,
22.714,lost,,,,
22.728,lost,,,,
22.740,lost,,,,
22.752,lost,,,,
22.764,lost,,,,
22.778,lost,,,,
22.791,lost,,,,
22.802,lost,,,,
22.815,lost,,,,
22.828,lost,,,,
22.840,lost,,,,
22.851,lost,,,,
22.865,lost,,,,
22.879,lost,,,,
22.891,lost,,,,
22.903,lost,,,,
22.916,lost,,,,
22.930,lost,,,,
22.944,lost,,,,
22.956,lost,,,,
22.968,lost,,,,
22.980,lost,,,,
22.994,lost,,,,
23.007,lost,,,,
23.018,lost,,,,
23.030,lost,,,,
23.045,lost,,,,
23.059,lost,,,,
23.070,lost,,,,
23.081,lost,,,,
23.096,lost,,,,
23.109,lost,,,,
23.120,lost,,,,
23.132,lost,,,,
23.145,lost,,,,
23.158,lost,,,,
23.170,lost,,,,
23.182,lost,,,,
23.195,lost,,,,
23.209,lost,,,,
23.220,lost,,,,
23.233,lost,,,,
23.248,lost,,,,
23.261,lost,,,,
23.273,lost,,,,
23.285,lost,,,,
23.296,lost,,,,
23.309,lost,,,,
23.320,lost,,,,
23.331,lost,,,,
23.346,lost,,,,
23.359,lost,,,,
23.373,lost,,,,
23.383,lost,,,,
23.395,lost,,,,
23.409,lost,,,,
23.422,lost,,,,
23.435,lost,,,,
23.447,lost,,,,
23.460,lost,,,,
23.474,lost,,,,
23.487,lost,,,,
23.499,lost,,,,
23.513,lost,,,,
23.524,lost,,,,
23.535,lost,,,,
23.549,lost,,,,
23.564,lost,,,,
23.576,lost,,,,
23.588,lost,,,,
23.601,lost,,,,
23.615,lost,,,,
23.629,lost,,,,
23.643,lost,,,,
23.656,lost,,,,
23.668,lost,,,,
23.680,lost,,,,
23.692,lost,,,,
23.706,lost,,,,
23.719,lost,,,,
23.731,lost,,,,
23.744,lost,,,,
23.757,lost,,,,
23.770,lost,,,,
23.781,lost,,,,
23.793,lost,,,,
23.805,lost,,,,
23.819,lost,,,,
23.831,lost,,,,
23.844,lost,,,,
23.859,lost,,,,
23.873,lost,,,,
23.884,lost,,,,
23.896,lost,,,,
23.910,lost,,,,
23.925,lost,,,,
23.937,lost,,,,
23.949,lost,,,,
23.960,lost,,,,
23.973,lost,,,,
23.986,lost,,,,
23.997,lost,,,,
24.010,lost,,,,
24.024,lost,,,,
24.036,lost,,,,
24.048,lost,,,,
24.060,lost,,,,
24.073,lost,,,,
24.085,lost,,,,
24.098,lost,,,,
24.111,lost,,,,
24.125,lost,,,,
24.139,lost,,,,
24.153,lost,,,,
24.166,lost,,,,
24.181,lost,,,,
24.194,lost,,,,
24.206,lost,,,,
24.217,lost,,,,
24.229,lost,,,,
24.244,lost,,,,
24.256,lost,,,,
24.270,lost,,,,
24.283,lost,,,,
24.296,lost,,,,
24.309,lost,,,,
24.322,lost,,,,
24.335,lost,,,,
24.346,lost,,,,
24.358,lost,,,,
24.371,lost,,,,
24.383,lost,,,,
24.395,lost,,,,
24.408,lost,,,,
24.420,lost,,,,
24.433,lost,,,,
24.445,lost,,,,
24.457,lost,,,,
24.470,lost,,,,
24.483,lost,,,,
24.496,lost,,,,
24.509,lost,,,,
24.522,lost,,,,
24.535,lost,,,,
24.547,lost,,,,
24.560,lost,,,,
24.575,lost,,,,
24.586,lost,,,,
24.598,lost,,,,
24.610,lost,,,,
24.626,lost,,,,
24.638,lost,,,,
24.650,lost,,,,
24.662,lost,,,,
24.676,lost,,,,
24.689,lost,,,,
24.700,lost,,,,
24.712,lost,,,,
24.726,lost,,,,
24.738,lost,,,,
24.749,lost,,,,
24.761,lost,,,,
24.774,lost,,,,
24.788,lost,,,,
24.801,lost,,,,
24.814,lost,,,,
24.828,lost,,,,
24.841,lost,,,,
24.853,lost,,,,
24.868,lost,,,,
24.881,lost,,,,
24.895,lost,,,,
24.909,lost,,,,
24.920,lost,,,,
24.933,lost,,,,
24.947,lost,,,,
24.960,lost,,,,
24.972,lost,,,,
24.985,lost,,,,
24.997,lost,,,,
25.010,lost,,,,
25.020,lost,,,,
25.031,lost,,,,
25.046,lost,,,,
25.058,lost,,,,
25.070,lost,,,,
25.082,lost,,,,
25.094,lost,,,,
25.107,lost,,,,
25.118,lost,,,,
25.130,lost,,,,
25.144,lost,,,,
25.156,lost,,,,
25.170,lost,,,,
25.182,lost,,,,
25.196,lost,,,,
25.209,lost,,,,
25.220,lost,,,,
25.231,lost,,,,
25.246,lost,,,,
25.259,lost,,,,
25.270,lost,,,,
25.282,lost,,,,
25.294,lost,,,,
25.308,lost,,,,
25.322,lost,,,,
25.334,lost,,,,
25.346,lost,,,,
25.360,lost,,,,
25.372,lost,,,,
25.385,lost,,,,
25.397,lost,,,,
25.410,lost,,,,
25.423,lost,,,,
25.435,lost,,,,
25.448,lost,,,,
25.461,lost,,,,
25.473,lost,,,,
25.482,lost,,,,
25.495,lost,,,,
25.509,lost,,,,
25.521,lost,,,,
25.533,lost,,,,
25.545,lost,,,,
25.559,lost,,,,
25.572,lost,,,,
25.583,lost,,,,
25.596,lost,,,,
25.609,lost,,,,
25.620,lost,,,,
25.632,lost,,,,
25.644,lost,,,,
25.658,lost,,,,
25.670,lost,,,,
25.682,lost,,,,
25.694,lost,,,,
25.710,lost,,,,
25.722,lost,,,,
25.734,lost,,,,
25.747,lost,,,,
25.761,lost,,,,
25.774,lost,,,,
25.785,lost,,,,
25.797,lost,,,,
25.810,lost,,,,
25.824,lost,,,,
25.835,lost,,,,
25.848,lost,,,,
25.860,lost,,,,
25.874,lost,,,,
25.885,lost,,,,
25.898,lost,,,,
25.911,lost,,,,
25.925,lost,,,,
25.937,lost,,,,
25.949,lost,,,,
25.961,lost,,,,
25.972,lost,,,,
25.985,lost,,,,
25.999,lost,,,,
26.012,lost,,,,
26.025,lost,,,,
26.037,lost,,,,
26.049,lost,,,,
26.061,lost,,,,
26.075,lost,,,,
26.088,lost,,,,
26.099,lost,,,,
26.110,lost,,,,
26.124,lost,,,,
26.136,lost,,,,
26.149,lost,,,,
26.160,lost,,,,
26.173,lost,,,,
26.187,lost,,,,
26.199,lost,,,,
26.212,lost,,,,
26.224,lost,,,,
26.239,lost,,,,
26.250,lost,,,,
26.262,lost,,,,
26.276,lost,,,,
26.289,lost,,,,
26.300,lost,,,,
26.312,lost,,,,
26.325,lost,,,,
26.338,lost,,,,
26.350,lost,,,,
26.364,lost,,,,
26.377,lost,,,,
26.391,lost,,,,
26.402,lost,,,,
26.413,lost,,,,
26.426,lost,,,,
26.438,lost,,,,
26.449,lost,,,,
26.461,lost,,,,
26.473,lost,,,,
26.487,lost,,,,
26.502,lost,,,,
26.514,lost,,,,
26.529,lost,,,,
26.542,lost,,,,
26.554,lost,,,,
26.568,lost,,,,
26.579,lost,,,,
26.594,lost,,,,
26.608,lost,,,,
26.619,lost,,,,
26.631,lost,,,,
26.644,lost,,,,
26.659,lost,,,,
26.671,lost,,,,
26.684,lost,,,,
26.698,lost,,,,
26.712,lost,,,,
26.723,lost,,,,
26.735,lost,,,,
26.749,lost,,,,
26.762,lost,,,,
26.774,lost,,,,
26.785,lost,,,,
26.798,lost,,,,
26.810,lost,,,,
26.822,lost,,,,
26.835,lost,,,,
26.850,lost,,,,
26.864,lost,,,,
26.876,lost,,,,
26.887,lost,,,,
26.898,lost,,,,
26.911,lost,,,,
26.923,lost,,,,
26.935,lost,,,,
26.946,lost,,,,
26.960,lost,,,,
26.972,lost,,,,
26.984,lost,,,,
26.998,lost,,,,
27.010,lost,,,,
27.023,lost,,,,
27.035,lost,,,,
27.047,lost,,,,
27.062,lost,,,,
27.074,lost,,,,
27.085,lost,,,,
27.098,lost,,,,
27.112,lost,,,,
27.124,lost,,,,
27.138,lost,,,,
27.150,lost,,,,
27.164,lost,,,,
27.177,lost,,,,
27.187,lost,,,,
27.199,lost,,,,
27.212,lost,,,,
27.226,lost,,,,
27.237,lost,,,,
27.250,lost,,,,
27.266,lost,,,,
27.279,lost,,,,
27.293,lost,,,,
27.306,lost,,,,
27.320,lost,,,,
27.332,lost,,,,
27.343,lost,,,,
27.356,lost,,,,
27.368,lost,,,,
27.383,lost,,,,
27.396,lost,,,,
27.408,lost,,,,
27.421,lost,,,,
27.434,lost,,,,
27.447,lost,,,,
27.461,lost,,,,
27.476,lost,,,,
27.487,lost,,,,
27.498,lost,,,,
27.513,lost,,,,
27.527,lost,,,,
27.539,lost,,,,
27.551,lost,,,,
27.563,lost,,,,
27.578,lost,,,,
27.590,lost,,,,
27.602,lost,,,,
27.617,lost,,,,
27.629,lost,,,,
27.643,lost,,,,
27.654,lost,,,,
27.666,lost,,,,
27.681,lost,,,,
27.693,lost,,,,
27.706,lost,,,,
27.719,lost,,,,
27.733,lost,,,,
27.745,lost,,,,
27.757,lost,,,,
27.771,lost,,,,
27.783,lost,,,,
27.796,lost,,,,
27.808,lost,,,,
27.822,lost,,,,
27.834,lost,,,,
27.846,lost,,,,
27.859,lost,,,,
27.873,lost,,,,
27.885,lost,,,,
27.897,lost,,,,
27.911,lost,,,,
27.927,lost,,,,
27.939,lost,,,,
27.952,lost,,,,
27.964,lost,,,,
27.977,lost,,,,
27.990,lost,,,,
27.999,lost,,,,
28.011,lost,,,,
28.024,lost,,,,
28.039,lost,,,,
28.052,lost,,,,
28.063,lost,,,,
28.077,lost,,,,
28.091,lost,,,,
28.102,lost,,,,
28.113,lost,,,,
28.126,lost,,,,
28.140,lost,,,,
28.151,lost,,,,
28.163,lost,,,,
28.174,lost,,,,
28.187,lost,,,,
28.199,lost,,,,
28.211,lost,,,,
28.225,lost,,,,
28.237,lost,,,,
28.248,lost,,,,
28.261,lost,,,,
28.275,lost,,,,
28.289,lost,,,,
28.301,lost,,,,
28.314,lost,,,,
28.327,lost,,,,
28.340,lost,,,,
28.351,lost,,,,
28.364,lost,,,,
28.378,lost,,,,
28.392,lost,,,,
28.404,lost,,,,
28.415,lost,,,,
28.429,lost,,,,
28.446,lost,,,,
28.458,lost,,,,
28.469,lost,,,,
28.483,lost,,,,
28.497,lost,,,,
28.509,lost,,,,
28.520,lost,,,,
28.531,lost,,,,
28.546,lost,,,,
28.558,lost,,,,
28.569,lost,,,,
28.582,lost,,,,
28.596,lost,,,,
28.608,lost,,,,
28.621,lost,,,,
28.635,lost,,,,
28.648,lost,,,,
28.660,lost,,,,
28.672,lost,,,,
28.686,lost,,,,
28.698,lost,,,,
28.712,lost,,,,
28.724,lost,,,,
28.737,lost,,,,
28.749,lost,,,,
28.761,lost,,,,
28.773,lost,,,,
28.785,lost,,,,
28.799,lost,,,,
28.813,lost,,,,
28.826,lost,,,,
28.840,lost,,,,
28.853,lost,,,,
28.865,lost,,,,
28.878,lost,,,,
28.893,lost,,,,
28.905,lost,,,,
28.917,lost,,,,
28.929,lost,,,,
28.944,lost,,,,
28.957,lost,,,,
28.969,lost,,,,
28.981,lost,,,,
28.995,lost,,,,
29.011,lost,,,,
29.023,lost,,,,
29.034,lost,,,,
29.045,lost,,,,
29.056,lost,,,,
29.070,lost,,,,
29.083,lost,,,,
29.098,lost,,,,
29.111,lost,,,,
29.124,lost,,,,
29.136,lost,,,,
29.150,lost,,,,
29.161,lost,,,,
29.172,lost,,,,
29.183,lost,,,,
29.195,lost,,,,
29.210,lost,,,,
29.222,lost,,,,
29.234,lost,,,,
29.248,lost,,,,
29.261,lost,,,,
29.272,lost,,,,
29.282,lost,,,,
29.295,lost,,,,
29.310,lost,,,,
29.323,lost,,,,
29.334,lost,,,,
29.348,lost,,,,
29.361,lost,,,,
29.373,lost,,,,
29.385,lost,,,,
29.397,lost,,,,
29.412,lost,,,,
29.425,lost,,,,
29.436,lost,,,,
29.449,lost,,,,
29.464,lost,,,,
29.477,lost,,,,
29.489,lost,,,,
29.501,lost,,,,
29.515,lost,,,,
29.526,lost,,,,
29.537,lost,,,,
29.548,lost,,,,
29.562,lost,,,,
29.575,lost,,,,
29.588,lost,,,,
29.600,lost,,,,
29.612,lost,,,,
29.625,lost,,,,
29.638,lost,,,,
29.649,lost,,,,
29.660,lost,,,,
29.674,lost,,,,
29.685,lost,,,,
29.697,lost,,,,
29.709,lost,,,,
29.722,lost,,,,
29.735,lost,,,,
29.748,lost,,,,
29.761,lost,,,,
29.772,lost,,,,
29.787,lost,,,,
29.798,lost,,,,
29.811,lost,,,,
29.826,lost,,,,
29.839,lost,,,,
29.852,lost,,,,
29.865,lost,,,,
29.879,lost,,,,
29.892,lost,,,,
29.902,lost,,,,
29.915,lost,,,,
29.930,lost,,,,
29.942,lost,,,,
29.953,lost,,,,
29.967,lost,,,,
29.980,lost,,,,
29.994,lost,,,,
30.006,lost,,,,
30.021,lost,,,,
30.036,lost,,,,
30.048,lost,,,,
30.062,lost,,,,
30.076,lost,,,,
30.089,lost,,,,
30.102,lost,,,,
30.113,lost,,,,
30.128,lost,,,,
30.144,lost,,,,
30.156,lost,,,,
30.167,lost,,,,
30.179,lost,,,,
30.193,lost,,,,
30.206,lost,,,,
30.217,lost,,,,
30.229,lost,,,,
30.244,lost,,,,
30.258,lost,,,,
30.269,lost,,,,
30.282,lost,,,,
30.296,lost,,,,
30.310,lost,,,,
30.322,lost,,,,
30.332,lost,,,,
30.346,lost,,,,
30.360,lost,,,,
30.370,lost,,,,
30.382,lost,,,,
30.397,lost,,,,
30.411,lost,,,,
30.423,lost,,,,
30.436,lost,,,,
30.448,lost,,,,
30.460,lost,,,,
30.471,lost,,,,
30.485,lost,,,,
30.499,lost,,,,
30.510,lost,,,,
30.522,lost,,,,
30.533,lost,,,,
30.547,lost,,,,
30.560,lost,,,,
30.572,lost,,,,
30.584,lost,,,,
30.599,lost,,,,
30.613,lost,,,,
30.626,lost,,,,
30.637,lost,,,,
30.650,lost,,,,
30.662,lost,,,,
30.675,lost,,,,
30.689,lost,,,,
30.703,lost,,,,
30.717,lost,,,,
30.731,lost,,,,
30.744,lost,,,,
30.758,lost,,,,
30.771,lost,,,,
30.784,lost,,,,
30.797,lost,,,,
30.811,lost,,,,
30.823,lost,,,,
30.837,lost,,,,
30.849,lost,,,,
30.864,lost,,,,
30.876,lost,,,,
30.887,lost,,,,
30.898,lost,,,,
30.912,lost,,,,
30.924,lost,,,,
30.937,lost,,,,
30.949,lost,,,,
30.963,lost,,,,
30.977,lost,,,,
30.988,lost,,,,
31.001,lost,,,,
31.015,lost,,,,
31.028,lost,,,,
31.042,lost,,,,
31.053,lost,,,,
31.066,lost,,,,
31.079,lost,,,,
31.093,lost,,,,
31.104,lost,,,,
31.114,lost,,,,
31.128,lost,,,,
31.143,lost,,,,
31.155,lost,,,,
31.168,lost,,,,
31.180,lost,,,,
31.193,lost,,,,
31.203,lost,,,,
31.214,lost,,,,
31.229,lost,,,,
31.243,lost,,,,
31.256,lost,,,,
31.268,lost,,,,
31.282,lost,,,,
31.295,lost,,,,
31.307,lost,,,,
31.319,lost,,,,
31.333,lost,,,,
31.346,lost,,,,
31.358,lost,,,,
31.371,lost,,,,
31.383,lost,,,,
31.395,lost,,,,
31.406,lost,,,,
31.419,lost,,,,
31.432,lost,,,,
31.445,lost,,,,
31.458,lost,,,,
31.470,lost,,,,
31.483,lost,,,,
31.494,lost,,,,
31.505,lost,,,,
31.518,lost,,,,
31.533,lost,,,,
31.544,lost,,,,
31.555,lost,,,,
31.568,lost,,,,
31.582,lost,,,,
31.594,lost,,,,
31.606,lost,,,,
31.619,lost,,,,
31.633,lost,,,,
31.646,lost,,,,
31.657,lost,,,,
31.669,lost,,,,
31.680,lost,,,,
31.694,lost,,,,
31.706,lost,,,,
31.716,lost,,,,
31.728,lost,,,,
31.742,lost,,,,
31.755,lost,,,,
31.767,lost,,,,
31.780,lost,,,,
31.794,lost,,,,
31.806,lost,,,,
31.817,lost,,,,
31.830,lost,,,,
31.845,lost,,,,
31.857,lost,,,,
31.869,lost,,,,
31.881,lost,,,,
31.895,lost,,,,
31.907,lost,,,,
31.919,lost,,,,
31.931,lost,,,,
31.945,lost,,,,
31.958,lost,,,,
31.971,lost,,,,
31.983,lost,,,,
31.997,lost,,,,
32.008,lost,,,,
32.022,lost,,,,
32.035,lost,,,,
32.048,lost,,,,
32.060,lost,,,,
32.072,lost,,,,
32.083,lost,,,,
32.099,lost,,,,
32.110,lost,,,,
32.122,lost,,,,
32.136,lost,,,,
32.149,lost,,,,
32.162,lost,,,,
32.174,lost,,,,
32.187,lost,,,,
32.200,lost,,,,
32.213,lost,,,,
32.224,lost,,,,
32.236,lost,,,,
32.249,lost,,,,
32.261,lost,,,,
32.273,lost,,,,
32.286,lost,,,,
32.300,lost,,,,
32.313,lost,,,,
32.324,lost,,,,
32.336,lost,,,,
32.350,lost,,,,
32.363,lost,,,,
32.376,lost,,,,
32.389,lost,,,,
32.402,lost,,,,
32.415,lost,,,,
32.428,lost,,,,
32.441,lost,,,,
32.455,lost,,,,
32.466,lost,,,,
32.478,lost,,,,
32.490,lost,,,,
32.502,lost,,,,
32.515,lost,,,,
32.527,lost,,,,
32.538,lost,,,,
32.550,lost,,,,
32.565,lost,,,,
32.576,lost,,,,
32.586,lost,,,,
32.600,lost,,,,
32.614,lost,,,,
32.626,lost,,,,
32.637,lost,,,,
32.649,lost,,,,
32.663,lost,,,,
32.675,lost,,,,
32.687,lost,,,,
32.703,lost,,,,
32.716,lost,,,,
32.727,lost,,,,
32.740,lost,,,,
32.752,lost,,,,
32.766,lost,,,,
32.778,lost,,,,
32.789,lost,,,,
32.800,lost,,,,
32.812,lost,,,,
32.828,lost,,,,
32.840,lost,,,,
32.851,lost,,,,
32.864,lost,,,,
32.879,lost,,,,
32.890,lost,,,,
32.901,lost,,,,
32.915,lost,,,,
32.931,lost,,,,
32.944,lost,,,,
32.955,lost,,,,
32.966,lost,,,,
32.981,lost,,,,
32.993,lost,,,,
33.004,lost,,,,
33.017,lost,,,,
33.030,lost,,,,
33.043,lost,,,,
33.057,lost,,,,
33.071,lost,,,,
33.086,lost,,,,
33.100,lost,,,,
33.113,lost,,,,
33.128,lost,,,,
33.141,lost,,,,
33.153,lost,,,,
33.166,lost,,,,
33.181,lost,,,,
33.195,lost,,,,
33.206,lost,,,,
33.221,lost,,,,
33.233,lost,,,,
33.243,lost,,,,
33.255,lost,,,,
33.270,lost,,,,
33.282,lost,,,,
33.293,lost,,,,
33.305,lost,,,,
33.317,lost,,,,
33.330,lost,,,,
33.344,lost,,,,
33.355,lost,,,,
33.368,lost,,,,
33.382,lost,,,,
33.393,lost,,,,
33.403,lost,,,,
33.417,lost,,,,
33.431,lost,,,,
33.446,lost,,,,
33.459,lost,,,,
33.471,lost,,,,
33.482,lost,,,,
33.497,lost,,,,
33.511,lost,,,,
33.523,lost,,,,
33.536,lost,,,,
33.549,lost,,,,
33.561,lost,,,,
33.572,lost,,,,
33.584,lost,,,,
33.597,lost,,,,
33.609,lost,,,,
33.620,lost,,,,
33.633,lost,,,,
33.648,lost,,,,
33.661,lost,,,,
33.670,lost,,,,
33.683,lost,,,,
33.698,lost,,,,
33.711,lost,,,,
33.722,lost,,,,
33.734,lost,,,,
33.749,lost,,,,
33.761,lost,,,,
33.773,lost,,,,
33.785,lost,,,,
33.800,lost,,,,
33.812,lost,,,,
33.823,lost,,,,
33.834,lost,,,,
33.848,lost,,,,
33.860,lost,,,,
33.874,lost,,,,
33.888,lost,,,,
33.900,lost,,,,
33.913,lost,,,,
33.925,lost,,,,
33.939,lost,,,,
33.950,lost,,,,
33.963,lost,,,,
33.974,lost,,,,
33.986,lost,,,,
33.999,lost,,,,
34.011,lost,,,,
34.023,lost,,,,
34.037,lost,,,,
34.049,lost,,,,
34.061,lost,,,,
34.074,lost,,,,
34.087,lost,,,,
34.100,lost,,,,
34.111,lost,,,,
34.123,lost,,,,
34.135,lost,,,,
34.150,lost,,,,
34.162,lost,,,,
34.173,lost,,,,
34.186,lost,,,,
34.200,lost,,,,
34.214,lost,,,,
34.227,lost,,,,
34.239,lost,,,,
34.253,lost,,,,
34.266,lost,,,,
34.278,lost,,,,
34.290,lost,,,,
34.304,lost,,,,
34.316,lost,,,,
34.329,lost,,,,
34.340,lost,,,,
34.353,lost,,,,
34.366,lost,,,,
34.379,lost,,,,
34.392,lost,,,,
34.405,lost,,,,
34.417,lost,,,,
34.429,lost,,,,
34.443,lost,,,,
34.458,lost,,,,
34.470,lost,,,,
34.482,lost,,,,
34.495,lost,,,,
34.509,lost,,,,
34.520,lost,,,,
34.532,lost,,,,
34.544,lost,,,,
34.557,lost,,,,
34.569,lost,,,,
34.582,lost,,,,
34.594,lost,,,,
34.608,lost,,,,
34.620,lost,,,,
34.632,lost,,,,
34.646,lost,,,,
34.662,lost,,,,
34.674,lost,,,,
34.686,lost,,,,
34.698,lost,,,,
34.712,lost,,,,
34.725,lost,,,,
34.737,lost,,,,
34.748,lost,,,,
34.762,lost,,,,
34.776,lost,,,,
34.790,lost,,,,
34.802,lost,,,,
34.814,lost,,,,
34.828,lost,,,,
34.841,lost,,,,
34.852,lost,,,,
34.864,lost,,,,
34.878,lost,,,,
34.892,lost,,,,
34.903,lost,,,,
34.917,lost,,,,
34.931,lost,,,,
34.943,lost,,,,
34.954,lost,,,,
34.965,lost,,,,
34.979,lost,,,,
34.992,lost,,,,
35.003,lost,,,,
35.015,lost,,,,
35.030,lost,,,,
35.043,lost,,,,
35.054,lost,,,,
35.065,lost,,,,
35.080,lost,,,,
35.093,lost,,,,
35.104,lost,,,,
35.115,lost,,,,
35.130,lost,,,,
35.143,lost,,,,
35.153,lost,,,,
35.167,lost,,,,
35.180,lost,,,,
35.192,lost,,,,
35.203,lost,,,,
35.216,lost,,,,
35.230,lost,,,,
35.243,lost,,,,
35.255,lost,,,,
35.268,lost,,,,
35.281,lost,,,,
35.294,lost,,,,
35.306,lost,,,,
35.320,lost,,,,
35.332,lost,,,,
35.346,lost,,,,
35.359,lost,,,,
35.374,lost,,,,
35.385,lost,,,,
35.398,lost,,,,
35.413,lost,,,,
35.427,lost,,,,
35.442,lost,,,,
35.453,lost,,,,
35.467,lost,,,,
35.480,lost,,,,
35.494,lost,,,,
35.504,lost,,,,
35.516,lost,,,,
35.528,lost,,,,
35.543,lost,,,,
35.556,lost,,,,
35.567,lost,,,,
35.580,lost,,,,
35.594,lost,,,,
35.608,lost,,,,
35.622,lost,,,,
35.634,lost,,,,
35.648,lost,,,,
35.661,lost,,,,
35.673,lost,,,,
35.686,lost,,,,
35.697,lost,,,,
35.708,lost,,,,
35.719,lost,,,,
35.733,lost,,,,
35.745,lost,,,,
35.758,lost,,,,
35.769,lost,,,,
35.781,lost,,,,
35.795,lost,,,,
35.808,lost,,,,
35.821,lost,,,,
35.834,lost,,,,
35.848,lost,,,,
35.861,lost,,,,
35.872,lost,,,,
35.881,lost,,,,
35.895,lost,,,,
35.909,lost,,,,
35.921,lost,,,,
35.934,lost,,,,
35.947,lost,,,,
35.961,lost,,,,
35.973,lost,,,,
35.985,lost,,,,
36.001,lost,,,,
36.014,lost,,,,
36.027,lost,,,,
36.038,lost,,,,
36.049,lost,,,,
36.064,lost,,,,
36.077,lost,,,,
36.089,lost,,,,
36.103,lost,,,,
36.114,lost,,,,
36.129,lost,,,,
36.142,lost,,,,
36.155,lost,,,,
36.168,lost,,,,
36.181,lost,,,,
36.194,lost,,,,
36.209,lost,,,,
36.225,lost,,,,
36.236,lost,,,,
36.249,lost,,,,
36.263,lost,,,,
36.275,lost,,,,
36.287,lost,,,,
36.300,lost,,,,
36.314,lost,,,,
36.326,lost,,,,
36.337,lost,,,,
36.348,lost,,,,
36.363,lost,,,,
36.378,lost,,,,
36.390,lost,,,,
36.403,lost,,,,
36.418,lost,,,,
36.430,lost,,,,
36.442,lost,,,,
36.454,lost,,,,
36.467,lost,,,,
36.481,lost,,,,
36.494,lost,,,,
36.504,lost,,,,
36.516,lost,,,,
36.530,lost,,,,
36.542,lost,,,,
36.553,lost,,,,
36.564,lost,,,,
36.576,lost,,,,
36.591,lost,,,,
36.603,lost,,,,
36.618,lost,,,,
36.630,lost,,,,
36.643,lost,,,,
36.654,lost,,,,
36.666,lost,,,,
36.680,lost,,,,
36.693,lost,,,,
36.703,lost,,,,
36.715,lost,,,,
36.729,lost,,,,
36.741,lost,,,,
36.753,lost,,,,
36.765,lost,,,,
36.780,lost,,,,
36.794,lost,,,,
36.804,lost,,,,
36.817,lost,,,,
36.832,lost,,,,
36.843,lost,,,,
36.853,lost,,,,
36.864,lost,,,,
36.880,lost,,,,
36.893,lost,,,,
36.904,lost,,,,
36.915,lost,,,,
36.929,lost,,,,
36.944,lost,,,,
36.957,lost,,,,
36.970,lost,,,,
36.982,lost,,,,
36.995,lost,,,,
37.008,lost,,,,
37.019,lost,,,,
37.033,lost,,,,
37.049,lost,,,,
37.060,lost,,,,
37.072,lost,,,,
37.085,lost,,,,
37.099,lost,,,,
37.112,lost,,,,
37.125,lost,,,,
37.138,lost,,,,
37.149,lost,,,,
37.160,lost,,,,
37.173,lost,,,,
37.186,lost,,,,
37.199,lost,,,,
37.212,lost,,,,
37.224,lost,,,,
37.235,lost,,,,
37.249,lost,,,,
37.262,lost,,,,
37.274,lost,,,,
37.285,lost,,,,
37.300,lost,,,,
37.314,lost,,,,
37.325,lost,,,,
37.338,lost,,,,
37.352,lost,,,,
37.365,lost,,,,
37.378,lost,,,,
37.394,lost,,,,
37.407,lost,,,,
37.418,lost,,,,
37.430,lost,,,,
37.445,lost,,,,
37.459,lost,,,,
37.470,lost,,,,
37.481,lost,,,,
37.494,lost,,,,
37.510,lost,,,,
37.522,lost,,,,
37.535,lost,,,,
37.546,lost,,,,
37.560,lost,,,,
37.573,lost,,,,
37.585,lost,,,,
37.596,lost,,,,
37.609,lost,,,,
37.622,lost,,,,
37.634,lost,,,,
37.647,lost,,,,
37.660,lost,,,,
37.672,lost,,,,
37.685,lost,,,,
37.697,lost,,,,
37.712,lost,,,,
37.725,lost,,,,
37.736,lost,,,,
37.748,lost,,,,
37.761,lost,,,,
37.775,lost,,,,
37.787,lost,,,,
37.800,lost,,,,
37.814,lost,,,,
37.826,lost,,,,
37.837,lost,,,,
37.851,lost,,,,
37.865,lost,,,,
37.878,lost,,,,
37.890,lost,,,,
37.903,lost,,,,
37.916,lost,,,,
37.928,lost,,,,
37.939,lost,,,,
37.950,lost,,,,
37.964,lost,,,,
37.976,lost,,,,
37.988,lost,,,,
38.002,lost,,,,
38.015,lost,,,,
38.026,lost,,,,
38.037,lost,,,,
38.052,lost,,,,
38.066,lost,,,,
38.078,lost,,,,
38.090,lost,,,,
38.103,lost,,,,
38.116,lost,,,,
38.128,lost,,,,
38.139,lost,,,,
38.152,lost,,,,
38.166,lost,,,,
38.178,lost,,,,
38.190,lost,,,,
38.203,lost,,,,
38.217,lost,,,,
38.230,lost,,,,
38.242,lost,,,,
38.254,lost,,,,
38.266,lost,,,,
38.279,lost,,,,
38.291,lost,,,,
38.302,lost,,,,
38.313,lost,,,,
38.327,lost,,,,
38.340,lost,,,,
38.352,lost,,,,
38.365,lost,,,,
38.380,lost,,,,
38.393,lost,,,,
38.404,lost,,,,
38.417,lost,,,,
38.431,lost,,,,
38.443,lost,,,,
38.454,lost,,,,
38.465,lost,,,,
38.479,lost,,,,
38.491,lost,,,,
38.503,lost,,,,
38.515,lost,,,,
38.529,lost,,,,
38.541,lost,,,,
38.553,lost,,,,
38.566,lost,,,,
38.580,lost,,,,
38.593,lost,,,,
38.604,lost,,,,
38.616,lost,,,,
38.629,lost,,,,
38.641,lost,,,,
38.653,lost,,,,
38.664,lost,,,,
38.678,lost,,,,
38.693,lost,,,,
38.705,lost,,,,
38.717,lost,,,,
38.733,lost,,,,
38.745,lost,,,,
38.758,lost,,,,
38.772,lost,,,,
38.786,lost,,,,
38.800,lost,,,,
38.812,lost,,,,
38.829,lost,,,,
38.842,lost,,,,
38.854,lost,,,,
38.868,lost,,,,
38.881,lost,,,,
38.896,lost,,,,
38.908,lost,,,,
38.921,lost,,,,
38.935,lost,,,,
38.950,lost,,,,
38.962,lost,,,,
38.974,lost,,,,
38.987,lost,,,,
39.000,lost,,,,
39.012,lost,,,,
39.025,lost,,,,
39.038,lost,,,,
39.050,lost,,,,
39.062,lost,,,,
39.074,lost,,,,
39.088,lost,,,,
39.099,lost,,,,
39.111,lost,,,,
39.121,lost,,,,
39.134,lost,,,,
39.149,lost,,,,
39.161,lost,,,,
39.174,lost,,,,
39.186,lost,,,,
39.200,lost,,,,
39.212,lost,,,,
39.224,lost,,,,
39.238,lost,,,,
39.252,lost,,,,
39.265,lost,,,,
39.277,lost,,,,
39.291,lost,,,,
39.304,lost,,,,
39.315,lost,,,,
39.330,lost,,,,
39.344,lost,,,,
39.356,lost,,,,
39.369,lost,,,,
39.380,lost,,,,
39.394,lost,,,,
39.406,lost,,,,
39.420,lost,,,,
39.432,lost,,,,
39.446,lost,,,,
39.458,lost,,,,
39.469,lost,,,,
39.480,lost,,,,
39.496,lost,,,,
39.509,lost,,,,
39.520,lost,,,,
39.532,lost,,,,
39.544,lost,,,,
39.557,lost,,,,
39.569,lost,,,,
39.581,lost,,,,
39.594,lost,,,,
39.609,lost,,,,
39.621,lost,,,,
39.633,lost,,,,
39.646,lost,,,,
39.661,lost,,,,
39.674,lost,,,,
39.686,lost,,,,
39.700,lost,,,,
39.712,lost,,,,
39.724,lost,,,,
39.735,lost,,,,
39.747,lost,,,,
39.761,lost,,,,
39.773,lost,,,,
39.784,lost,,,,
39.796,lost,,,,
39.808,lost,,,,
39.819,lost,,,,
39.831,lost,,,,
39.845,lost,,,,
39.859,lost,,,,
39.872,lost,,,,
39.884,lost,,,,
39.896,lost,,,,
39.909,lost,,,,
39.921,lost,,,,
39.934,lost,,,,
39.949,lost,,,,
39.962,lost,,,,
39.974,lost,,,,
39.985,lost,,,,
39.997,lost,,,,
40.010,lost,,,,
40.023,lost,,,,
40.036,lost,,,,
40.049,lost,,,,
40.062,lost,,,,
40.074,lost,,,,
40.085,lost,,,,
40.098,lost,,,,
40.113,lost,,,,
40.126,lost,,,,
40.137,lost,,,,
40.150,lost,,,,
40.163,lost,,,,
40.177,lost,,,,
40.190,lost,,,,
40.202,lost,,,,
40.215,lost,,,,
40.228,lost,,,,
40.241,lost,,,,
40.253,lost,,,,
40.267,lost,,,,
40.282,lost,,,,
40.295,lost,,,,
40.306,lost,,,,
40.320,lost,,,,
40.333,lost,,,,
40.345,lost,,,,
40.358,lost,,,,
40.369,lost,,,,
40.383,lost,,,,
40.395,lost,,,,
40.407,lost,,,,
40.419,lost,,,,
40.433,lost,,,,
40.445,lost,,,,
40.456,lost,,,,
40.468,lost,,,,
40.483,lost,,,,
40.496,lost,,,,
40.508,lost,,,,
40.521,lost,,,,
40.534,lost,,,,
40.546,lost,,,,
40.559,lost,,,,
40.574,lost,,,,
40.586,lost,,,,
40.599,lost,,,,
40.613,lost,,,,
40.627,lost,,,,
40.641,lost,,,,
40.653,lost,,,,
40.664,lost,,,,
40.678,lost,,,,
40.692,lost,,,,
40.704,lost,,,,
40.717,lost,,,,
40.729,lost,,,,
40.743,lost,,,,
40.757,lost,,,,
40.769,lost,,,,
40.781,lost,,,,
40.796,lost,,,,
40.808,lost,,,,
40.820,lost,,,,
40.834,lost,,,,
40.847,lost,,,,
40.862,lost,,,,
40.873,lost,,,,
40.887,lost,,,,
40.900,lost,,,,
40.913,lost,,,,
40.924,lost,,,,
40.936,lost,,,,
40.950,lost,,,,
40.962,lost,,,,
40.974,lost,,,,
40.988,lost,,,,
41.004,lost,,,,
41.016,lost,,,,
41.026,lost,,,,
41.040,lost,,,,
41.056,lost,,,,
41.070,lost,,,,
41.080,lost,,,,
41.092,lost,,,,
41.107,lost,,,,
41.121,lost,,,,
41.133,lost,,,,
41.145,lost,,,,
41.159,lost,,,,
41.170,lost,,,,
41.182,lost,,,,
41.196,lost,,,,
41.210,lost,,,,
41.222,lost,,,,
41.234,lost,,,,
41.246,lost,,,,
41.261,lost,,,,
41.273,lost,,,,
41.285,lost,,,,
41.299,lost,,,,
41.310,lost,,,,
41.325,lost,,,,
41.337,lost,,,,
41.350,lost,,,,
41.362,lost,,,,
41.376,lost,,,,
41.387,lost,,,,
41.399,lost,,,,
41.412,lost,,,,
41.426,lost,,,,
41.439,lost,,,,
41.451,lost,,,,
41.464,lost,,,,
41.478,lost,,,,
41.490,lost,,,,
41.502,lost,,,,
41.515,lost,,,,
41.529,lost,,,,
41.541,lost,,,,
41.553,lost,,,,
41.566,lost,,,,
41.580,lost,,,,
41.592,lost,,,,
41.603,lost,,,,
41.614,lost,,,,
41.628,lost,,,,
41.641,lost,,,,
41.653,lost,,,,
41.666,lost,,,,
41.677,lost,,,,
41.690,lost,,,,
41.704,lost,,,,
41.715,lost,,,,
41.727,lost,,,,
41.743,lost,,,,
41.756,lost,,,,
41.766,lost,,,,
41.778,lost,,,,
41.791,lost,,,,
41.805,lost,,,,
41.816,lost,,,,
41.829,lost,,,,
41.841,lost,,,,
41.855,lost,,,,
41.870,lost,,,,
41.883,lost,,,,
41.895,lost,,,,
41.908,lost,,,,
41.921,lost,,,,
41.932,lost,,,,
41.944,lost,,,,
41.957,lost,,,,
41.969,lost,,,,
41.983,lost,,,,
41.997,lost,,,,
42.010,lost,,,,
42.024,lost,,,,
42.037,lost,,,,
42.048,lost,,,,
42.060,lost,,,,
42.073,lost,,,,
42.087,lost,,,,
42.100,lost,,,,
42.112,lost,,,,
42.128,lost,,,,
42.141,lost,,,,
42.152,lost,,,,
42.165,lost,,,,
42.179,lost,,,,
42.194,lost,,,,
42.208,lost,,,,
42.223,lost,,,,
42.238,lost,,,,
42.250,lost,,,,
42.262,lost,,,,
42.274,lost,,,,
42.287,lost,,,,
42.302,lost,,,,
42.313,lost,,,,
42.324,lost,,,,
42.336,lost,,,,
42.351,lost,,,,
42.364,lost,,,,
42.377,lost,,,,
42.391,lost,,,,
42.403,lost,,,,
42.416,lost,,,,
42.427,lost,,,,
42.439,lost,,,,
42.453,lost,,,,
42.467,lost,,,,
42.479,lost,,,,
42.491,lost,,,,
42.505,lost,,,,
42.519,lost,,,,
42.532,lost,,,,
42.546,lost,,,,
42.561,lost,,,,
42.573,lost,,,,
42.585,lost,,,,
42.599,lost,,,,
42.613,lost,,,,
42.625,lost,,,,
42.637,lost,,,,
42.650,lost,,,,
42.665,lost,,,,
42.678,lost,,,,
42.690,lost,,,,
42.702,lost,,,,
42.717,lost,,,,
42.732,lost,,,,
42.746,lost,,,,
42.758,lost,,,,
42.773,lost,,,,
42.786,lost,,,,
42.799,lost,,,,
42.812,lost,,,,
42.826,lost,,,,
42.839,lost,,,,
42.852,lost,,,,
42.863,lost,,,,
42.878,lost,,,,
42.892,lost,,,,
42.904,lost,,,,
42.920,lost,,,,
42.935,lost,,,,
42.951,lost,,,,
42.970,lost,,,,
42.981,lost,,,,
42.995,lost,,,,
43.007,lost,,,,
43.018,lost,,,,
43.030,lost,,,,
43.042,lost,,,,
43.053,lost,,,,
43.065,lost,,,,
43.080,lost,,,,
43.096,lost,,,,
43.109,lost,,,,
43.121,lost,,,,
43.138,lost,,,,
43.154,lost,,,,
43.174,lost,,,,
43.192,lost,,,,
43.210,lost,,,,
43.224,lost,,,,
43.240,lost,,,,
43.254,lost,,,,
43.267,lost,,,,
43.284,lost,,,,
43.300,lost,,,,
43.315,lost,,,,
43.331,lost,,,,
43.347,lost,,,,
43.363,lost,,,,
43.376,lost,,,,
43.391,lost,,,,
43.403,lost,,,,
43.416,lost,,,,
43.433,lost,,,,
43.449,lost,,,,
43.465,lost,,,,
43.479,lost,,,,
43.495,lost,,,,
43.508,lost,,,,
43.523,lost,,,,
43.536,lost,,,,
43.553,lost,,,,
43.567,lost,,,,
43.580,lost,,,,
43.594,lost,,,,
43.607,lost,,,,
43.620,lost,,,,
43.632,lost,,,,
43.645,lost,,,,
43.658,lost,,,,
43.673,lost,,,,
43.689,lost,,,,
43.701,lost,,,,
43.714,lost,,,,
43.730,lost,,,,
43.742,lost,,,,
43.754,lost,,,,
43.772,lost,,,,
43.788,lost,,,,
43.803,lost,,,,
43.818,lost,,,,
43.832,lost,,,,
43.847,lost,,,,
43.864,lost,,,,
43.880,lost,,,,
43.897,lost,,,,
43.914,lost,,,,
43.934,lost,,,,
43.951,lost,,,,
43.969,lost,,,,
43.985,lost,,,,
44.003,lost,,,,
44.020,lost,,,,
44.035,lost,,,,
44.052,lost,,,,
44.071,lost,,,,
44.088,lost,,,,
44.106,lost,,,,
44.124,lost,,,,
44.140,lost,,,,
44.157,lost,,,,
44.172,lost,,,,
44.187,lost,,,,
44.204,lost,,,,
44.221,lost,,,,
44.238,lost,,,,
44.254,lost,,,,
44.270,lost,,,,
44.283,lost,,,,
44.301,lost,,,,
44.315,lost,,,,
44.332,lost,,,,
44.347,lost,,,,
44.363,lost,,,,
44.375,lost,,,,
44.387,lost,,,,
44.400,lost,,,,
44.411,lost,,,,
44.425,lost,,,,
44.436,lost,,,,
44.450,lost,,,,
44.464,lost,,,,
44.475,lost,,,,
44.489,lost,,,,
44.501,lost,,,,
44.512,lost,,,,
44.526,lost,,,,
44.536,lost,,,,
44.548,lost,,,,
44.562,lost,,,,
44.574,lost,,,,
44.587,lost,,,,
44.599,lost,,,,
44.611,lost,,,,
44.623,lost,,,,
44.635,lost,,,,
44.647,lost,,,,
44.660,lost,,,,
44.669,lost,,,,
44.679,lost,,,,
44.692,lost,,,,
44.706,lost,,,,
44.722,lost,,,,
44.731,lost,,,,
44.745,lost,,,,
44.759,lost,,,,
44.774,lost,,,,
44.789,lost,,,,
44.802,lost,,,,
44.818,lost,,,,
44.832,lost,,,,
44.846,lost,,,,
44.860,lost,,,,
44.873,lost,,,,
44.887,lost,,,,
44.900,lost,,,,
44.913,lost,,,,
44.928,lost,,,,
44.942,lost,,,,
44.955,lost,,,,
44.966,lost,,,,
44.977,lost,,,,
44.989,lost,,,,
44.999,target,0.209,-0.204,2.213,1
45.012,target,0.209,-0.204,2.213,1
45.027,target,0.209,-0.204,2.213,1
45.040,target,0.209,-0.204,2.213,1
45.052,target,0.209,-0.204,2.213,1
45.066,target,0.209,-0.204,2.213,1
45.079,target,0.209,-0.204,2.213,1
45.093,target,0.209,-0.204,2.213,1
45.105,target,0.209,-0.204,2.213,1
45.117,target,0.209,-0.204,2.213,1
45.132,target,0.209,-0.204,2.213,1
45.144,target,0.209,-0.204,2.213,1
45.157,target,0.209,-0.204,2.213,1
45.171,target,0.209,-0.204,2.213,1
45.186,target,0.209,-0.204,2.213,1
45.200,target,0.209,-0.204,2.213,1
45.212,target,0.209,-0.204,2.213,1
45.224,target,0.209,-0.204,2.213,1
45.233,target,0.209,-0.204,2.213,1
45.242,target,0.209,-0.204,2.213,1
45.253,target,0.209,-0.204,2.213,1
45.263,target,0.209,-0.204,2.213,1
45.277,target,0.209,-0.204,2.213,1
45.289,target,0.209,-0.204,2.213,1
45.301,target,0.209,-0.204,2.213,1
45.313,target,0.209,-0.204,2.213,1
45.328,target,0.209,-0.204,2.213,1
45.338,target,0.209,-0.204,2.213,1
45.347,target,0.209,-0.204,2.213,1
45.359,target,0.209,-0.204,2.213,1
45.368,target,0.209,-0.204,2.213,1
45.377,target,0.209,-0.204,2.213,1
45.387,target,0.209,-0.204,2.213,1
45.398,target,0.209,-0.204,2.213,1
45.408,target,0.209,-0.204,2.213,1
45.418,target,0.209,-0.204,2.213,1
45.430,target,0.209,-0.204,2.213,1
45.442,target,0.209,-0.204,2.213,1
45.456,target,0.209,-0.204,2.213,1
45.469,target,0.209,-0.204,2.213,1
45.478,target,0.209,-0.204,2.213,1
45.488,target,0.209,-0.204,2.213,1
45.495,target,0.209,-0.204,2.213,1
45.507,target,0.209,-0.204,2.213,1
45.518,lost,,,,
45.530,lost,,,,
45.538,lost,,,,
45.548,lost,,,,
45.560,lost,,,,
45.571,lost,,,,
45.583,lost,,,,
45.595,lost,,,,
45.608,lost,,,,
45.621,lost,,,,
45.633,lost,,,,
45.644,lost,,,,
45.657,lost,,,,
45.669,lost,,,,
45.680,lost,,,,
45.692,lost,,,,
45.706,lost,,,,
45.720,lost,,,,
45.733,lost,,,,
45.746,lost,,,,
45.761,lost,,,,
45.771,lost,,,,
45.781,lost,,,,
45.793,lost,,,,
45.802,lost,,,,
45.812,lost,,,,
45.825,lost,,,,
45.834,lost,,,,
45.847,lost,,,,
45.861,lost,,,,
45.871,lost,,,,
45.881,lost,,,,
45.894,lost,,,,
45.903,lost,,,,
45.913,lost,,,,
45.925,lost,,,,
45.935,lost,,,,
45.946,lost,,,,
45.959,lost,,,,
45.969,lost,,,,
45.979,lost,,,,
45.992,lost,,,,
46.002,lost,,,,
46.012,lost,,,,
46.023,lost,,,,
46.032,lost,,,,
46.041,lost,,,,
46.052,lost,,,,
46.063,lost,,,,
46.072,lost,,,,
46.082,lost,,,,
46.094,lost,,,,
46.104,lost,,,,
46.114,lost,,,,
46.127,lost,,,,
46.136,lost,,,,
46.146,lost,,,,
46.158,lost,,,,
46.168,lost,,,,
46.178,lost,,,,
46.191,lost,,,,
46.203,lost,,,,
46.214,lost,,,,
46.227,lost,,,,
46.240,lost,,,,
46.252,lost,,,,
46.264,lost,,,,
46.273,lost,,,,
46.282,lost,,,,
46.293,lost,,,,
46.302,lost,,,,
46.313,lost,,,,
46.325,lost,,,,
46.333,lost,,,,
46.341,lost,,,,
46.349,lost,,,,
46.361,lost,,,,
46.371,lost,,,,
46.382,lost,,,,
46.393,lost,,,,
46.401,lost,,,,
46.411,lost,,,,
46.422,lost,,,,
46.431,lost,,,,
46.440,lost,,,,
46.451,lost,,,,
46.462,lost,,,,
46.472,lost,,,,
46.482,lost,,,,
46.492,lost,,,,
46.502,lost,,,,
46.512,lost,,,,
46.523,lost,,,,
46.531,lost,,,,
46.540,lost,,,,
46.550,lost,,,,
46.560,lost,,,,
46.568,lost,,,,
46.578,lost,,,,
46.589,lost,,,,
46.598,lost,,,,
46.609,lost,,,,
46.621,lost,,,,
46.633,lost,,,,
46.644,lost,,,,
46.658,lost,,,,
46.669,lost,,,,
46.679,lost,,,,
46.692,lost,,,,
46.702,lost,,,,
46.713,lost,,,,
46.725,lost,,,,
46.734,lost,,,,
46.743,lost,,,,
46.751,lost,,,,
46.763,lost,,,,
46.773,lost,,,,
46.782,lost,,,,
46.793,lost,,,,
46.801,lost,,,,
46.811,lost,,,,
46.822,lost,,,,
46.831,lost,,,,
46.841,lost,,,,
46.850,lost,,,,
46.860,lost,,,,
46.868,lost,,,,
46.878,lost,,,,
46.891,lost,,,,
46.902,lost,,,,
46.912,lost,,,,
46.924,lost,,,,
46.936,lost,,,,
46.947,lost,,,,
46.960,lost,,,,
46.971,lost,,,,
46.980,lost,,,,
46.993,lost,,,,
47.002,lost,,,,
47.010,lost,,,,
47.021,lost,,,,
47.031,lost,,,,
47.043,lost,,,,
47.054,lost,,,,
47.065,lost,,,,
47.074,lost,,,,
47.082,lost,,,,
47.092,lost,,,,
47.101,lost,,,,
47.112,lost,,,,
47.123,lost,,,,
47.133,lost,,,,
47.144,lost,,,,
47.158,lost,,,,
47.167,lost,,,,
47.176,lost,,,,
47.185,lost,,,,
47.196,lost,,,,
47.209,lost,,,,
47.223,lost,,,,
47.234,lost,,,,
47.243,lost,,,,
47.253,lost,,,,
47.263,lost,,,,
47.271,lost,,,,
47.281,lost,,,,
47.293,lost,,,,
47.303,lost,,,,
47.313,lost,,,,
47.326,lost,,,,
47.334,lost,,,,
47.342,lost,,,,
47.351,lost,,,,
47.361,lost,,,,
47.368,lost,,,,
47.376,lost,,,,
47.385,lost,,,,
47.394,lost,,,,
47.407,lost,,,,
47.418,lost,,,,
47.432,lost,,,,
47.445,lost,,,,
47.459,lost,,,,
47.474,lost,,,,
47.485,lost,,,,
47.495,lost,,,,
47.506,lost,,,,
47.516,lost,,,,
47.528,lost,,,,
47.541,lost,,,,
47.553,lost,,,,
47.565,lost,,,,
47.576,lost,,,,
47.587,lost,,,,
47.600,lost,,,,
47.609,lost,,,,
47.619,lost,,,,
47.629,lost,,,,
47.641,lost,,,,
47.653,lost,,,,
47.663,lost,,,,
47.671,lost,,,,
47.681,lost,,,,
47.693,lost,,,,
47.701,lost,,,,
47.711,lost,,,,
47.723,lost,,,,
47.732,lost,,,,
47.743,lost,,,,
47.756,lost,,,,
47.766,lost,,,,
47.775,lost,,,,
47.783,lost,,,,
47.795,lost,,,,
47.804,lost,,,,
47.814,lost,,,,
47.827,lost,,,,
47.838,lost,,,,
47.849,lost,,,,
47.863,lost,,,,
47.874,lost,,,,
47.887,lost,,,,
47.899,lost,,,,
47.910,lost,,,,
47.920,lost,,,,
47.935,lost,,,,
47.944,lost,,,,
47.955,lost,,,,
47.966,lost,,,,
47.978,lost,,,,
47.992,lost,,,,
48.003,lost,,,,
48.014,lost,,,,
48.028,lost,,,,
48.037,lost,,,,
48.046,lost,,,,
48.057,lost,,,,
48.066,lost,,,,
48.075,lost,,,,
48.084,lost,,,,
48.093,lost,,,,
48.105,lost,,,,
48.118,lost,,,,
48.129,lost,,,,
48.139,lost,,,,
48.150,lost,,,,
48.159,lost,,,,
48.169,lost,,,,
48.179,lost,,,,
48.189,lost,,,,
48.199,lost,,,,
48.210,lost,,,,
48.223,lost,,,,
48.237,lost,,,,
48.251,lost,,,,
48.260,lost,,,,
48.269,lost,,,,
48.279,lost,,,,
48.288,lost,,,,
48.299,lost,,,,
48.312,lost,,,,
48.322,lost,,,,
48.331,lost,,,,
48.342,lost,,,,
48.352,lost,,,,
48.363,lost,,,,
48.377,lost,,,,
48.389,lost,,,,
48.399,lost,,,,
48.410,lost,,,,
48.420,lost,,,,
48.430,lost,,,,
48.440,lost,,,,
48.450,lost,,,,
48.460,lost,,,,
48.472,lost,,,,
48.482,lost,,,,
48.492,lost,,,,
48.500,lost,,,,
48.512,lost,,,,
48.524,lost,,,,
48.537,lost,,,,
48.549,lost,,,,
48.559,lost,,,,
48.568,lost,,,,
48.579,lost,,,,
48.591,lost,,,,
48.603,lost,,,,
48.615,lost,,,,
48.625,lost,,,,
48.637,lost,,,,
48.648,lost,,,,
48.658,lost,,,,
48.669,lost,,,,
48.681,lost,,,,
48.694,lost,,,,
48.708,lost,,,,
48.722,lost,,,,
48.736,lost,,,,
48.748,lost,,,,
48.758,lost,,,,
48.767,lost,,,,
48.779,lost,,,,
48.793,lost,,,,
48.806,lost,,,,
48.818,lost,,,,
48.828,lost,,,,
48.840,lost,,,,
48.851,lost,,,,
48.861,lost,,,,
48.875,lost,,,,
48.886,lost,,,,
48.896,lost,,,,
48.909,lost,,,,
48.919,lost,,,,
48.929,lost,,,,
48.941,lost,,,,
48.953,lost,,,,
48.964,lost,,,,
48.976,lost,,,,
48.987,lost,,,,
48.998,lost,,,,
49.011,lost,,,,
49.024,lost,,,,
49.037,lost,,,,
49.049,lost,,,,
49.058,lost,,,,
49.069,lost,,,,
49.081,lost,,,,
49.091,lost,,,,
49.100,lost,,,,
49.113,lost,,,,
49.123,lost,,,,
49.132,lost,,,,
49.144,lost,,,,
49.155,lost,,,,
49.165,lost,,,,
49.178,lost,,,,
49.189,lost,,,,
49.199,lost,,,,
49.213,lost,,,,
49.225,lost,,,,
49.238,lost,,,,
49.251,lost,,,,
49.263,lost,,,,
49.274,lost,,,,
49.285,lost,,,,
49.295,lost,,,,
49.304,lost,,,,
49.314,lost,,,,
49.326,lost,,,,
49.339,lost,,,,
49.354,lost,,,,
49.366,lost,,,,
49.379,lost,,,,
49.393,lost,,,,
49.405,lost,,,,
49.416,lost,,,,
49.431,lost,,,,
49.445,lost,,,,
49.461,lost,,,,
49.475,lost,,,,
49.492,lost,,,,
49.506,lost,,,,
49.520,lost,,,,
49.531,lost,,,,
49.542,lost,,,,
49.551,lost,,,,
49.563,lost,,,,
49.577,lost,,,,
49.593,lost,,,,
49.605,lost,,,,
49.618,lost,,,,
49.629,lost,,,,
49.639,lost,,,,
49.651,lost,,,,
49.663,lost,,,,
49.676,lost,,,,
49.691,lost,,,,
49.706,lost,,,,
49.718,lost,,,,
49.733,lost,,,,
49.751,lost,,,,
49.763,lost,,,,
49.776,lost,,,,
49.791,lost,,,,
49.805,lost,,,,
49.819,lost,,,,
49.831,lost,,,,
49.847,lost,,,,
49.860,lost,,,,
49.872,lost,,,,
49.885,lost,,,,
49.902,lost,,,,
49.918,lost,,,,
49.931,lost,,,,
49.945,lost,,,,
49.959,lost,,,,
49.973,lost,,,,
49.988,lost,,,,
50.002,lost,,,,
50.017,lost,,,,
50.029,lost,,,,
50.043,lost,,,,
50.056,lost,,,,
50.068,lost,,,,
50.080,lost,,,,
50.091,lost,,,,
50.102,lost,,,,
50.114,lost,,,,
50.126,lost,,,,
50.141,lost,,,,
50.153,lost,,,,
50.165,lost,,,,
50.181,lost,,,,
50.192,lost,,,,
50.204,lost,,,,
50.215,lost,,,,
50.228,lost,,,,
50.244,lost,,,,
50.254,lost,,,,
50.265,lost,,,,
50.278,lost,,,,
50.289,lost,,,,
50.298,lost,,,,
50.310,lost,,,,
50.322,lost,,,,
50.334,lost,,,,
50.347,lost,,,,
50.359,lost,,,,
50.374,lost,,,,
50.384,lost,,,,
50.393,lost,,,,
50.404,lost,,,,
50.415,lost,,,,
50.426,lost,,,,
50.438,lost,,,,
50.448,lost,,,,
50.459,lost,,,,
50.469,lost,,,,
50.483,lost,,,,
50.497,lost,,,,
50.511,lost,,,,
50.522,lost,,,,
50.535,lost,,,,
50.547,lost,,,,
50.557,lost,,,,
50.568,lost,,,,
50.579,lost,,,,
50.589,lost,,,,
50.601,lost,,,,
50.612,lost,,,,
50.621,lost,,,,
50.631,lost,,,,
50.644,lost,,,,
50.653,lost,,,,
50.665,lost,,,,
50.676,lost,,,,
50.686,lost,,,,
50.697,lost,,,,
50.708,lost,,,,
50.718,lost,,,,
50.729,lost,,,,
50.743,lost,,,,
50.756,lost,,,,
50.770,lost,,,,
50.782,lost,,,,
50.792,lost,,,,
50.800,lost,,,,
50.813,lost,,,,
50.824,lost,,,,
50.837,lost,,,,
50.848,lost,,,,
50.860,lost,,,,
50.870,lost,,,,
50.880,lost,,,,
50.891,lost,,,,
50.902,lost,,,,
50.912,lost,,,,
50.925,lost,,,,
50.941,lost,,,,
50.951,lost,,,,
50.961,lost,,,,
50.970,lost,,,,
50.983,lost,,,,
50.997,lost,,,,
51.011,lost,,,,
51.022,lost,,,,
51.033,lost,,,,
51.044,lost,,,,
51.055,lost,,,,
51.066,lost,,,,
51.078,lost,,,,
51.088,lost,,,,
51.099,lost,,,,
51.110,lost,,,,
51.120,lost,,,,
51.131,lost,,,,
51.143,lost,,,,
51.152,lost,,,,
51.162,lost,,,,
51.174,lost,,,,
51.187,lost,,,,
51.200,lost,,,,
51.213,lost,,,,
51.226,lost,,,,
51.243,lost,,,,
51.253,lost,,,,
51.265,lost,,,,
51.276,lost,,,,
51.286,lost,,,,
51.296,lost,,,,
51.309,lost,,,,
51.319,lost,,,,
51.330,lost,,,,
51.342,lost,,,,
51.352,lost,,,,
51.362,lost,,,,
51.371,lost,,,,
51.382,lost,,,,
51.396,lost,,,,
51.411,lost,,,,
51.423,lost,,,,
51.433,lost,,,,
51.445,lost,,,,
51.457,lost,,,,
51.467,lost,,,,
51.480,lost,,,,
51.491,lost,,,,
51.502,lost,,,,
51.511,lost,,,,
51.523,lost,,,,
51.533,lost,,,,
51.547,lost,,,,
51.559,lost,,,,
51.570,lost,,,,
51.579,lost,,,,
51.590,lost,,,,
51.601,lost,,,,
51.612,lost,,,,
51.625,lost,,,,
51.638,lost,,,,
51.649,lost,,,,
51.662,lost,,,,
51.676,lost,,,,
51.690,lost,,,,
51.704,lost,,,,
51.716,lost,,,,
51.729,lost,,,,
51.746,lost,,,,
51.761,lost,,,,
51.778,lost,,,,
51.792,lost,,,,
51.805,lost,,,,
51.817,lost,,,,
51.828,lost,,,,
51.841,lost,,,,
51.852,lost,,,,
51.862,lost,,,,
51.872,lost,,,,
51.884,lost,,,,
51.895,lost,,,,
51.909,lost,,,,
51.921,lost,,,,
51.933,lost,,,,
51.947,lost,,,,
51.960,lost,,,,
51.973,lost,,,,
51.987,lost,,,,
52.003,lost,,,,
52.016,lost,,,,
52.028,lost,,,,
52.043,lost,,,,
52.056,lost,,,,
52.069,lost,,,,
52.081,lost,,,,
52.094,lost,,,,
52.108,lost,,,,
52.121,lost,,,,
52.135,lost,,,,
52.149,lost,,,,
52.162,lost,,,,
52.174,lost,,,,
52.185,lost,,,,
52.198,lost,,,,
52.210,lost,,,,
52.219,lost,,,,
52.231,lost,,,,
52.242,lost,,,,
52.255,lost,,,,
52.267,lost,,,,
52.280,lost,,,,
52.293,lost,,,,
52.306,lost,,,,
52.318,lost,,,,
52.334,lost,,,,
52.350,lost,,,,
52.367,lost,,,,
52.379,lost,,,,
52.394,lost,,,,
52.406,lost,,,,
52.418,lost,,,,
52.432,lost,,,,
52.444,lost,,,,
52.457,lost,,,,
52.470,lost,,,,
52.481,lost,,,,
52.496,lost,,,,
52.509,lost,,,,
52.520,lost,,,,
52.532,lost,,,,
52.544,lost,,,,
52.557,lost,,,,
52.570,lost,,,,
52.582,lost,,,,
52.598,lost,,,,
52.613,lost,,,,
52.627,lost,,,,
52.638,lost,,,,
52.650,lost,,,,
52.665,lost,,,,
52.677,lost,,,,
52.691,lost,,,,
52.703,lost,,,,
52.716,lost,,,,
52.730,lost,,,,
52.743,lost,,,,
52.761,lost,,,,
52.772,lost,,,,
52.784,lost,,,,
52.798,lost,,,,
52.811,lost,,,,
52.827,lost,,,,
52.841,lost,,,,
52.856,lost,,,,
52.869,lost,,,,
52.880,lost,,,,
52.894,lost,,,,
52.908,lost,,,,
52.921,lost,,,,
52.932,lost,,,,
52.942,lost,,,,
52.953,lost,,,,
52.962,lost,,,,
52.974,lost,,,,
52.989,lost,,,,
53.003,lost,,,,
53.018,lost,,,,
53.032,lost,,,,
53.046,lost,,,,
53.061,lost,,,,
53.074,lost,,,,
53.088,lost,,,,
53.100,lost,,,,
53.112,lost,,,,
53.124,lost,,,,
53.136,lost,,,,
53.149,lost,,,,
53.163,lost,,,,
53.175,lost,,,,
53.188,lost,,,,
53.201,lost,,,,
53.212,lost,,,,
53.226,lost,,,,
53.239,lost,,,,
53.252,lost,,,,
53.263,lost,,,,
53.275,lost,,,,
53.288,lost,,,,
53.298,lost,,,,
53.313,lost,,,,
53.326,lost,,,,
53.339,lost,,,,
53.353,lost,,,,
53.366,lost,,,,
53.379,lost,,,,
53.394,lost,,,,
53.407,lost,,,,
53.418,lost,,,,
53.433,lost,,,,
53.444,lost,,,,
53.455,lost,,,,
53.465,lost,,,,
53.477,lost,,,,
53.489,lost,,,,
53.500,lost,,,,
53.511,lost,,,,
53.522,lost,,,,
53.533,lost,,,,
53.543,lost,,,,
53.553,lost,,,,
53.564,lost,,,,
53.575,lost,,,,
53.585,lost,,,,
53.597,lost,,,,
53.608,lost,,,,
53.619,lost,,,,
53.630,lost,,,,
53.642,lost,,,,
53.653,lost,,,,
53.663,lost,,,,
53.673,lost,,,,
53.685,lost,,,,
53.696,lost,,,,
53.706,lost,,,,
53.718,lost,,,,
53.733,lost,,,,
53.745,lost,,,,
53.759,lost,,,,
53.769,lost,,,,
53.781,lost,,,,
53.793,lost,,,,
53.805,lost,,,,
53.819,lost,,,,
53.829,lost,,,,
53.841,lost,,,,
53.852,lost,,,,
53.862,lost,,,,
53.874,lost,,,,
53.885,lost,,,,
53.897,lost,,,,
53.910,lost,,,,
53.924,lost,,,,
53.935,lost,,,,
53.947,lost,,,,
53.959,lost,,,,
53.969,lost,,,,
53.982,lost,,,,
53.998,lost,,,,
54.012,lost,,,,
54.026,lost,,,,
54.039,lost,,,,
54.052,lost,,,,
54.064,lost,,,,
54.080,lost,,,,
54.091,lost,,,,
54.103,lost,,,,
54.115,lost,,,,
54.127,lost,,,,
54.138,lost,,,,
54.150,lost,,,,
54.161,lost,,,,
54.175,lost,,,,
54.185,lost,,,,
54.196,lost,,,,
54.209,lost,,,,
54.219,lost,,,,
54.235,lost,,,,
54.250,lost,,,,
54.261,lost,,,,
54.274,lost,,,,
54.285,lost,,,,
54.298,lost,,,,
54.313,lost,,,,
54.324,lost,,,,
54.336,lost,,,,
54.347,lost,,,,
54.358,lost,,,,
54.369,lost,,,,
54.381,lost,,,,
54.393,lost,,,,
54.406,lost,,,,
54.417,lost,,,,
54.427,lost,,,,
54.439,lost,,,,
54.449,lost,,,,
54.460,lost,,,,
54.473,lost,,,,
54.484,lost,,,,
54.495,lost,,,,
54.507,lost,,,,
54.519,lost,,,,
54.530,lost,,,,
54.543,lost,,,,
54.554,lost,,,,
54.567,lost,,,,
54.581,lost,,,,
54.592,lost,,,,
54.603,lost,,,,
54.614,lost,,,,
54.625,lost,,,,
54.638,lost,,,,
54.649,lost,,,,
54.662,lost,,,,
54.676,lost,,,,
54.690,lost,,,,
54.703,lost,,,,
54.714,lost,,,,
54.726,lost,,,,
54.741,lost,,,,
54.754,lost,,,,
54.767,lost,,,,
54.781,lost,,,,
54.795,lost,,,,
54.810,lost,,,,
54.823,lost,,,,
54.836,lost,,,,
54.848,lost,,,,
54.862,lost,,,,
54.877,lost,,,,
54.892,lost,,,,
54.904,lost,,,,
54.914,lost,,,,
54.927,lost,,,,
54.943,lost,,,,
54.956,lost,,,,
54.969,lost,,,,
54.982,lost,,,,
54.996,lost,,,,
55.011,lost,,,,
55.024,lost,,,,
55.039,lost,,,,
55.053,lost,,,,
55.065,lost,,,,
55.078,lost,,,,
55.088,lost,,,,
55.099,lost,,,,
55.114,lost,,,,
55.128,lost,,,,
55.144,lost,,,,
55.158,lost,,,,
55.171,lost,,,,
55.183,lost,,,,
55.196,lost,,,,
55.209,lost,,,,
55.220,lost,,,,
55.233,lost,,,,
55.250,lost,,,,
55.264,lost,,,,
55.278,lost,,,,
55.288,lost,,,,
55.301,lost,,,,
55.315,lost,,,,
55.328,lost,,,,
55.338,lost,,,,
55.349,lost,,,,
55.363,lost,,,,
55.378,lost,,,,
55.389,lost,,,,
55.400,lost,,,,
55.413,lost,,,,
55.424,lost,,,,
55.434,lost,,,,
55.447,lost,,,,
55.458,lost,,,,
55.469,lost,,,,
55.482,lost,,,,
55.494,lost,,,,
55.508,lost,,,,
55.519,lost,,,,
55.531,lost,,,,
55.547,lost,,,,
55.561,lost,,,,
55.577,lost,,,,
55.593,lost,,,,
55.607,lost,,,,
55.622,lost,,,,
55.636,lost,,,,
55.648,lost,,,,
55.664,lost,,,,
55.676,lost,,,,
55.688,lost,,,,
55.703,lost,,,,
55.716,lost,,,,
55.728,lost,,,,
55.742,lost,,,,
55.755,lost,,,,
55.773,lost,,,,
55.786,lost,,,,
55.799,lost,,,,
55.813,lost,,,,
55.827,lost,,,,
55.840,lost,,,,
55.853,lost,,,,
55.864,lost,,,,
55.877,lost,,,,
55.892,lost,,,,
55.904,lost,,,,
55.916,lost,,,,
55.929,lost,,,,
55.945,lost,,,,
55.958,lost,,,,
55.972,lost,,,,
55.984,lost,,,,
55.998,lost,,,,
56.012,lost,,,,
56.025,lost,,,,
56.040,lost,,,,
56.055,lost,,,,
56.068,lost,,,,
56.079,lost,,,,
56.091,lost,,,,
56.105,lost,,,,
56.115,lost,,,,
56.128,lost,,,,
56.141,lost,,,,
56.154,lost,,,,
56.165,lost,,,,
56.179,lost,,,,
56.193,lost,,,,
56.209,lost,,,,
56.225,lost,,,,
56.238,lost,,,,
56.250,lost,,,,
56.263,lost,,,,
56.278,lost,,,,
56.289,lost,,,,
56.302,lost,,,,
56.314,lost,,,,
56.327,lost,,,,
56.339,lost,,,,
56.349,lost,,,,
56.361,lost,,,,
56.376,lost,,,,
56.389,lost,,,,
56.400,lost,,,,
56.412,lost,,,,
56.423,lost,,,,
56.437,lost,,,,
56.451,lost,,,,
56.461,lost,,,,
56.472,lost,,,,
56.483,lost,,,,
56.497,lost,,,,
56.513,lost,,,,
56.524,lost,,,,
56.536,lost,,,,
56.548,lost,,,,
56.557,lost,,,,
56.569,lost,,,,
56.580,lost,,,,
56.591,lost,,,,
56.603,lost,,,,
56.615,lost,,,,
56.627,lost,,,,
56.642,lost,,,,
56.653,lost,,,,
56.667,lost,,,,
56.680,lost,,,,
56.693,lost,,,,
56.707,lost,,,,
56.721,lost,,,,
56.734,lost,,,,
56.748,lost,,,,
56.762,lost,,,,
56.778,lost,,,,
56.791,lost,,,,
56.805,lost,,,,
56.818,lost,,,,
56.831,lost,,,,
56.847,lost,,,,
56.861,lost,,,,
56.874,lost,,,,
56.886,lost,,,,
56.897,lost,,,,
56.910,lost,,,,
56.920,lost,,,,
56.931,lost,,,,
56.942,lost,,,,
56.952,lost,,,,
56.964,lost,,,,
56.976,lost,,,,
56.986,lost,,,,
56.997,lost,,,,
57.011,lost,,,,
57.023,lost,,,,
57.036,lost,,,,
57.048,lost,,,,
57.061,lost,,,,
57.073,lost,,,,
57.085,lost,,,,
57.099,lost,,,,
57.113,lost,,,,
57.127,lost,,,,
57.142,lost,,,,
57.154,lost,,,,
57.168,lost,,,,
57.180,lost,,,,
57.194,lost,,,,
57.209,lost,,,,
57.222,lost,,,,
57.233,lost,,,,
57.245,lost,,,,
57.255,lost,,,,
57.267,lost,,,,
57.280,lost,,,,
57.293,lost,,,,
57.307,lost,,,,
57.319,lost,,,,
57.332,lost,,,,
57.344,lost,,,,
57.355,lost,,,,
57.367,lost,,,,
57.381,lost,,,,
57.392,lost,,,,
57.403,lost,,,,
57.414,lost,,,,
57.428,lost,,,,
57.444,lost,,,,
57.455,lost,,,,
57.466,lost,,,,
57.480,lost,,,,
57.491,lost,,,,
57.501,lost,,,,
57.512,lost,,,,
57.526,lost,,,,
57.536,lost,,,,
57.548,lost,,,,
57.560,lost,,,,
57.571,lost,,,,
57.582,lost,,,,
57.593,lost,,,,
57.603,lost,,,,
57.616,lost,,,,
57.627,lost,,,,
57.637,lost,,,,
57.648,lost,,,,
57.663,lost,,,,
57.678,lost,,,,
57.688,lost,,,,
57.698,lost,,,,
57.710,lost,,,,
57.722,lost,,,,
57.732,lost,,,,
57.746,lost,,,,
57.758,lost,,,,
57.770,lost,,,,
57.782,lost,,,,
57.794,lost,,,,
57.807,lost,,,,
57.818,lost,,,,
57.828,lost,,,,
57.842,lost,,,,
57.852,lost,,,,
57.861,lost,,,,
57.874,lost,,,,
57.885,lost,,,,
57.897,lost,,,,
57.911,lost,,,,
57.924,lost,,,,
57.936,lost,,,,
57.948,lost,,,,
57.959,lost,,,,
57.970,lost,,,,
57.981,lost,,,,
57.993,lost,,,,
58.006,lost,,,,
58.018,lost,,,,
58.030,lost,,,,
58.043,lost,,,,
58.056,lost,,,,
58.069,lost,,,,
58.079,lost,,,,
58.090,lost,,,,
58.101,lost,,,,
58.113,lost,,,,
58.125,lost,,,,
58.136,lost,,,,
58.147,lost,,,,
58.159,lost,,,,
58.169,lost,,,,
58.183,lost,,,,
58.200,lost,,,,
58.214,lost,,,,
58.228,lost,,,,
58.244,lost,,,,
58.257,lost,,,,
58.268,lost,,,,
58.282,lost,,,,
58.296,lost,,,,
58.308,lost,,,,
58.322,lost,,,,
58.335,lost,,,,
58.344,lost,,,,
58.355,lost,,,,
58.368,lost,,,,
58.380,lost,,,,
58.395,lost,,,,
58.406,lost,,,,
58.416,lost,,,,
58.428,lost,,,,
58.440,lost,,,,
58.452,lost,,,,
58.465,lost,,,,
58.477,lost,,,,
58.489,lost,,,,
58.500,lost,,,,
58.514,lost,,,,
58.531,lost,,,,
58.543,lost,,,,
58.556,lost,,,,
58.566,lost,,,,
58.578,lost,,,,
58.591,lost,,,,
58.601,lost,,,,
58.613,lost,,,,
58.630,lost,,,,
58.643,lost,,,,
58.657,lost,,,,
58.668,lost,,,,
58.679,lost,,,,
58.693,lost,,,,
58.704,target,-0.003,0.070,10.125,1
58.716,target,-0.003,0.070,10.125,1
58.730,target,-0.003,0.070,10.125,1
58.741,target,-0.003,0.070,10.125,1
58.754,target,-0.003,0.070,10.125,1
58.765,target,-0.003,0.070,10.125,1
58.780,target,-0.003,0.070,10.125,1
58.794,target,-0.003,0.070,10.125,1
58.805,target,-0.003,0.070,10.125,1
58.817,target,-0.003,0.070,10.125,1
58.830,target,-0.003,0.070,10.125,1
58.844,target,-0.003,0.070,10.125,1
58.859,target,-0.003,0.070,10.125,1
58.872,target,-0.003,0.070,10.125,1
58.883,target,-0.003,0.070,10.125,1
58.899,target,-0.003,0.070,10.125,1
58.913,target,-0.003,0.070,10.125,1
58.927,target,-0.003,0.070,10.125,1
58.941,target,-0.003,0.070,10.125,1
58.956,target,-0.003,0.070,10.125,1
58.970,target,-0.003,0.070,10.125,1
58.983,target,-0.003,0.070,10.125,1
58.996,target,-0.003,0.070,10.125,1
59.011,target,-0.003,0.070,10.125,1
59.026,target,-0.003,0.070,10.125,1
59.039,target,-0.003,0.070,10.125,1
59.052,target,-0.003,0.070,10.125,1
59.064,target,-0.003,0.070,10.125,1
59.078,target,-0.003,0.070,10.125,1
59.092,target,-0.003,0.070,10.125,1
59.106,target,-0.003,0.070,10.125,1
59.121,target,-0.003,0.070,10.125,1
59.136,target,-0.003,0.070,10.125,1
59.150,target,-0.003,0.070,10.125,1
59.163,target,-0.003,0.070,10.125,1
59.176,target,-0.003,0.070,10.125,1
59.197,target,-0.003,0.070,10.125,1
59.208,target,-0.003,0.070,10.125,1
59.220,lost,,,,
59.233,lost,,,,
59.245,lost,,,,
59.261,lost,,,,
59.276,lost,,,,
59.291,lost,,,,
59.302,lost,,,,
59.316,lost,,,,
59.332,lost,,,,
59.347,lost,,,,
59.362,lost,,,,
59.375,lost,,,,
59.387,lost,,,,
59.400,lost,,,,
59.411,lost,,,,
59.422,lost,,,,
59.433,lost,,,,
59.445,lost,,,,
59.458,lost,,,,
59.470,lost,,,,
59.480,lost,,,,
59.494,lost,,,,
59.505,lost,,,,
59.522,lost,,,,
59.538,lost,,,,
59.554,lost,,,,
59.570,lost,,,,
59.587,lost,,,,
59.600,lost,,,,
59.613,lost,,,,
59.630,lost,,,,
59.643,lost,,,,
59.654,lost,,,,
59.665,lost,,,,
59.679,lost,,,,
59.691,lost,,,,
59.704,lost,,,,
59.717,lost,,,,
59.730,lost,,,,
59.745,lost,,,,
59.756,lost,,,,
59.770,lost,,,,
59.784,lost,,,,
59.796,lost,,,,
59.809,lost,,,,
59.820,lost,,,,
59.832,lost,,,,
59.845,lost,,,,
59.857,lost,,,,
59.869,lost,,,,
59.880,lost,,,,
59.892,lost,,,,
59.902,lost,,,,
59.915,lost,,,,
59.930,lost,,,,
59.942,lost,,,,
59.952,lost,,,,
59.965,lost,,,,
59.980,lost,,,,
59.994,lost,,,,
60.008,lost,,,,
60.021,lost,,,,
60.034,lost,,,,
60.045,lost,,,,
60.057,lost,,,,
60.067,lost,,,,
60.079,lost,,,,
60.093,lost,,,,
60.104,lost,,,,
60.115,lost,,,,
60.127,lost,,,,
60.140,lost,,,,
60.151,lost,,,,
60.165,lost,,,,
60.176,lost,,,,
60.186,lost,,,,
60.198,lost,,,,
60.210,lost,,,,
60.221,lost,,,,
60.233,lost,,,,
60.246,lost,,,,
60.259,lost,,,,
60.270,lost,,,,
60.283,lost,,,,
60.299,lost,,,,
60.314,lost,,,,
60.330,lost,,,,
60.343,lost,,,,
60.352,lost,,,,
60.365,lost,,,,
60.376,lost,,,,
60.387,lost,,,,
60.399,lost,,,,
60.412,lost,,,,
60.423,lost,,,,
60.434,lost,,,,
60.447,lost,,,,
60.461,lost,,,,
60.472,lost,,,,
60.483,lost,,,,
60.497,lost,,,,
60.511,lost,,,,
60.523,lost,,,,
60.537,lost,,,,
60.550,lost,,,,
60.564,lost,,,,
60.578,lost,,,,
60.593,lost,,,,
60.606,lost,,,,
60.618,lost,,,,
60.632,lost,,,,
60.648,lost,,,,
60.662,lost,,,,
60.674,lost,,,,
60.684,lost,,,,
60.698,lost,,,,
60.710,lost,,,,
60.722,lost,,,,
60.735,lost,,,,
60.751,lost,,,,
60.767,lost,,,,
60.783,lost,,,,
60.799,lost,,,,
60.812,lost,,,,
60.824,lost,,,,
60.834,lost,,,,
60.847,lost,,,,
60.859,lost,,,,
60.869,lost,,,,
60.882,lost,,,,
60.898,lost,,,,
60.909,lost,,,,
60.917,lost,,,,
60.930,lost,,,,
60.944,lost,,,,
60.957,lost,,,,
60.970,lost,,,,
60.981,lost,,,,
60.994,lost,,,,
61.005,lost,,,,
61.015,lost,,,,
61.029,lost,,,,
61.041,lost,,,,
61.052,lost,,,,
61.065,lost,,,,
61.079,lost,,,,
61.091,lost,,,,
61.103,lost,,,,
61.115,lost,,,,
61.129,lost,,,,
61.141,lost,,,,
61.150,lost,,,,
61.162,lost,,,,
61.174,lost,,,,
61.185,lost,,,,
61.197,lost,,,,
61.209,lost,,,,
61.220,lost,,,,
61.232,lost,,,,
61.243,lost,,,,
61.254,lost,,,,
61.265,lost,,,,
61.277,lost,,,,
61.290,lost,,,,
61.300,lost,,,,
61.311,lost,,,,
61.322,lost,,,,
61.334,lost,,,,
61.345,lost,,,,
61.358,lost,,,,
61.369,lost,,,,
61.379,lost,,,,
61.391,lost,,,,
61.402,lost,,,,
61.412,lost,,,,
61.425,lost,,,,
61.435,lost,,,,
61.446,lost,,,,
61.459,lost,,,,
61.471,lost,,,,
61.481,lost,,,,
61.493,lost,,,,
61.504,lost,,,,
61.516,lost,,,,
61.529,lost,,,,
61.543,lost,,,,
61.556,lost,,,,
61.566,lost,,,,
61.579,lost,,,,
61.590,lost,,,,
61.601,lost,,,,
61.613,lost,,,,
61.624,lost,,,,
61.635,lost,,,,
61.647,lost,,,,
61.661,lost,,,,
61.675,lost,,,,
61.687,lost,,,,
61.698,lost,,,,
61.710,lost,,,,
61.720,lost,,,,
61.732,lost,,,,
61.744,lost,,,,
61.755,lost,,,,
61.765,lost,,,,
61.776,lost,,,,
61.788,lost,,,,
61.803,lost,,,,
61.817,lost,,,,
61.826,lost,,,,
61.839,lost,,,,
61.850,lost,,,,
61.862,lost,,,,
61.876,lost,,,,
61.886,lost,,,,
61.899,lost,,,,
61.914,lost,,,,
61.928,lost,,,,
61.943,lost,,,,
61.953,lost,,,,
61.963,lost,,,,
61.976,lost,,,,
61.986,lost,,,,
61.996,lost,,,,
62.009,lost,,,,
62.019,lost,,,,
62.031,lost,,,,
62.047,lost,,,,
62.058,lost,,,,
62.068,lost,,,,
62.080,lost,,,,
62.094,lost,,,,
62.107,lost,,,,
62.119,lost,,,,
62.133,lost,,,,
62.146,lost,,,,
62.159,lost,,,,
62.173,lost,,,,
62.186,lost,,,,
62.197,lost,,,,
62.211,lost,,,,
62.221,lost,,,,
62.231,lost,,,,
62.244,lost,,,,
62.255,lost,,,,
62.266,lost,,,,
62.280,lost,,,,
62.293,lost,,,,
62.302,lost,,,,
62.313,lost,,,,
62.323,lost,,,,
62.334,lost,,,,
62.347,lost,,,,
62.357,lost,,,,
62.369,lost,,,,
62.379,lost,,,,
62.390,lost,,,,
62.401,lost,,,,
62.413,lost,,,,
62.426,lost,,,,
62.440,lost,,,,
62.453,lost,,,,
62.466,lost,,,,
62.479,lost,,,,
62.490,lost,,,,
62.502,lost,,,,
62.514,lost,,,,
62.526,lost,,,,
62.541,lost,,,,
62.553,lost,,,,
62.567,lost,,,,
62.579,lost,,,,
62.592,lost,,,,
62.606,lost,,,,
62.618,lost,,,,
62.628,lost,,,,
62.641,lost,,,,
62.651,lost,,,,
62.663,lost,,,,
62.676,lost,,,,
62.689,lost,,,,
62.700,lost,,,,
62.713,lost,,,,
62.725,lost,,,,
62.740,lost,,,,
62.753,lost,,,,
62.767,lost,,,,
62.781,lost,,,,
62.796,lost,,,,
62.811,lost,,,,
62.824,lost,,,,
62.836,lost,,,,
62.849,lost,,,,
62.864,lost,,,,
62.881,lost,,,,
62.894,lost,,,,
62.907,lost,,,,
62.920,lost,,,,
62.934,lost,,,,
62.949,lost,,,,
62.963,lost,,,,
62.977,lost,,,,
62.991,lost,,,,
63.004,lost,,,,
63.018,lost,,,,
63.037,lost,,,,
63.055,lost,,,,
63.066,lost,,,,
63.079,lost,,,,
63.093,lost,,,,
63.106,lost,,,,
63.118,lost,,,,
63.129,lost,,,,
63.143,lost,,,,
63.153,lost,,,,
63.165,lost,,,,
63.179,lost,,,,
63.193,lost,,,,
63.207,lost,,,,
63.220,lost,,,,
63.233,lost,,,,
63.247,lost,,,,
63.270,lost,,,,
63.286,lost,,,,
63.298,lost,,,,
63.310,lost,,,,
63.322,lost,,,,
63.333,lost,,,,
63.345,lost,,,,
63.359,lost,,,,
63.373,lost,,,,
63.383,lost,,,,
63.392,lost,,,,
63.402,lost,,,,
63.414,lost,,,,
63.426,lost,,,,
63.438,lost,,,,
63.449,lost,,,,
63.459,lost,,,,
63.469,lost,,,,
63.480,lost,,,,
63.493,lost,,,,
63.503,lost,,,,
63.514,lost,,,,
63.530,lost,,,,
63.546,lost,,,,
63.561,lost,,,,
63.577,lost,,,,
63.589,lost,,,,
63.601,lost,,,,
63.613,lost,,,,
63.627,lost,,,,
63.642,lost,,,,
63.654,lost,,,,
63.665,lost,,,,
63.676,lost,,,,
63.691,lost,,,,
63.705,lost,,,,
63.721,lost,,,,
63.736,lost,,,,
63.751,lost,,,,
63.767,lost,,,,
63.781,lost,,,,
63.795,lost,,,,
63.810,lost,,,,
63.826,lost,,,,
63.842,lost,,,,
63.858,lost,,,,
63.873,lost,,,,
63.889,lost,,,,
63.901,lost,,,,
63.915,lost,,,,
63.932,lost,,,,
63.948,lost,,,,
63.961,lost,,,,
63.972,lost,,,,
63.986,lost,,,,
64.001,lost,,,,
64.016,lost,,,,
64.029,lost,,,,
64.042,lost,,,,
64.057,lost,,,,
64.071,lost,,,,
64.085,lost,,,,
64.097,lost,,,,
64.110,lost,,,,
64.124,lost,,,,
64.140,lost,,,,
64.153,lost,,,,
64.164,lost,,,,
64.176,lost,,,,
64.189,lost,,,,
64.199,lost,,,,
64.212,lost,,,,
64.224,lost,,,,
64.235,lost,,,,
64.251,lost,,,,
64.264,lost,,,,
64.275,lost,,,,
64.287,lost,,,,
64.298,lost,,,,
64.313,lost,,,,
64.329,lost,,,,
64.340,lost,,,,
64.352,lost,,,,
64.363,lost,,,,
64.374,lost,,,,
64.384,lost,,,,
64.398,lost,,,,
64.409,lost,,,,
64.419,lost,,,,
64.430,lost,,,,
64.443,lost,,,,
64.456,lost,,,,
64.470,lost,,,,
64.483,lost,,,,
64.494,lost,,,,
64.506,lost,,,,
64.519,lost,,,,
64.532,lost,,,,
64.547,lost,,,,
64.560,lost,,,,
64.576,lost,,,,
64.589,lost,,,,
64.599,lost,,,,
64.612,lost,,,,
64.625,lost,,,,
64.638,lost,,,,
64.653,lost,,,,
64.666,lost,,,,
64.681,lost,,,,
64.697,lost,,,,
64.712,lost,,,,
64.726,lost,,,,
64.742,lost,,,,
64.753,lost,,,,
64.765,lost,,,,
64.778,lost,,,,
64.789,lost,,,,
64.803,lost,,,,
64.816,lost,,,,
64.828,lost,,,,
64.841,lost,,,,
64.856,lost,,,,
64.869,lost,,,,
64.884,lost,,,,
64.897,lost,,,,
64.912,lost,,,,
64.923,lost,,,,
64.935,lost,,,,
64.948,lost,,,,
64.959,lost,,,,
64.970,lost,,,,
64.982,lost,,,,
64.993,lost,,,,
65.003,lost,,,,
65.018,lost,,,,
65.034,lost,,,,
65.049,lost,,,,
65.064,lost,,,,
65.079,lost,,,,
65.093,lost,,,,
65.106,lost,,,,
65.118,lost,,,,
65.132,lost,,,,
65.144,lost,,,,
65.156,lost,,,,
65.167,lost,,,,
65.180,lost,,,,
65.196,lost,,,,
65.207,lost,,,,
65.219,lost,,,,
65.231,lost,,,,
65.242,lost,,,,
65.254,lost,,,,
65.264,lost,,,,
65.277,lost,,,,
65.291,lost,,,,
65.302,lost,,,,
65.312,lost,,,,
65.326,lost,,,,
65.339,lost,,,,
65.349,lost,,,,
65.363,lost,,,,
65.376,lost,,,,
65.391,lost,,,,
65.402,lost,,,,
65.412,lost,,,,
65.425,lost,,,,
65.434,lost,,,,
65.446,lost,,,,
65.460,lost,,,,
65.472,lost,,,,
65.485,lost,,,,
65.501,lost,,,,
65.513,lost,,,,
65.527,lost,,,,
65.538,lost,,,,
65.548,lost,,,,
65.562,lost,,,,
65.573,lost,,,,
65.584,lost,,,,
65.598,lost,,,,
65.612,lost,,,,
65.627,lost,,,,
65.638,lost,,,,
65.650,lost,,,,
65.662,lost,,,,
65.676,lost,,,,
65.689,lost,,,,
65.702,lost,,,,
65.715,lost,,,,
65.730,lost,,,,
65.745,lost,,,,
65.759,lost,,,,
65.773,lost,,,,
65.789,lost,,,,
65.800,lost,,,,
65.812,lost,,,,
65.825,lost,,,,
65.841,lost,,,,
65.854,lost,,,,
65.866,lost,,,,
65.879,lost,,,,
65.893,lost,,,,
65.904,lost,,,,
65.917,lost,,,,
65.930,lost,,,,
65.941,lost,,,,
65.954,lost,,,,
65.965,lost,,,,
65.980,lost,,,,
65.994,lost,,,,
66.007,lost,,,,
66.018,lost,,,,
66.030,lost,,,,
66.043,lost,,,,
66.055,lost,,,,
66.069,lost,,,,
66.083,lost,,,,
66.098,lost,,,,
66.112,lost,,,,
66.123,lost,,,,
66.133,lost,,,,
66.146,lost,,,,
66.158,lost,,,,
66.169,lost,,,,
66.182,lost,,,,
66.196,lost,,,,
66.211,lost,,,,
66.224,lost,,,,
66.241,lost,,,,
66.253,lost,,,,
66.263,lost,,,,
66.275,lost,,,,
66.284,lost,,,,
66.295,lost,,,,
66.308,lost,,,,
66.318,lost,,,,
66.336,lost,,,,
66.349,lost,,,,
66.361,lost,,,,
66.377,lost,,,,
66.388,lost,,,,
66.398,lost,,,,
66.410,lost,,,,
66.421,lost,,,,
66.431,lost,,,,
66.444,lost,,,,
66.455,lost,,,,
66.467,lost,,,,
66.480,lost,,,,
66.490,lost,,,,
66.502,lost,,,,
66.514,lost,,,,
66.525,lost,,,,
66.536,lost,,,,
66.547,lost,,,,
66.561,lost,,,,
66.575,lost,,,,
66.587,lost,,,,
66.599,lost,,,,
66.611,lost,,,,
66.622,lost,,,,
66.633,lost,,,,
66.646,lost,,,,
66.659,lost,,,,
66.672,lost,,,,
66.684,lost,,,,
66.695,lost,,,,
66.708,lost,,,,
66.717,lost,,,,
66.728,lost,,,,
66.742,lost,,,,
66.752,lost,,,,
66.766,lost,,,,
66.782,lost,,,,
66.794,lost,,,,
66.804,lost,,,,
66.816,lost,,,,
66.828,lost,,,,
66.841,lost,,,,
66.851,lost,,,,
66.864,lost,,,,
66.878,lost,,,,
66.891,lost,,,,
66.903,lost,,,,
66.915,lost,,,,
66.928,lost,,,,
66.938,lost,,,,
66.950,lost,,,,
66.962,lost,,,,
66.974,lost,,,,
66.984,lost,,,,
66.997,lost,,,,
67.013,lost,,,,
67.024,lost,,,,
67.035,lost,,,,
67.048,lost,,,,
67.062,lost,,,,
67.077,lost,,,,
67.090,lost,,,,
67.101,lost,,,,
67.115,lost,,,,
67.126,lost,,,,
67.136,lost,,,,
67.148,lost,,,,
67.162,lost,,,,
67.175,lost,,,,
67.188,lost,,,,
67.200,lost,,,,
67.213,lost,,,,
67.228,lost,,,,
67.239,lost,,,,
67.251,lost,,,,
67.263,lost,,,,
67.276,lost,,,,
67.286,lost,,,,
67.297,lost,,,,
67.307,lost,,,,
67.317,lost,,,,
67.333,lost,,,,
67.349,lost,,,,
67.363,lost,,,,
67.376,lost,,,,
67.390,lost,,,,
67.400,lost,,,,
67.413,lost,,,,
67.423,lost,,,,
67.433,lost,,,,
67.447,lost,,,,
67.457,lost,,,,
67.466,lost,,,,
67.479,lost,,,,
67.491,lost,,,,
67.501,lost,,,,
67.515,lost,,,,
67.527,lost,,,,
67.538,lost,,,,
67.549,lost,,,,
67.563,lost,,,,
67.577,lost,,,,
67.589,lost,,,,
67.601,lost,,,,
67.612,lost,,,,
67.623,lost,,,,
67.633,lost,,,,
67.645,lost,,,,
67.657,lost,,,,
67.668,lost,,,,
67.682,lost,,,,
67.694,lost,,,,
67.702,lost,,,,
67.715,lost,,,,
67.729,lost,,,,
67.743,lost,,,,
67.755,lost,,,,
67.767,lost,,,,
67.782,lost,,,,
67.793,lost,,,,
67.804,lost,,,,
67.816,lost,,,,
67.829,lost,,,,
67.843,lost,,,,
67.857,lost,,,,
67.870,lost,,,,
67.885,lost,,,,
67.899,lost,,,,
67.915,lost,,,,
67.927,lost,,,,
67.938,lost,,,,
67.949,lost,,,,
67.961,lost,,,,
67.971,lost,,,,
67.982,lost,,,,
67.996,lost,,,,
68.010,lost,,,,
68.020,lost,,,,
68.030,lost,,,,
68.041,lost,,,,
68.052,lost,,,,
68.064,lost,,,,
68.078,lost,,,,
68.093,lost,,,,
68.108,lost,,,,
68.122,lost,,,,
68.135,lost,,,,
68.150,lost,,,,
68.161,lost,,,,
68.171,lost,,,,
68.182,lost,,,,
68.194,lost,,,,
68.207,lost,,,,
68.219,lost,,,,
68.232,lost,,,,
68.247,lost,,,,
68.260,lost,,,,
68.273,lost,,,,
68.286,lost,,,,
68.299,lost,,,,
68.313,lost,,,,
68.327,lost,,,,
68.341,lost,,,,
68.354,lost,,,,
68.366,lost,,,,
68.380,lost,,,,
68.396,lost,,,,
68.409,lost,,,,
68.423,lost,,,,
68.435,lost,,,,
68.445,lost,,,,
68.457,lost,,,,
68.468,lost,,,,
68.479,lost,,,,
68.492,lost,,,,
68.503,lost,,,,
68.512,lost,,,,
68.524,lost,,,,
68.536,lost,,,,
68.547,lost,,,,
68.561,lost,,,,
68.571,lost,,,,
68.583,lost,,,,
68.597,lost,,,,
68.608,lost,,,,
68.621,lost,,,,
68.633,lost,,,,
68.644,lost,,,,
68.657,lost,,,,
68.668,lost,,,,
68.678,lost,,,,
68.690,lost,,,,
68.703,lost,,,,
68.713,lost,,,,
68.725,lost,,,,
68.737,lost,,,,
68.749,lost,,,,
68.762,lost,,,,
68.773,lost,,,,
68.784,lost,,,,
68.796,lost,,,,
68.810,lost,,,,
68.824,lost,,,,
68.836,lost,,,,
68.847,lost,,,,
68.860,lost,,,,
68.870,lost,,,,
68.885,lost,,,,
68.900,lost,,,,
68.911,lost,,,,
68.926,lost,,,,
68.940,lost,,,,
68.953,lost,,,,
68.964,lost,,,,
68.977,lost,,,,
68.993,lost,,,,
69.005,lost,,,,
69.017,lost,,,,
69.032,lost,,,,
69.045,lost,,,,
69.060,lost,,,,
69.073,lost,,,,
69.088,lost,,,,
69.103,lost,,,,
69.115,lost,,,,
69.136,lost,,,,
69.146,lost,,,,
69.160,lost,,,,
69.170,lost,,,,
69.182,lost,,,,
69.198,lost,,,,
69.210,lost,,,,
69.221,lost,,,,
69.233,lost,,,,
69.247,lost,,,,
69.262,lost,,,,
69.274,lost,,,,
69.286,lost,,,,
69.299,lost,,,,
69.310,lost,,,,
69.320,lost,,,,
69.333,lost,,,,
69.347,lost,,,,
69.360,lost,,,,
69.371,lost,,,,
69.383,lost,,,,
69.396,lost,,,,
69.407,lost,,,,
69.416,lost,,,,
69.429,lost,,,,
69.440,lost,,,,
69.450,lost,,,,
69.463,lost,,,,
69.476,lost,,,,
69.488,lost,,,,
69.503,lost,,,,
69.515,lost,,,,
69.530,lost,,,,
69.543,lost,,,,
69.554,lost,,,,
69.565,lost,,,,
69.578,lost,,,,
69.591,lost,,,,
69.602,lost,,,,
69.613,lost,,,,
69.626,lost,,,,
69.637,lost,,,,
69.647,lost,,,,
69.660,lost,,,,
69.671,lost,,,,
69.681,lost,,,,
69.693,lost,,,,
69.704,lost,,,,
69.714,lost,,,,
69.727,lost,,,,
69.739,lost,,,,
69.749,lost,,,,
69.763,lost,,,,
69.778,lost,,,,
69.792,lost,,,,
69.804,lost,,,,
69.816,lost,,,,
69.832,lost,,,,
69.848,lost,,,,
69.862,lost,,,,
69.873,lost,,,,
69.883,lost,,,,
69.894,lost,,,,
69.907,lost,,,,
69.919,lost,,,,
69.938,lost,,,,
69.950,lost,,,,
69.962,lost,,,,
69.978,lost,,,,
69.992,lost,,,,
70.009,lost,,,,
70.021,lost,,,,
70.034,lost,,,,
70.054,lost,,,,
70.072,lost,,,,
70.092,lost,,,,
70.111,lost,,,,
70.125,lost,,,,
70.138,lost,,,,
70.151,lost,,,,
70.166,lost,,,,
70.182,lost,,,,
70.200,lost,,,,
70.215,lost,,,,
70.230,lost,,,,
70.246,lost,,,,
70.260,lost,,,,
70.272,lost,,,,
70.287,lost,,,,
70.300,lost,,,,
70.314,lost,,,,
70.328,lost,,,,
70.342,lost,,,,
70.356,lost,,,,
70.368,lost,,,,
70.384,lost,,,,
70.402,lost,,,,
70.415,lost,,,,
70.428,lost,,,,
70.440,lost,,,,
70.452,lost,,,,
70.465,lost,,,,
70.480,lost,,,,
70.494,lost,,,,
70.507,lost,,,,
70.518,lost,,,,
70.531,lost,,,,
70.544,lost,,,,
70.559,lost,,,,
70.574,lost,,,,
70.586,lost,,,,
70.601,lost,,,,
70.614,lost,,,,
70.629,lost,,,,
70.644,lost,,,,
70.658,lost,,,,
70.669,lost,,,,
70.680,lost,,,,
70.694,lost,,,,
70.706,lost,,,,
70.716,lost,,,,
70.729,lost,,,,
70.743,lost,,,,
70.754,lost,,,,
70.767,lost,,,,
70.781,lost,,,,
70.794,lost,,,,
70.807,lost,,,,
70.819,lost,,,,
70.834,lost,,,,
70.849,lost,,,,
70.868,lost,,,,
70.881,lost,,,,
70.894,lost,,,,
70.910,lost,,,,
70.926,lost,,,,
70.940,lost,,,,
70.953,lost,,,,
70.968,lost,,,,
70.983,lost,,,,
71.000,lost,,,,
71.016,lost,,,,
71.033,lost,,,,
71.049,lost,,,,
71.063,lost,,,,
71.076,lost,,,,
71.089,lost,,,,
71.100,lost,,,,
71.115,lost,,,,
71.129,lost,,,,
71.142,lost,,,,
71.154,lost,,,,
71.166,lost,,,,
71.179,lost,,,,
71.191,lost,,,,
71.203,lost,,,,
71.214,lost,,,,
71.228,lost,,,,
71.240,lost,,,,
71.252,lost,,,,
71.265,lost,,,,
71.278,lost,,,,
71.289,lost,,,,
71.301,lost,,,,
71.314,lost,,,,
71.328,lost,,,,
71.345,lost,,,,
71.362,lost,,,,
71.379,lost,,,,
71.393,lost,,,,
71.409,lost,,,,
71.422,lost,,,,
71.437,lost,,,,
71.452,lost,,,,
71.464,lost,,,,
71.480,lost,,,,
71.494,lost,,,,
71.507,lost,,,,
71.521,lost,,,,
71.532,lost,,,,
71.546,lost,,,,
71.557,lost,,,,
71.569,lost,,,,
71.582,lost,,,,
71.596,lost,,,,
71.614,lost,,,,
71.627,lost,,,,
71.642,lost,,,,
71.653,lost,,,,
71.664,lost,,,,
71.677,lost,,,,
71.688,lost,,,,
71.699,lost,,,,
71.712,lost,,,,
71.722,lost,,,,
71.733,lost,,,,
71.746,lost,,,,
71.757,lost,,,,
71.768,lost,,,,
71.782,lost,,,,
71.793,lost,,,,
71.804,lost,,,,
71.815,lost,,,,
71.827,lost,,,,
71.839,lost,,,,
71.851,lost,,,,
71.862,lost,,,,
71.876,lost,,,,
71.887,lost,,,,
71.898,lost,,,,
71.911,lost,,,,
71.922,lost,,,,
71.932,lost,,,,
71.945,lost,,,,
71.956,lost,,,,
71.969,lost,,,,
71.982,lost,,,,
71.994,lost,,,,
72.007,lost,,,,
72.017,lost,,,,
72.029,lost,,,,
72.041,lost,,,,
72.053,lost,,,,
72.067,lost,,,,
72.083,lost,,,,
72.097,lost,,,,
72.112,lost,,,,
72.126,lost,,,,
72.139,lost,,,,
72.154,lost,,,,
72.168,lost,,,,
72.184,lost,,,,
72.195,lost,,,,
72.205,lost,,,,
72.217,lost,,,,
72.228,lost,,,,
72.240,lost,,,,
72.251,lost,,,,
72.263,lost,,,,
72.277,lost,,,,
72.287,lost,,,,
72.299,lost,,,,
72.312,lost,,,,
72.323,lost,,,,
72.337,lost,,,,
72.352,lost,,,,
72.363,lost,,,,
72.375,lost,,,,
72.385,lost,,,,
72.398,lost,,,,
72.414,lost,,,,
72.424,lost,,,,
72.435,lost,,,,
72.447,lost,,,,
72.459,lost,,,,
72.469,lost,,,,
72.482,lost,,,,
72.493,lost,,,,
72.503,lost,,,,
72.515,lost,,,,
72.528,lost,,,,
72.541,lost,,,,
72.554,lost,,,,
72.565,lost,,,,
72.578,lost,,,,
72.588,lost,,,,
72.598,lost,,,,
72.615,lost,,,,
72.629,lost,,,,
72.642,lost,,,,
72.658,lost,,,,
72.670,lost,,,,
72.684,lost,,,,
72.697,lost,,,,
72.710,lost,,,,
72.721,lost,,,,
72.734,lost,,,,
72.748,lost,,,,
72.762,lost,,,,
72.774,lost,,,,
72.786,lost,,,,
72.800,lost,,,,
72.814,lost,,,,
72.826,lost,,,,
72.839,lost,,,,
72.853,lost,,,,
72.868,lost,,,,
72.885,lost,,,,
72.900,lost,,,,
72.916,lost,,,,
72.933,lost,,,,
72.950,lost,,,,
72.964,lost,,,,
72.979,lost,,,,
72.991,lost,,,,
73.001,lost,,,,
73.015,lost,,,,
73.028,lost,,,,
73.038,lost,,,,
73.050,lost,,,,
73.063,lost,,,,
73.077,lost,,,,
73.091,lost,,,,
73.102,lost,,,,
73.116,lost,,,,
73.131,lost,,,,
73.147,lost,,,,
73.159,lost,,,,
73.169,lost,,,,
73.182,lost,,,,
73.195,lost,,,,
73.206,lost,,,,
73.217,lost,,,,
73.229,lost,,,,
73.239,lost,,,,
73.250,lost,,,,
73.264,lost,,,,
73.278,lost,,,,
73.290,lost,,,,
73.300,lost,,,,
73.314,lost,,,,
73.326,lost,,,,
73.336,lost,,,,
73.351,lost,,,,
73.367,lost,,,,
73.384,lost,,,,
73.397,lost,,,,
73.410,lost,,,,
73.423,lost,,,,
73.435,lost,,,,
73.449,lost,,,,
73.463,lost,,,,
73.478,lost,,,,
73.503,lost,,,,
73.516,lost,,,,
73.527,lost,,,,
73.538,lost,,,,
73.549,lost,,,,
73.562,lost,,,,
73.579,lost,,,,
73.589,lost,,,,
73.601,lost,,,,
73.615,lost,,,,
73.629,lost,,,,
73.645,lost,,,,
73.656,lost,,,,
73.668,lost,,,,
73.682,lost,,,,
73.695,lost,,,,
73.706,lost,,,,
73.717,lost,,,,
73.732,lost,,,,
73.748,lost,,,,
73.761,lost,,,,
73.776,lost,,,,
73.789,lost,,,,
73.802,lost,,,,
73.818,lost,,,,
73.830,lost,,,,
73.841,lost,,,,
73.853,lost,,,,
73.865,lost,,,,
73.880,lost,,,,
73.895,lost,,,,
73.908,lost,,,,
73.923,lost,,,,
73.937,lost,,,,
73.950,lost,,,,
73.963,lost,,,,
73.978,lost,,,,
73.991,lost,,,,
74.004,lost,,,,
74.020,lost,,,,
74.032,lost,,,,
74.046,lost,,,,
74.061,lost,,,,
74.076,lost,,,,
74.089,lost,,,,
74.103,lost,,,,
74.116,lost,,,,
74.128,lost,,,,
74.141,lost,,,,
74.151,lost,,,,
74.162,lost,,,,
74.175,lost,,,,
74.188,lost,,,,
74.199,lost,,,,
74.213,lost,,,,
74.225,lost,,,,
74.237,lost,,,,
74.249,lost,,,,
74.262,lost,,,,
74.275,lost,,,,
74.288,lost,,,,
74.302,lost,,,,
74.316,lost,,,,
74.330,lost,,,,
74.346,lost,,,,
74.359,lost,,,,
74.373,lost,,,,
74.387,lost,,,,
74.402,lost,,,,
74.415,lost,,,,
74.429,lost,,,,
74.443,lost,,,,
74.454,lost,,,,
74.467,lost,,,,
74.480,lost,,,,
74.498,lost,,,,
74.509,lost,,,,
74.521,lost,,,,
74.533,lost,,,,
74.546,lost,,,,
74.562,lost,,,,
74.574,lost,,,,
74.587,lost,,,,
74.600,lost,,,,
74.611,lost,,,,
74.626,lost,,,,
74.638,lost,,,,
74.652,lost,,,,
74.666,lost,,,,
74.677,lost,,,,
74.690,lost,,,,
74.701,lost,,,,
74.711,lost,,,,
74.725,lost,,,,
74.736,lost,,,,
74.748,lost,,,,
74.762,lost,,,,
74.772,lost,,,,
74.784,lost,,,,
74.798,lost,,,,
74.810,lost,,,,
74.823,lost,,,,
74.835,lost,,,,
74.847,lost,,,,
74.863,lost,,,,
74.877,lost,,,,
74.892,lost,,,,
74.906,lost,,,,
74.919,lost,,,,
74.934,lost,,,,
74.945,lost,,,,
74.957,lost,,,,
74.968,lost,,,,
74.980,lost,,,,
74.996,lost,,,,
75.009,lost,,,,
75.023,lost,,,,
75.037,lost,,,,
75.048,lost,,,,
75.061,lost,,,,
75.071,lost,,,,
75.083,lost,,,,
75.097,lost,,,,
75.112,lost,,,,
75.130,lost,,,,
75.141,lost,,,,
75.151,lost,,,,
75.165,lost,,,,
75.179,lost,,,,
75.193,lost,,,,
75.205,lost,,,,
75.215,lost,,,,
75.228,lost,,,,
75.239,lost,,,,
75.250,lost,,,,
75.263,lost,,,,
75.274,lost,,,,
75.285,lost,,,,
75.299,lost,,,,
75.314,lost,,,,
75.330,lost,,,,
75.341,lost,,,,
75.351,lost,,,,
75.366,lost,,,,
75.382,lost,,,,
75.397,lost,,,,
75.411,lost,,,,
75.425,lost,,,,
75.438,lost,,,,
75.449,lost,,,,
75.463,lost,,,,
75.475,lost,,,,
75.485,lost,,,,
75.499,lost,,,,
75.515,lost,,,,
75.530,lost,,,,
75.547,lost,,,,
75.560,lost,,,,
75.576,lost,,,,
75.586,lost,,,,
75.599,lost,,,,
75.614,lost,,,,
75.627,lost,,,,
75.641,lost,,,,
75.652,lost,,,,
75.664,lost,,,,
75.679,lost,,,,
75.692,lost,,,,
75.704,lost,,,,
75.721,lost,,,,
75.734,lost,,,,
75.750,lost,,,,
75.761,lost,,,,
75.776,lost,,,,
75.790,lost,,,,
75.805,lost,,,,
75.817,lost,,,,
75.830,lost,,,,
75.844,lost,,,,
75.857,lost,,,,
75.872,lost,,,,
75.888,lost,,,,
75.901,lost,,,,
75.918,lost,,,,
75.932,lost,,,,
75.948,lost,,,,
75.960,lost,,,,
75.972,lost,,,,
75.984,lost,,,,
75.996,lost,,,,
76.011,lost,,,,
76.025,lost,,,,
76.037,lost,,,,
76.049,lost,,,,
76.063,lost,,,,
76.077,lost,,,,
76.091,lost,,,,
76.106,lost,,,,
76.119,lost,,,,
76.135,lost,,,,
76.149,lost,,,,
76.163,lost,,,,
76.176,lost,,,,
76.187,lost,,,,
76.200,lost,,,,
76.213,lost,,,,
76.225,lost,,,,
76.236,lost,,,,
76.247,lost,,,,
76.261,lost,,,,
76.276,lost,,,,
76.291,lost,,,,
76.306,lost,,,,
76.318,lost,,,,
76.330,lost,,,,
76.345,lost,,,,
76.359,lost,,,,
76.374,lost,,,,
76.388,lost,,,,
76.401,lost,,,,
76.415,lost,,,,
76.429,lost,,,,
76.444,lost,,,,
76.457,lost,,,,
76.470,lost,,,,
76.482,lost,,,,
76.498,lost,,,,
76.513,lost,,,,
76.528,lost,,,,
76.545,lost,,,,
76.559,lost,,,,
76.576,lost,,,,
76.592,lost,,,,
76.605,lost,,,,
76.618,lost,,,,
76.636,lost,,,,
76.651,lost,,,,
76.666,lost,,,,
76.680,lost,,,,
76.696,lost,,,,
76.711,lost,,,,
76.726,lost,,,,
76.741,lost,,,,
76.757,lost,,,,
76.774,lost,,,,
76.790,lost,,,,
76.804,lost,,,,
76.819,lost,,,,
76.833,lost,,,,
76.847,lost,,,,
76.862,lost,,,,
76.879,lost,,,,
76.897,lost,,,,
76.914,lost,,,,
76.933,lost,,,,
76.948,lost,,,,
76.962,lost,,,,
76.979,lost,,,,
76.995,lost,,,,
77.014,lost,,,,
77.029,lost,,,,
77.047,lost,,,,
77.062,lost,,,,
77.079,lost,,,,
77.093,lost,,,,
77.111,lost,,,,
77.127,lost,,,,
77.145,lost,,,,
77.160,lost,,,,
77.176,lost,,,,
77.192,lost,,,,
77.210,lost,,,,
77.225,lost,,,,
77.243,lost,,,,
77.259,lost,,,,
77.276,lost,,,,
77.292,lost,,,,
77.309,lost,,,,
77.325,lost,,,,
77.343,lost,,,,
77.359,lost,,,,
77.378,lost,,,,
77.394,lost,,,,
77.411,lost,,,,
77.427,lost,,,,
77.445,lost,,,,
77.461,lost,,,,
77.478,lost,,,,
77.494,lost,,,,
77.511,lost,,,,
77.527,lost,,,,
77.544,lost,,,,
77.559,lost,,,,
77.576,lost,,,,
77.592,lost,,,,
77.608,lost,,,,
77.627,lost,,,,
77.647,lost,,,,
77.664,lost,,,,
77.681,lost,,,,
77.698,lost,,,,
77.715,lost,,,,
77.731,lost,,,,
77.749,lost,,,,
77.766,lost,,,,
77.783,lost,,,,
77.800,lost,,,,
77.817,lost,,,,
77.834,lost,,,,
77.854,lost,,,,
77.871,lost,,,,
77.890,lost,,,,
77.909,lost,,,,
77.926,lost,,,,
77.944,lost,,,,
77.961,lost,,,,
77.978,lost,,,,
77.995,lost,,,,
78.015,lost,,,,
78.029,lost,,,,
78.046,lost,,,,
78.062,lost,,,,
78.080,lost,,,,
78.095,lost,,,,
78.113,lost,,,,
78.134,lost,,,,
78.152,lost,,,,
78.169,lost,,,,
78.185,lost,,,,
78.201,lost,,,,
78.216,lost,,,,
78.231,lost,,,,
78.247,lost,,,,
78.263,lost,,,,
78.280,lost,,,,
78.296,lost,,,,
78.312,lost,,,,
78.328,lost,,,,
78.343,lost,,,,
78.357,lost,,,,
78.374,lost,,,,
78.390,lost,,,,
78.407,lost,,,,
78.422,lost,,,,
78.439,lost,,,,
78.454,lost,,,,
78.469,lost,,,,
78.481,lost,,,,
78.498,lost,,,,
78.512,lost,,,,
78.528,lost,,,,
78.541,lost,,,,
78.556,lost,,,,
78.571,lost,,,,
78.584,lost,,,,
78.600,lost,,,,
78.614,lost,,,,
78.631,lost,,,,
78.646,lost,,,,
78.663,lost,,,,
78.676,lost,,,,
78.690,lost,,,,
78.703,lost,,,,
78.719,lost,,,,
78.736,lost,,,,
78.750,lost,,,,
78.766,lost,,,,
78.781,lost,,,,
78.798,lost,,,,
78.813,lost,,,,
78.831,lost,,,,
78.844,lost,,,,
78.858,lost,,,,
78.869,lost,,,,
78.883,lost,,,,
78.898,lost,,,,
78.910,lost,,,,
78.924,lost,,,,
78.936,lost,,,,
78.950,lost,,,,
78.964,lost,,,,
78.976,lost,,,,
78.991,lost,,,,
79.003,lost,,,,
79.014,lost,,,,
79.028,lost,,,,
79.039,lost,,,,
79.051,lost,,,,
79.065,lost,,,,
79.078,lost,,,,
79.091,lost,,,,
79.103,lost,,,,
79.118,lost,,,,
79.136,lost,,,,
79.149,lost,,,,
79.164,lost,,,,
79.174,lost,,,,
79.186,lost,,,,
79.199,lost,,,,
79.211,lost,,,,
79.223,lost,,,,
79.235,lost,,,,
79.247,lost,,,,
79.260,lost,,,,
79.271,lost,,,,
79.284,lost,,,,
79.301,lost,,,,
79.314,lost,,,,
79.331,lost,,,,
79.347,lost,,,,
79.364,lost,,,,
79.379,lost,,,,
79.391,lost,,,,
79.403,lost,,,,
79.415,lost,,,,
79.429,lost,,,,
79.441,lost,,,,
79.452,lost,,,,
79.465,lost,,,,
79.479,lost,,,,
79.495,lost,,,,
79.506,lost,,,,
79.518,lost,,,,
79.532,lost,,,,
79.545,lost,,,,
79.557,lost,,,,
79.568,lost,,,,
79.582,lost,,,,
79.597,lost,,,,
79.610,lost,,,,
79.622,lost,,,,
79.634,lost,,,,
79.647,lost,,,,
79.660,lost,,,,
79.671,lost,,,,
79.684,lost,,,,
79.699,lost,,,,
79.711,lost,,,,
79.721,lost,,,,
79.733,lost,,,,
79.745,lost,,,,
79.757,lost,,,,
79.768,lost,,,,
79.781,lost,,,,
79.793,lost,,,,
79.804,lost,,,,
79.816,lost,,,,
79.831,lost,,,,
79.841,lost,,,,
79.852,lost,,,,
79.866,lost,,,,
79.881,lost,,,,
79.895,lost,,,,
79.905,lost,,,,
79.916,lost,,,,
79.929,lost,,,,
79.940,lost,,,,
79.951,lost,,,,
79.964,lost,,,,
79.977,lost,,,,
79.991,lost,,,,
80.004,lost,,,,
80.016,lost,,,,
80.030,lost,,,,
80.042,lost,,,,
80.053,lost,,,,
80.065,lost,,,,
80.076,lost,,,,
80.087,lost,,,,
80.099,lost,,,,
80.111,lost,,,,
80.123,lost,,,,
80.135,lost,,,,
80.146,lost,,,,
80.158,lost,,,,
80.168,lost,,,,
80.179,lost,,,,
80.190,lost,,,,
80.201,lost,,,,
80.213,lost,,,,
80.228,lost,,,,
80.239,lost,,,,
80.249,lost,,,,
80.262,lost,,,,
80.272,lost,,,,
80.282,lost,,,,
80.295,lost,,,,
80.306,lost,,,,
80.317,lost,,,,
80.331,lost,,,,
80.342,lost,,,,
80.352,lost,,,,
80.365,lost,,,,
80.377,lost,,,,
80.388,lost,,,,
80.401,lost,,,,
80.415,lost,,,,
80.429,lost,,,,
80.439,lost,,,,
80.450,lost,,,,
80.462,lost,,,,
80.475,lost,,,,
80.488,lost,,,,
80.500,lost,,,,
80.511,lost,,,,
80.523,lost,,,,
80.534,lost,,,,
80.545,lost,,,,
80.557,lost,,,,
80.568,lost,,,,
80.580,lost,,,,
80.591,lost,,,,
80.601,lost,,,,
80.613,lost,,,,
80.627,lost,,,,
80.641,lost,,,,
80.651,lost,,,,
80.664,lost,,,,
80.678,lost,,,,
80.691,lost,,,,
80.701,lost,,,,
80.710,lost,,,,
80.722,lost,,,,
80.731,lost,,,,
80.743,lost,,,,
80.755,lost,,,,
80.766,lost,,,,
80.778,lost,,,,
80.789,lost,,,,
80.800,lost,,,,
80.812,lost,,,,
80.823,lost,,,,
80.833,lost,,,,
80.845,lost,,,,
80.858,lost,,,,
80.870,lost,,,,
80.883,lost,,,,
80.897,lost,,,,
80.910,lost,,,,
80.925,lost,,,,
80.937,lost,,,,
80.950,lost,,,,
80.962,lost,,,,
80.972,lost,,,,
80.983,lost,,,,
80.995,lost,,,,
81.007,lost,,,,
81.020,lost,,,,
81.031,lost,,,,
81.044,lost,,,,
81.054,lost,,,,
81.065,lost,,,,
81.078,lost,,,,
81.090,lost,,,,
81.099,lost,,,,
81.111,lost,,,,
81.122,lost,,,,
81.134,lost,,,,
81.147,lost,,,,
81.159,lost,,,,
81.170,lost,,,,
81.182,lost,,,,
81.194,lost,,,,
81.205,lost,,,,
81.217,lost,,,,
81.229,lost,,,,
81.244,lost,,,,
81.256,lost,,,,
81.267,lost,,,,
81.279,lost,,,,
81.292,lost,,,,
81.302,lost,,,,
81.314,lost,,,,
81.326,lost,,,,
81.337,lost,,,,
81.349,lost,,,,
81.360,lost,,,,
81.373,lost,,,,
81.385,lost,,,,
81.397,lost,,,,
81.410,lost,,,,
81.420,lost,,,,
81.430,lost,,,,
81.442,lost,,,,
81.453,lost,,,,
81.465,lost,,,,
81.480,lost,,,,
81.490,lost,,,,
81.501,lost,,,,
81.513,lost,,,,
81.524,lost,,,,
81.536,lost,,,,
81.548,lost,,,,
81.560,lost,,,,
81.572,lost,,,,
81.583,lost,,,,
81.594,lost,,,,
81.605,lost,,,,
81.614,lost,,,,
81.624,lost,,,,
81.637,lost,,,,
81.648,lost,,,,
81.660,lost,,,,
81.671,lost,,,,
81.681,lost,,,,
81.693,lost,,,,
81.704,lost,,,,
81.715,lost,,,,
81.728,lost,,,,
81.739,lost,,,,
81.751,lost,,,,
81.763,lost,,,,
81.775,lost,,,,
81.785,lost,,,,
81.797,lost,,,,
81.813,lost,,,,
81.826,lost,,,,
81.839,lost,,,,
81.851,lost,,,,
81.863,lost,,,,
81.879,lost,,,,
81.893,lost,,,,
81.906,lost,,,,
81.919,lost,,,,
81.929,lost,,,,
81.942,lost,,,,
81.953,lost,,,,
81.963,lost,,,,
81.975,lost,,,,
81.984,lost,,,,
81.996,lost,,,,
82.008,lost,,,,
82.019,lost,,,,
82.031,lost,,,,
82.046,lost,,,,
82.056,lost,,,,
82.067,lost,,,,
82.081,lost,,,,
82.091,lost,,,,
82.103,lost,,,,
82.115,lost,,,,
82.127,lost,,,,
82.140,lost,,,,
82.151,lost,,,,
82.163,lost,,,,
82.175,lost,,,,
82.185,lost,,,,
82.195,lost,,,,
82.206,lost,,,,
82.217,lost,,,,
82.229,lost,,,,
82.240,lost,,,,
82.250,lost,,,,
82.264,lost,,,,
82.277,lost,,,,
82.287,lost,,,,
82.298,lost,,,,
82.310,lost,,,,
82.319,lost,,,,
82.330,lost,,,,
82.343,lost,,,,
82.353,lost,,,,
82.364,lost,,,,
82.375,lost,,,,
82.387,lost,,,,
82.399,lost,,,,
82.412,lost,,,,
82.423,lost,,,,
82.433,lost,,,,
82.446,lost,,,,
82.458,lost,,,,
82.468,lost,,,,
82.481,lost,,,,
82.493,lost,,,,
82.503,lost,,,,
82.517,lost,,,,
82.528,lost,,,,
82.538,lost,,,,
82.550,lost,,,,
82.563,lost,,,,
82.577,lost,,,,
82.590,lost,,,,
82.600,lost,,,,
82.614,lost,,,,
82.628,lost,,,,
82.645,lost,,,,
82.657,lost,,,,
82.668,lost,,,,
82.681,lost,,,,
82.692,lost,,,,
82.703,lost,,,,
82.715,lost,,,,
82.727,lost,,,,
82.738,lost,,,,
82.750,lost,,,,
82.762,lost,,,,
82.775,lost,,,,
82.784,lost,,,,
82.795,lost,,,,
82.806,lost,,,,
82.817,lost,,,,
82.829,lost,,,,
82.841,lost,,,,
82.853,lost,,,,
82.866,lost,,,,
82.881,lost,,,,
82.895,lost,,,,
82.907,lost,,,,
82.916,lost,,,,
82.928,lost,,,,
82.940,lost,,,,
82.950,lost,,,,
82.962,lost,,,,
82.974,lost,,,,
82.983,lost,,,,
82.994,lost,,,,
83.006,lost,,,,
83.019,lost,,,,
83.033,lost,,,,
83.045,lost,,,,
83.060,lost,,,,
83.073,lost,,,,
83.082,lost,,,,
83.093,lost,,,,
83.105,lost,,,,
83.118,lost,,,,
83.133,lost,,,,
83.147,lost,,,,
83.162,lost,,,,
83.176,lost,,,,
83.189,lost,,,,
83.201,lost,,,,
83.211,lost,,,,
83.223,lost,,,,
83.233,lost,,,,
83.245,lost,,,,
83.259,lost,,,,
83.269,lost,,,,
83.279,lost,,,,
83.291,lost,,,,
83.301,lost,,,,
83.311,lost,,,,
83.323,lost,,,,
83.334,lost,,,,
83.345,lost,,,,
83.357,lost,,,,
83.368,lost,,,,
83.379,lost,,,,
83.393,lost,,,,
83.402,lost,,,,
83.412,lost,,,,
83.426,lost,,,,
83.437,lost,,,,
83.447,lost,,,,
83.460,lost,,,,
83.469,lost,,,,
83.479,lost,,,,
83.492,lost,,,,
83.502,lost,,,,
83.512,lost,,,,
83.523,lost,,,,
83.533,lost,,,,
83.544,lost,,,,
83.555,lost,,,,
83.566,lost,,,,
83.578,lost,,,,
83.592,lost,,,,
83.604,lost,,,,
83.617,lost,,,,
83.633,lost,,,,
83.646,lost,,,,
83.658,lost,,,,
83.669,lost,,,,
83.679,lost,,,,
83.692,lost,,,,
83.701,lost,,,,
83.712,lost,,,,
83.725,lost,,,,
83.736,lost,,,,
83.746,lost,,,,
83.758,lost,,,,
83.768,lost,,,,
83.779,lost,,,,
83.791,lost,,,,
83.801,lost,,,,
83.812,lost,,,,
83.823,lost,,,,
83.834,lost,,,,
83.845,lost,,,,
83.854,lost,,,,
83.866,lost,,,,
83.877,lost,,,,
83.889,lost,,,,
83.901,lost,,,,
83.914,lost,,,,
83.928,lost,,,,
83.941,lost,,,,
83.952,lost,,,,
83.965,lost,,,,
83.976,lost,,,,
83.986,lost,,,,
83.999,lost,,,,
84.010,lost,,,,
84.020,lost,,,,
84.032,lost,,,,
84.045,lost,,,,
84.056,lost,,,,
84.067,lost,,,,
84.076,lost,,,,
84.086,lost,,,,
84.099,lost,,,,
84.113,lost,,,,
84.127,lost,,,,
84.140,lost,,,,
84.151,lost,,,,
84.164,lost,,,,
84.174,lost,,,,
84.185,lost,,,,
84.198,lost,,,,
84.211,lost,,,,
84.225,lost,,,,
84.235,lost,,,,
84.245,lost,,,,
84.256,lost,,,,
84.267,lost,,,,
84.280,lost,,,,
84.294,lost,,,,
84.308,lost,,,,
84.318,lost,,,,
84.331,lost,,,,
84.344,lost,,,,
84.354,lost,,,,
84.366,lost,,,,
84.377,lost,,,,
84.387,lost,,,,
84.400,lost,,,,
84.414,lost,,,,
84.427,lost,,,,
84.440,lost,,,,
84.452,lost,,,,
84.466,lost,,,,
84.477,lost,,,,
84.489,lost,,,,
84.499,lost,,,,
84.512,lost,,,,
84.523,lost,,,,
84.535,lost,,,,
84.549,lost,,,,
84.564,lost,,,,
84.578,lost,,,,
84.590,lost,,,,
84.600,lost,,,,
84.612,lost,,,,
84.623,lost,,,,
84.639,lost,,,,
84.654,lost,,,,
84.666,lost,,,,
84.678,lost,,,,
84.691,lost,,,,
84.701,lost,,,,
84.711,lost,,,,
84.724,lost,,,,
84.734,lost,,,,
84.746,lost,,,,
84.758,lost,,,,
84.768,lost,,,,
84.780,lost,,,,
84.790,lost,,,,
84.800,lost,,,,
84.812,lost,,,,
84.825,lost,,,,
84.835,lost,,,,
84.847,lost,,,,
84.859,lost,,,,
84.873,lost,,,,
84.889,lost,,,,
84.904,lost,,,,
84.919,lost,,,,
84.929,lost,,,,
84.943,lost,,,,
84.953,lost,,,,
84.964,lost,,,,
84.977,lost,,,,
84.988,lost,,,,
84.998,lost,,,,
85.012,lost,,,,
85.024,lost,,,,
85.036,lost,,,,
85.049,lost,,,,
85.063,lost,,,,
85.079,lost,,,,
85.093,lost,,,,
85.109,lost,,,,
85.122,lost,,,,
85.136,lost,,,,
85.153,lost,,,,
85.164,lost,,,,
85.177,lost,,,,
85.187,lost,,,,
85.200,lost,,,,
85.215,lost,,,,
85.227,lost,,,,
85.239,lost,,,,
85.250,lost,,,,
85.263,lost,,,,
85.279,lost,,,,
85.290,lost,,,,
85.301,lost,,,,
85.314,lost,,,,
85.329,lost,,,,
85.344,lost,,,,
85.356,lost,,,,
85.371,lost,,,,
85.385,lost,,,,
85.398,lost,,,,
85.411,lost,,,,
85.421,lost,,,,
85.433,lost,,,,
85.448,lost,,,,
85.462,lost,,,,
85.477,lost,,,,
85.491,lost,,,,
85.505,lost,,,,
85.521,lost,,,,
85.532,lost,,,,
85.545,lost,,,,
85.555,lost,,,,
85.567,lost,,,,
85.581,lost,,,,
85.591,lost,,,,
85.601,lost,,,,
85.615,lost,,,,
85.626,lost,,,,
85.639,lost,,,,
85.652,lost,,,,
85.665,lost,,,,
85.678,lost,,,,
85.689,lost,,,,
85.700,lost,,,,
85.713,lost,,,,
85.724,lost,,,,
85.735,lost,,,,
85.749,lost,,,,
85.760,lost,,,,
85.770,lost,,,,
85.783,lost,,,,
85.795,lost,,,,
85.807,lost,,,,
85.818,lost,,,,
85.831,lost,,,,
85.843,lost,,,,
85.854,lost,,,,
85.865,lost,,,,
85.879,lost,,,,
85.893,lost,,,,
85.904,lost,,,,
85.916,lost,,,,
85.929,lost,,,,
85.940,lost,,,,
85.952,lost,,,,
85.965,lost,,,,
85.977,lost,,,,
85.988,lost,,,,
85.998,lost,,,,
86.010,lost,,,,
86.019,lost,,,,
86.030,lost,,,,
86.043,lost,,,,
86.054,lost,,,,
86.065,lost,,,,
86.078,lost,,,,
86.090,lost,,,,
86.102,lost,,,,
86.114,lost,,,,
86.126,lost,,,,
86.138,lost,,,,
86.152,lost,,,,
86.164,lost,,,,
86.174,lost,,,,
86.185,lost,,,,
86.197,lost,,,,
86.209,lost,,,,
86.221,lost,,,,
86.231,lost,,,,
86.245,lost,,,,
86.256,lost,,,,
86.266,lost,,,,
86.279,lost,,,,
86.290,lost,,,,
86.302,lost,,,,
86.314,lost,,,,
86.327,lost,,,,
86.340,lost,,,,
86.351,lost,,,,
86.363,lost,,,,
86.375,lost,,,,
86.386,lost,,,,
86.397,lost,,,,
86.410,lost,,,,
86.422,lost,,,,
86.433,lost,,,,
86.446,lost,,,,
86.458,lost,,,,
86.469,lost,,,,
86.481,lost,,,,
86.493,lost,,,,
86.506,lost,,,,
86.518,lost,,,,
86.531,lost,,,,
86.544,lost,,,,
86.556,lost,,,,
86.568,lost,,,,
86.581,lost,,,,
86.595,lost,,,,
86.607,lost,,,,
86.618,lost,,,,
86.629,lost,,,,
86.642,lost,,,,
86.654,lost,,,,
86.666,lost,,,,
86.678,lost,,,,
86.690,lost,,,,
86.702,lost,,,,
86.713,lost,,,,
86.725,lost,,,,
86.737,lost,,,,
86.747,lost,,,,
86.761,lost,,,,
86.774,lost,,,,
86.784,lost,,,,
86.797,lost,,,,
86.808,lost,,,,
86.818,lost,,,,
86.831,lost,,,,
86.843,lost,,,,
86.857,lost,,,,
86.870,lost,,,,
86.881,lost,,,,
86.896,lost,,,,
86.906,lost,,,,
86.920,lost,,,,
86.934,lost,,,,
86.945,lost,,,,
86.957,lost,,,,
86.968,lost,,,,
86.982,lost,,,,
86.996,lost,,,,
87.010,lost,,,,
87.021,lost,,,,
87.033,lost,,,,
87.044,lost,,,,
87.057,lost,,,,
87.068,lost,,,,
87.078,lost,,,,
87.091,lost,,,,
87.101,lost,,,,
87.114,lost,,,,
87.130,lost,,,,
87.144,lost,,,,
87.158,lost,,,,
87.168,lost,,,,
87.179,lost,,,,
87.191,lost,,,,
87.202,lost,,,,
87.214,lost,,,,
87.229,lost,,,,
87.243,lost,,,,
87.256,lost,,,,
87.270,lost,,,,
87.282,lost,,,,
87.297,lost,,,,
87.308,lost,,,,
87.321,lost,,,,
87.333,lost,,,,
87.344,lost,,,,
87.356,lost,,,,
87.367,lost,,,,
87.378,lost,,,,
87.392,lost,,,,
87.404,lost,,,,
87.415,lost,,,,
87.431,lost,,,,
87.446,lost,,,,
87.459,lost,,,,
87.471,lost,,,,
87.482,lost,,,,
87.495,lost,,,,
87.506,lost,,,,
87.519,lost,,,,
87.533,lost,,,,
87.544,lost,,,,
87.555,lost,,,,
87.567,lost,,,,
87.582,lost,,,,
87.597,lost,,,,
87.607,lost,,,,
87.617,lost,,,,
87.629,lost,,,,
87.640,lost,,,,
87.654,lost,,,,
87.670,lost,,,,
87.684,lost,,,,
87.698,lost,,,,
87.711,lost,,,,
87.720,lost,,,,
87.733,lost,,,,
87.746,lost,,,,
87.758,lost,,,,
87.770,lost,,,,
87.781,lost,,,,
87.791,lost,,,,
87.802,lost,,,,
87.813,lost,,,,
87.823,lost,,,,
87.834,lost,,,,
87.846,lost,,,,
87.856,lost,,,,
87.867,lost,,,,
87.882,lost,,,,
87.899,lost,,,,
87.913,lost,,,,
87.928,lost,,,,
87.943,lost,,,,
87.955,lost,,,,
87.969,lost,,,,
87.982,lost,,,,
87.993,lost,,,,
88.005,lost,,,,
88.016,lost,,,,
88.028,lost,,,,
88.038,lost,,,,
88.049,lost,,,,
88.061,lost,,,,
88.072,lost,,,,
88.083,lost,,,,
88.094,lost,,,,
88.106,lost,,,,
88.117,lost,,,,
88.128,lost,,,,
88.144,lost,,,,
88.158,lost,,,,
88.175,lost,,,,
88.186,lost,,,,
88.198,lost,,,,
88.212,lost,,,,
88.225,lost,,,,
88.238,lost,,,,
88.252,lost,,,,
88.265,lost,,,,
88.278,lost,,,,
88.291,lost,,,,
88.303,lost,,,,
88.315,lost,,,,
88.327,lost,,,,
88.338,lost,,,,
88.352,lost,,,,
88.366,lost,,,,
88.378,lost,,,,
88.389,lost,,,,
88.401,lost,,,,
88.414,lost,,,,
88.425,lost,,,,
88.436,lost,,,,
88.450,lost,,,,
88.464,lost,,,,
88.477,lost,,,,
88.486,lost,,,,
88.498,lost,,,,
88.511,lost,,,,
88.522,lost,,,,
88.533,lost,,,,
88.546,lost,,,,
88.558,lost,,,,
88.570,lost,,,,
88.581,lost,,,,
88.593,lost,,,,
88.605,lost,,,,
88.615,lost,,,,
88.628,lost,,,,
88.643,lost,,,,
88.657,lost,,,,
88.671,lost,,,,
88.681,lost,,,,
88.695,lost,,,,
88.707,lost,,,,
88.718,lost,,,,
88.729,lost,,,,
88.742,lost,,,,
88.753,lost,,,,
88.764,lost,,,,
88.776,lost,,,,
88.787,lost,,,,
88.798,lost,,,,
88.810,lost,,,,
88.821,lost,,,,
88.832,lost,,,,
88.844,lost,,,,
88.856,lost,,,,
88.866,lost,,,,
88.878,lost,,,,
88.894,lost,,,,
88.909,lost,,,,
88.920,lost,,,,
88.934,lost,,,,
88.949,lost,,,,
88.963,lost,,,,
88.975,lost,,,,
88.984,lost,,,,
88.995,lost,,,,
89.006,lost,,,,
89.017,lost,,,,
89.028,lost,,,,
89.042,lost,,,,
89.055,lost,,,,
89.068,lost,,,,
89.081,lost,,,,
89.093,lost,,,,
89.107,lost,,,,
89.117,lost,,,,
89.129,lost,,,,
89.141,lost,,,,
89.154,lost,,,,
89.167,lost,,,,
89.181,lost,,,,
89.193,lost,,,,
89.206,lost,,,,
89.217,lost,,,,
89.229,lost,,,,
89.243,lost,,,,
89.255,lost,,,,
89.271,lost,,,,
89.284,lost,,,,
89.294,lost,,,,
89.307,lost,,,,
89.321,lost,,,,
89.332,lost,,,,
89.344,lost,,,,
89.352,lost,,,,
89.366,lost,,,,
89.377,lost,,,,
89.388,lost,,,,
89.402,lost,,,,
89.414,lost,,,,
89.424,lost,,,,
89.436,lost,,,,
89.448,lost,,,,
89.461,lost,,,,
89.475,lost,,,,
89.490,lost,,,,
89.503,lost,,,,
89.512,lost,,,,
89.524,lost,,,,
89.537,lost,,,,
89.549,lost,,,,
89.563,lost,,,,
89.574,lost,,,,
89.584,lost,,,,
89.594,lost,,,,
89.609,lost,,,,
89.623,lost,,,,
89.636,lost,,,,
89.647,lost,,,,
89.662,lost,,,,
89.676,lost,,,,
89.688,lost,,,,
89.698,lost,,,,
89.709,lost,,,,
89.718,lost,,,,
89.731,lost,,,,
89.744,lost,,,,
89.756,lost,,,,
89.767,lost,,,,
89.779,lost,,,,
89.789,lost,,,,
89.800,lost,,,,
89.811,lost,,,,
89.822,lost,,,,
89.833,lost,,,,
89.845,lost,,,,
89.854,lost,,,,
89.866,lost,,,,
89.877,lost,,,,
89.889,lost,,,,
89.901,lost,,,,
89.914,lost,,,,
89.926,lost,,,,
89.937,lost,,,,
89.949,lost,,,,
89.959,lost,,,,
89.969,lost,,,,
89.980,lost,,,,
89.990,lost,,,,
90.001,lost,,,,
90.012,lost,,,,
90.021,lost,,,,
90.033,lost,,,,
90.045,lost,,,,
90.056,lost,,,,
90.067,lost,,,,
90.083,lost,,,,
90.098,lost,,,,
90.109,lost,,,,
90.120,lost,,,,
90.133,lost,,,,
90.146,lost,,,,
90.159,lost,,,,
90.170,lost,,,,
90.183,lost,,,,
90.193,lost,,,,
90.206,lost,,,,
90.219,lost,,,,
90.234,lost,,,,
90.249,lost,,,,
90.261,lost,,,,
90.273,lost,,,,
90.288,lost,,,,
90.302,lost,,,,
90.316,lost,,,,
90.330,lost,,,,
90.340,lost,,,,
90.353,lost,,,,
90.367,lost,,,,
90.382,lost,,,,
90.395,lost,,,,
90.408,lost,,,,
90.419,lost,,,,
90.431,lost,,,,
90.442,lost,,,,
90.453,lost,,,,
90.468,lost,,,,
90.482,lost,,,,
90.494,lost,,,,
90.507,lost,,,,
90.519,lost,,,,
90.533,lost,,,,
90.544,lost,,,,
90.554,lost,,,,
90.566,lost,,,,
90.580,lost,,,,
90.594,lost,,,,
90.603,lost,,,,
90.616,lost,,,,
90.631,lost,,,,
90.644,lost,,,,
90.658,lost,,,,
90.674,lost,,,,
90.687,lost,,,,
90.701,lost,,,,
90.714,lost,,,,
90.729,lost,,,,
90.743,lost,,,,
90.756,lost,,,,
90.766,lost,,,,
90.778,lost,,,,
90.791,lost,,,,
90.802,lost,,,,
90.812,lost,,,,
90.825,lost,,,,
90.836,lost,,,,
90.846,lost,,,,
90.858,lost,,,,
90.870,lost,,,,
90.880,lost,,,,
90.893,lost,,,,
90.908,lost,,,,
90.925,lost,,,,
90.937,lost,,,,
90.948,lost,,,,
90.958,lost,,,,
90.970,lost,,,,
90.981,lost,,,,
90.995,lost,,,,
91.009,lost,,,,
91.021,lost,,,,
91.034,lost,,,,
91.047,lost,,,,
91.057,lost,,,,
91.068,lost,,,,
91.078,lost,,,,
91.089,lost,,,,
91.100,lost,,,,
91.109,lost,,,,
91.122,lost,,,,
91.134,lost,,,,
91.145,lost,,,,
91.157,lost,,,,
91.170,lost,,,,
91.181,lost,,,,
91.192,lost,,,,
91.204,lost,,,,
91.213,lost,,,,
91.224,lost,,,,
91.236,lost,,,,
91.246,lost,,,,
91.258,lost,,,,
91.269,lost,,,,
91.279,lost,,,,
91.293,lost,,,,
91.306,lost,,,,
91.320,lost,,,,
91.332,lost,,,,
91.342,lost,,,,
91.355,lost,,,,
91.368,lost,,,,
91.378,lost,,,,
91.390,lost,,,,
91.402,lost,,,,
91.415,lost,,,,
91.429,lost,,,,
91.440,lost,,,,
91.453,lost,,,,
91.464,lost,,,,
91.477,lost,,,,
91.490,lost,,,,
91.504,lost,,,,
91.515,lost,,,,
91.531,lost,,,,
91.545,lost,,,,
91.560,lost,,,,
91.572,lost,,,,
91.582,lost,,,,
91.593,lost,,,,
91.604,lost,,,,
91.614,lost,,,,
91.625,lost,,,,
91.637,lost,,,,
91.648,lost,,,,
91.660,lost,,,,
91.672,lost,,,,
91.683,lost,,,,
91.694,lost,,,,
91.705,lost,,,,
91.716,lost,,,,
91.727,lost,,,,
91.738,lost,,,,
91.749,lost,,,,
91.762,lost,,,,
91.775,lost,,,,
91.785,lost,,,,
91.797,lost,,,,
91.808,lost,,,,
91.818,lost,,,,
91.830,lost,,,,
91.841,lost,,,,
91.854,lost,,,,
91.868,lost,,,,
91.881,lost,,,,
91.895,lost,,,,
91.908,lost,,,,
91.926,lost,,,,
91.940,lost,,,,
91.954,lost,,,,
91.968,lost,,,,
91.981,lost,,,,
91.992,lost,,,,
92.004,lost,,,,
92.014,lost,,,,
92.025,lost,,,,
92.037,lost,,,,
92.047,lost,,,,
92.059,lost,,,,
92.070,lost,,,,
92.083,lost,,,,
92.095,lost,,,,
92.105,lost,,,,
92.117,lost,,,,
92.130,lost,,,,
92.140,lost,,,,
92.153,lost,,,,
92.168,lost,,,,
92.183,lost,,,,
92.195,lost,,,,
92.205,lost,,,,
92.217,lost,,,,
92.231,lost,,,,
92.243,lost,,,,
92.258,lost,,,,
92.270,lost,,,,
92.282,lost,,,,
92.293,lost,,,,
92.305,lost,,,,
92.317,lost,,,,
92.328,lost,,,,
92.338,lost,,,,
92.351,lost,,,,
92.363,lost,,,,
92.373,lost,,,,
92.385,lost,,,,
92.396,lost,,,,
92.410,lost,,,,
92.426,lost,,,,
92.439,lost,,,,
92.454,lost,,,,
92.468,lost,,,,
92.482,lost,,,,
92.497,lost,,,,
92.510,lost,,,,
92.522,lost,,,,
92.532,lost,,,,
92.545,lost,,,,
92.558,lost,,,,
92.568,lost,,,,
92.581,lost,,,,
92.593,lost,,,,
92.602,lost,,,,
92.615,lost,,,,
92.627,lost,,,,
92.638,lost,,,,
92.650,lost,,,,
92.664,lost,,,,
92.679,lost,,,,
92.691,lost,,,,
92.704,lost,,,,
92.717,lost,,,,
92.732,lost,,,,
92.746,lost,,,,
92.758,lost,,,,
92.768,lost,,,,
92.782,lost,,,,
92.796,lost,,,,
92.808,lost,,,,
92.822,lost,,,,
92.833,lost,,,,
92.844,lost,,,,
92.855,lost,,,,
92.865,lost,,,,
92.878,lost,,,,
92.890,lost,,,,
92.900,lost,,,,
92.914,lost,,,,
92.927,lost,,,,
92.937,lost,,,,
92.950,lost,,,,
92.963,lost,,,,
92.978,lost,,,,
92.990,lost,,,,
93.001,lost,,,,
93.014,lost,,,,
93.025,lost,,,,
93.035,lost,,,,
93.049,lost,,,,
93.061,lost,,,,
93.072,lost,,,,
93.084,lost,,,,
93.095,lost,,,,
93.105,lost,,,,
93.117,lost,,,,
93.129,lost,,,,
93.143,lost,,,,
93.154,lost,,,,
93.166,lost,,,,
93.180,lost,,,,
93.191,lost,,,,
93.203,lost,,,,
93.215,lost,,,,
93.227,lost,,,,
93.237,lost,,,,
93.250,lost,,,,
93.262,lost,,,,
93.272,lost,,,,
93.284,lost,,,,
93.296,lost,,,,
93.306,lost,,,,
93.318,lost,,,,
93.329,lost,,,,
93.340,lost,,,,
93.351,lost,,,,
93.361,lost,,,,
93.370,lost,,,,
93.383,lost,,,,
93.395,lost,,,,
93.405,lost,,,,
93.418,lost,,,,
93.430,lost,,,,
93.441,lost,,,,
93.452,lost,,,,
93.463,lost,,,,
93.473,lost,,,,
93.486,lost,,,,
93.500,lost,,,,
93.515,lost,,,,
93.526,lost,,,,
93.535,lost,,,,
93.547,lost,,,,
93.559,lost,,,,
93.569,lost,,,,
93.582,lost,,,,
93.592,lost,,,,
93.603,lost,,,,
93.615,lost,,,,
93.630,lost,,,,
93.643,lost,,,,
93.656,lost,,,,
93.668,lost,,,,
93.683,lost,,,,
93.696,lost,,,,
93.707,lost,,,,
93.717,lost,,,,
93.728,lost,,,,
93.738,lost,,,,
93.749,lost,,,,
93.762,lost,,,,
93.772,lost,,,,
93.783,lost,,,,
93.794,lost,,,,
93.806,lost,,,,
93.817,lost,,,,
93.829,lost,,,,
93.840,lost,,,,
93.851,lost,,,,
93.863,lost,,,,
93.874,lost,,,,
93.885,lost,,,,
93.896,lost,,,,
93.906,lost,,,,
93.918,lost,,,,
93.934,lost,,,,
93.951,lost,,,,
93.966,lost,,,,
93.980,lost,,,,
93.993,lost,,,,
94.004,lost,,,,
94.016,lost,,,,
94.027,lost,,,,
94.037,lost,,,,
94.048,lost,,,,
94.060,lost,,,,
94.072,lost,,,,
94.086,lost,,,,
94.099,lost,,,,
94.113,lost,,,,
94.125,lost,,,,
94.136,lost,,,,
94.147,lost,,,,
94.160,lost,,,,
94.173,lost,,,,
94.186,lost,,,,
94.197,lost,,,,
94.210,lost,,,,
94.222,lost,,,,
94.232,lost,,,,
94.245,lost,,,,
94.257,lost,,,,
94.268,lost,,,,
94.282,lost,,,,
94.294,lost,,,,
94.304,lost,,,,
94.315,lost,,,,
94.327,lost,,,,
94.340,lost,,,,
94.351,lost,,,,
94.362,lost,,,,
94.373,lost,,,,
94.384,lost,,,,
94.395,lost,,,,
94.407,lost,,,,
94.417,lost,,,,
94.429,lost,,,,
94.444,lost,,,,
94.455,lost,,,,
94.465,lost,,,,
94.478,lost,,,,
94.489,lost,,,,
94.500,lost,,,,
94.512,lost,,,,
94.524,lost,,,,
94.538,lost,,,,
94.549,lost,,,,
94.561,lost,,,,
94.573,lost,,,,
94.584,lost,,,,
94.596,lost,,,,
94.609,lost,,,,
94.625,lost,,,,
94.638,lost,,,,
94.649,lost,,,,
94.660,lost,,,,
94.672,lost,,,,
94.685,lost,,,,
94.698,lost,,,,
94.710,lost,,,,
94.722,lost,,,,
94.734,lost,,,,
94.745,lost,,,,
94.756,lost,,,,
94.767,lost,,,,
94.778,lost,,,,
94.789,lost,,,,
94.798,lost,,,,
94.811,lost,,,,
94.822,lost,,,,
94.832,lost,,,,
94.844,lost,,,,
94.854,lost,,,,
94.864,lost,,,,
94.877,lost,,,,
94.888,lost,,,,
94.898,lost,,,,
94.911,lost,,,,
94.922,lost,,,,
94.934,lost,,,,
94.946,lost,,,,
94.957,lost,,,,
94.968,lost,,,,
94.979,lost,,,,
94.990,lost,,,,
95.000,lost,,,,
95.012,lost,,,,
95.023,lost,,,,
95.033,lost,,,,
95.045,lost,,,,
95.055,lost,,,,
95.065,lost,,,,
95.077,lost,,,,
95.087,lost,,,,
95.098,lost,,,,
95.109,lost,,,,
95.118,lost,,,,
95.129,lost,,,,
95.142,lost,,,,
95.153,lost,,,,
95.163,lost,,,,
95.178,lost,,,,
95.190,lost,,,,
95.201,lost,,,,
95.212,lost,,,,
95.223,lost,,,,
95.232,lost,,,,
95.244,lost,,,,
95.257,lost,,,,
95.270,lost,,,,
95.280,lost,,,,
95.291,lost,,,,
95.300,lost,,,,
95.312,lost,,,,
95.322,lost,,,,
95.332,lost,,,,
95.344,lost,,,,
95.354,lost,,,,
95.365,lost,,,,
95.376,lost,,,,
95.386,lost,,,,
95.398,lost,,,,
95.408,lost,,,,
95.418,lost,,,,
95.430,lost,,,,
95.442,lost,,,,
95.456,lost,,,,
95.467,lost,,,,
95.479,lost,,,,
95.488,lost,,,,
95.500,lost,,,,
95.512,lost,,,,
95.526,lost,,,,
95.540,lost,,,,
95.550,lost,,,,
95.561,lost,,,,
95.573,lost,,,,
95.583,lost,,,,
95.595,lost,,,,
95.604,lost,,,,
95.615,lost,,,,
95.625,lost,,,,
95.636,lost,,,,
95.650,lost,,,,
95.664,lost,,,,
95.675,lost,,,,
95.686,lost,,,,
95.700,lost,,,,
95.713,lost,,,,
95.723,lost,,,,
95.735,lost,,,,
95.747,lost,,,,
95.757,lost,,,,
95.769,lost,,,,
95.783,lost,,,,
95.796,lost,,,,
95.809,lost,,,,
95.819,lost,,,,
95.831,lost,,,,
95.842,lost,,,,
95.852,lost,,,,
95.864,lost,,,,
95.876,lost,,,,
95.886,lost,,,,
95.898,lost,,,,
95.909,lost,,,,
95.921,lost,,,,
95.935,lost,,,,
95.948,lost,,,,
95.960,lost,,,,
95.971,lost,,,,
95.982,lost,,,,
95.992,lost,,,,
96.002,lost,,,,
96.017,lost,,,,
96.030,lost,,,,
96.044,lost,,,,
96.053,lost,,,,
96.067,lost,,,,
96.079,lost,,,,
96.087,lost,,,,
96.101,lost,,,,
96.112,lost,,,,
96.121,lost,,,,
96.133,lost,,,,
96.145,lost,,,,
96.154,lost,,,,
96.168,lost,,,,
96.180,lost,,,,
96.191,lost,,,,
96.204,lost,,,,
96.216,lost,,,,
96.227,lost,,,,
96.237,lost,,,,
96.249,lost,,,,
96.260,lost,,,,
96.271,lost,,,,
96.282,lost,,,,
96.294,lost,,,,
96.305,lost,,,,
96.316,lost,,,,
96.327,lost,,,,
96.338,lost,,,,
96.350,lost,,,,
96.362,lost,,,,
96.372,lost,,,,
96.383,lost,,,,
96.394,lost,,,,
96.404,lost,,,,
96.415,lost,,,,
96.426,lost,,,,
96.437,lost,,,,
96.451,lost,,,,
96.464,lost,,,,
96.475,lost,,,,
96.484,lost,,,,
96.497,lost,,,,
96.509,lost,,,,
96.518,lost,,,,
96.530,lost,,,,
96.540,lost,,,,
96.550,lost,,,,
96.564,lost,,,,
96.575,lost,,,,
96.585,lost,,,,
96.598,lost,,,,
96.609,lost,,,,
96.618,lost,,,,
96.630,lost,,,,
96.640,lost,,,,
96.650,lost,,,,
96.663,lost,,,,
96.674,lost,,,,
96.684,lost,,,,
96.697,lost,,,,
96.713,lost,,,,
96.723,lost,,,,
96.735,lost,,,,
96.747,lost,,,,
96.759,lost,,,,
96.771,lost,,,,
96.782,lost,,,,
96.794,lost,,,,
96.804,lost,,,,
96.815,lost,,,,
96.825,lost,,,,
96.837,lost,,,,
96.849,lost,,,,
96.860,lost,,,,
96.870,lost,,,,
96.882,lost,,,,
96.893,lost,,,,
96.904,lost,,,,
96.915,lost,,,,
96.927,lost,,,,
96.937,lost,,,,
96.951,lost,,,,
96.964,lost,,,,
96.973,lost,,,,
96.984,lost,,,,
96.995,lost,,,,
97.006,lost,,,,
97.017,lost,,,,
97.029,lost,,,,
97.040,lost,,,,
97.051,lost,,,,
97.064,lost,,,,
97.075,lost,,,,
97.086,lost,,,,
97.097,lost,,,,
97.109,lost,,,,
97.118,lost,,,,
97.132,lost,,,,
97.144,lost,,,,
97.155,lost,,,,
97.168,lost,,,,
97.180,lost,,,,
97.191,lost,,,,
97.204,lost,,,,
97.216,lost,,,,
97.226,lost,,,,
97.238,lost,,,,
97.249,lost,,,,
97.261,lost,,,,
97.272,lost,,,,
97.283,lost,,,,
97.295,lost,,,,
97.305,lost,,,,
97.316,lost,,,,
97.327,lost,,,,
97.337,lost,,,,
97.349,lost,,,,
97.362,lost,,,,
97.376,lost,,,,
97.390,lost,,,,
97.402,lost,,,,
97.413,lost,,,,
97.423,lost,,,,
97.435,lost,,,,
97.447,lost,,,,
97.460,lost,,,,
97.471,lost,,,,
97.483,lost,,,,
97.494,lost,,,,
97.504,lost,,,,
97.515,lost,,,,
97.527,lost,,,,
97.537,lost,,,,
97.549,lost,,,,
97.560,lost,,,,
97.571,lost,,,,
97.582,lost,,,,
97.592,lost,,,,
97.603,lost,,,,
97.615,lost,,,,
97.627,lost,,,,
97.637,lost,,,,
97.648,lost,,,,
97.658,lost,,,,
97.669,lost,,,,
97.681,lost,,,,
97.692,lost,,,,
97.703,lost,,,,
97.716,lost,,,,
97.727,lost,,,,
97.738,lost,,,,
97.750,lost,,,,
97.762,lost,,,,
97.772,lost,,,,
97.782,lost,,,,
97.792,lost,,,,
97.804,lost,,,,
97.815,lost,,,,
97.826,lost,,,,
97.837,lost,,,,
97.849,lost,,,,
97.860,lost,,,,
97.871,lost,,,,
97.881,lost,,,,
97.892,lost,,,,
97.902,lost,,,,
97.914,lost,,,,
97.924,lost,,,,
97.935,lost,,,,
97.950,lost,,,,
97.967,lost,,,,
97.981,lost,,,,
97.991,lost,,,,
98.002,lost,,,,
98.015,lost,,,,
98.026,lost,,,,
98.037,lost,,,,
98.049,lost,,,,
98.061,lost,,,,
98.072,lost,,,,
98.083,lost,,,,
98.097,lost,,,,
98.107,lost,,,,
98.117,lost,,,,
98.130,lost,,,,
98.141,lost,,,,
98.151,lost,,,,
98.162,lost,,,,
98.173,lost,,,,
98.184,lost,,,,
98.197,lost,,,,
98.209,lost,,,,
98.220,lost,,,,
98.232,lost,,,,
98.245,lost,,,,
98.255,lost,,,,
98.266,lost,,,,
98.279,lost,,,,
98.288,lost,,,,
98.300,lost,,,,
98.312,lost,,,,
98.322,lost,,,,
98.335,lost,,,,
98.348,lost,,,,
98.360,lost,,,,
98.369,lost,,,,
98.381,lost,,,,
98.392,lost,,,,
98.401,lost,,,,
98.413,lost,,,,
98.422,lost,,,,
98.434,lost,,,,
98.445,lost,,,,
98.455,lost,,,,
98.470,lost,,,,
98.483,lost,,,,
98.497,lost,,,,
98.507,lost,,,,
98.518,lost,,,,
98.532,lost,,,,
98.545,lost,,,,
98.553,lost,,,,
98.565,lost,,,,
98.578,lost,,,,
98.586,lost,,,,
98.598,lost,,,,
98.610,lost,,,,
98.619,lost,,,,
98.633,lost,,,,
98.644,lost,,,,
98.654,lost,,,,
98.666,lost,,,,
98.678,lost,,,,
98.687,lost,,,,
98.699,lost,,,,
98.711,lost,,,,
98.721,lost,,,,
98.735,lost,,,,
98.750,lost,,,,
98.765,lost,,,,
98.777,lost,,,,
98.786,lost,,,,
98.799,lost,,,,
98.811,lost,,,,
98.820,lost,,,,
98.833,lost,,,,
98.845,lost,,,,
98.854,lost,,,,
98.865,lost,,,,
98.879,lost,,,,
98.888,lost,,,,
98.900,lost,,,,
98.912,lost,,,,
98.922,lost,,,,
98.933,lost,,,,
98.946,lost,,,,
98.956,lost,,,,
98.969,lost,,,,
98.983,lost,,,,
98.996,lost,,,,
99.006,lost,,,,
99.017,lost,,,,
99.030,lost,,,,
99.040,lost,,,,
99.051,lost,,,,
99.064,lost,,,,
99.074,lost,,,,
99.084,lost,,,,
99.097,lost,,,,
99.108,lost,,,,
99.117,lost,,,,
99.130,lost,,,,
99.141,lost,,,,
99.153,lost,,,,
99.168,lost,,,,
99.181,lost,,,,
99.194,lost,,,,
99.207,lost,,,,
99.218,lost,,,,
99.232,lost,,,,
99.245,lost,,,,
99.255,lost,,,,
99.267,lost,,,,
99.280,lost,,,,
99.291,lost,,,,
99.302,lost,,,,
99.314,lost,,,,
99.324,lost,,,,
99.335,lost,,,,
99.348,lost,,,,
99.360,lost,,,,
99.370,lost,,,,
99.381,lost,,,,
99.393,lost,,,,
99.402,lost,,,,
99.414,lost,,,,
99.423,lost,,,,
99.435,lost,,,,
99.447,lost,,,,
99.458,lost,,,,
99.470,lost,,,,
99.482,lost,,,,
99.494,lost,,,,
99.505,lost,,,,
99.515,lost,,,,
99.527,lost,,,,
99.537,lost,,,,
99.551,lost,,,,
99.565,lost,,,,
99.580,lost,,,,
99.594,lost,,,,
99.606,lost,,,,
99.618,lost,,,,
99.634,lost,,,,
99.649,lost,,,,
99.663,lost,,,,
99.674,lost,,,,
99.684,lost,,,,
99.696,lost,,,,
99.709,lost,,,,
99.722,lost,,,,
99.737,lost,,,,
99.750,lost,,,,
99.763,lost,,,,
99.777,lost,,,,
99.792,lost,,,,
99.802,lost,,,,
99.813,lost,,,,
99.825,lost,,,,
99.835,lost,,,,
99.845,lost,,,,
99.856,lost,,,,
99.867,lost,,,,
99.880,lost,,,,
99.895,lost,,,,
99.904,lost,,,,
99.915,lost,,,,
99.927,lost,,,,
99.941,lost,,,,
99.956,lost,,,,
99.972,lost,,,,
99.989,lost,,,,
100.002,lost,,,,
100.015,lost,,,,
100.029,lost,,,,
100.039,lost,,,,
100.049,lost,,,,
100.061,lost,,,,
100.074,lost,,,,
100.087,lost,,,,
100.100,lost,,,,
100.113,lost,,,,
100.126,lost,,,,
100.138,lost,,,,
100.153,lost,,,,
100.166,lost,,,,
100.181,lost,,,,
100.194,lost,,,,
100.205,lost,,,,
100.217,lost,,,,
100.230,lost,,,,
100.246,lost,,,,
100.261,lost,,,,
100.273,lost,,,,
100.284,lost,,,,
100.295,lost,,,,
100.308,lost,,,,
100.319,lost,,,,
100.330,lost,,,,
100.343,lost,,,,
100.353,lost,,,,
100.363,lost,,,,
100.377,lost,,,,
100.387,lost,,,,
100.399,lost,,,,
100.414,lost,,,,
100.425,lost,,,,
100.437,lost,,,,
100.449,lost,,,,
100.463,lost,,,,
100.481,lost,,,,
100.493,lost,,,,
100.504,lost,,,,
100.516,lost,,,,
100.528,lost,,,,
100.539,lost,,,,
100.550,lost,,,,
100.561,lost,,,,
100.572,lost,,,,
100.583,lost,,,,
100.597,lost,,,,
100.610,lost,,,,
100.622,lost,,,,
100.636,lost,,,,
100.650,lost,,,,
100.663,lost,,,,
100.679,lost,,,,
100.692,lost,,,,
100.705,lost,,,,
100.718,lost,,,,
100.732,lost,,,,
100.747,lost,,,,
100.758,lost,,,,
100.769,lost,,,,
100.782,lost,,,,
100.796,lost,,,,
100.810,lost,,,,
100.823,lost,,,,
100.837,lost,,,,
100.851,lost,,,,
100.868,lost,,,,
100.884,lost,,,,
100.897,lost,,,,
100.912,lost,,,,
100.926,lost,,,,
100.939,lost,,,,
100.952,lost,,,,
100.963,lost,,,,
100.974,lost,,,,
100.986,lost,,,,
101.000,lost,,,,
101.015,lost,,,,
101.028,lost,,,,
101.041,lost,,,,
101.055,lost,,,,
101.067,lost,,,,
101.081,lost,,,,
101.094,lost,,,,
101.106,lost,,,,
101.118,lost,,,,
101.130,lost,,,,
101.142,lost,,,,
101.157,lost,,,,
101.170,lost,,,,
101.185,lost,,,,
101.198,lost,,,,
101.214,lost,,,,
101.228,lost,,,,
101.245,lost,,,,
101.258,lost,,,,
101.271,lost,,,,
101.286,lost,,,,
101.300,lost,,,,
101.314,lost,,,,
101.328,lost,,,,
101.341,lost,,,,
101.354,lost,,,,
101.367,lost,,,,
101.382,lost,,,,
101.395,lost,,,,
101.410,lost,,,,
101.423,lost,,,,
101.436,lost,,,,
101.452,lost,,,,
101.466,lost,,,,
101.481,lost,,,,
101.497,lost,,,,
101.512,lost,,,,
101.523,lost,,,,
101.535,lost,,,,
101.553,target,-0.311,0.167,2.687,1
101.568,target,-0.311,0.167,2.687,1
101.585,target,-0.311,0.167,2.687,1
101.599,target,-0.311,0.167,2.687,1
101.613,target,-0.311,0.167,2.687,1
101.626,target,-0.311,0.167,2.687,1
101.640,target,-0.311,0.167,2.687,1
101.655,target,-0.311,0.167,2.687,1
101.672,target,-0.311,0.167,2.687,1
101.686,target,-0.311,0.167,2.687,1
101.700,target,-0.311,0.167,2.687,1
101.717,target,-0.311,0.167,2.687,1
101.734,target,-0.311,0.167,2.687,1
101.754,target,-0.311,0.167,2.687,1
101.768,target,-0.311,0.167,2.687,1
101.785,target,-0.311,0.167,2.687,1
101.801,target,-0.311,0.167,2.687,1
101.817,target,-0.311,0.167,2.687,1
101.833,target,-0.311,0.167,2.687,1
101.850,target,-0.311,0.167,2.687,1
101.865,target,-0.311,0.167,2.687,1
101.880,target,-0.311,0.167,2.687,1
101.893,target,-0.311,0.167,2.687,1
101.907,target,-0.311,0.167,2.687,1
101.922,target,-0.311,0.167,2.687,1
101.935,target,-0.311,0.167,2.687,1
101.949,target,-0.311,0.167,2.687,1
101.965,target,-0.311,0.167,2.687,1
101.978,target,-0.311,0.167,2.687,1
101.994,target,-0.311,0.167,2.687,1
102.010,target,-0.311,0.167,2.687,1
102.024,target,-0.311,0.167,2.687,1
102.038,target,-0.311,0.167,2.687,1
102.051,target,-0.311,0.167,2.687,1
102.066,target,-0.311,0.167,2.687,1
102.080,lost,,,,
102.094,target,0.049,0.061,2.427,1
102.110,target,0.049,0.061,2.427,1
102.128,target,0.057,0.107,2.433,1
102.142,target,0.057,0.107,2.433,1
102.158,target,0.057,0.107,2.433,1
102.172,target,0.057,0.107,2.433,1
102.188,target,0.057,0.107,2.433,1
102.202,target,0.057,0.107,2.433,1
102.218,target,0.057,0.107,2.433,1
102.235,target,0.057,0.107,2.433,1
102.253,target,0.118,0.217,2.447,1
102.266,target,0.118,0.217,2.447,1
102.283,target,0.149,0.294,2.390,1
102.299,target,0.149,0.294,2.390,1
102.316,target,0.149,0.294,2.390,1
102.330,target,0.149,0.294,2.390,1
102.345,target,0.149,0.294,2.390,1
102.359,target,0.149,0.294,2.390,1
102.375,target,0.149,0.294,2.390,1
102.389,target,0.149,0.294,2.390,1
102.403,target,0.149,0.294,2.390,1
102.418,target,0.149,0.294,2.390,1
102.435,target,0.149,0.294,2.390,1
102.451,target,0.149,0.294,2.390,1
102.468,target,0.149,0.294,2.390,1
102.483,target,0.149,0.294,2.390,1
102.499,target,0.149,0.294,2.390,1
102.515,target,0.149,0.294,2.390,1
102.531,target,0.149,0.294,2.390,1
102.547,target,0.149,0.294,2.390,1
102.562,target,0.149,0.294,2.390,1
102.577,target,0.149,0.294,2.390,1
102.593,target,0.149,0.294,2.390,1
102.608,target,0.149,0.294,2.390,1
102.624,target,0.149,0.294,2.390,1
102.639,target,0.175,0.501,2.218,1
102.654,target,0.175,0.501,2.218,1
102.670,target,0.175,0.501,2.218,1
102.685,target,0.175,0.501,2.218,1
102.700,target,0.175,0.501,2.218,1
102.715,target,0.175,0.501,2.218,1
102.731,target,0.175,0.501,2.218,1
102.747,target,0.175,0.501,2.218,1
102.765,target,0.175,0.501,2.218,1
102.783,target,0.175,0.501,2.218,1
102.799,target,0.175,0.501,2.218,1
102.817,target,0.175,0.501,2.218,1
102.832,target,0.175,0.501,2.218,1
102.850,target,0.175,0.501,2.218,1
102.865,target,0.175,0.501,2.218,1
102.880,target,0.175,0.501,2.218,1
102.896,target,0.175,0.501,2.218,1
102.911,target,0.175,0.501,2.218,1
102.926,target,0.175,0.501,2.218,1
102.941,target,0.175,0.501,2.218,1
102.958,target,0.175,0.501,2.218,1
102.976,target,0.175,0.501,2.218,1
102.991,target,0.175,0.501,2.218,1
103.008,target,0.175,0.501,2.218,1
103.022,target,0.175,0.501,2.218,1
103.037,target,0.175,0.501,2.218,1
103.051,target,0.175,0.501,2.218,1
103.065,target,0.175,0.501,2.218,1
103.080,target,0.175,0.501,2.218,1
103.094,target,0.175,0.501,2.218,1
103.111,target,0.175,0.501,2.218,1
103.125,target,0.175,0.501,2.218,1
103.141,target,0.175,0.501,2.218,1
103.156,target,0.175,0.501,2.218,1
103.170,lost,,,,
103.189,lost,,,,
103.208,target,0.251,-0.037,2.021,1
103.223,target,0.251,-0.037,2.021,1
103.238,target,0.251,-0.037,2.021,1
103.254,target,0.251,-0.037,2.021,1
103.269,target,0.251,-0.037,2.021,1
103.287,target,0.251,-0.037,2.021,1
103.304,target,0.251,-0.037,2.021,1
103.317,target,0.251,-0.037,2.021,1
103.332,target,0.251,-0.037,2.021,1
103.347,target,0.251,-0.037,2.021,1
103.364,target,0.251,-0.037,2.021,1
103.381,target,0.251,-0.037,2.021,1
103.398,target,0.251,-0.037,2.021,1
103.413,target,0.251,-0.037,2.021,1
103.431,target,0.251,-0.037,2.021,1
103.446,target,0.251,-0.037,2.021,1
103.463,target,0.251,-0.037,2.021,1
103.479,target,0.251,-0.037,2.021,1
103.498,target,0.251,-0.037,2.021,1
103.516,target,0.251,-0.037,2.021,1
103.530,target,0.251,-0.037,2.021,1
103.544,target,0.251,-0.037,2.021,1
103.560,target,0.251,-0.037,2.021,1
103.575,target,0.251,-0.037,2.021,1
103.588,target,0.251,-0.037,2.021,1
103.603,target,0.251,-0.037,2.021,1
103.616,target,0.251,-0.037,2.021,1
103.631,target,0.251,-0.037,2.021,1
103.645,target,0.251,-0.037,2.021,1
103.662,target,0.251,-0.037,2.021,1
103.680,target,0.251,-0.037,2.021,1
103.697,target,0.251,-0.037,2.021,1
103.716,target,0.251,-0.037,2.021,1
103.730,lost,,,,
103.746,lost,,,,
103.760,lost,,,,
103.773,lost,,,,
103.787,lost,,,,
103.802,lost,,,,
103.817,lost,,,,
103.831,lost,,,,
103.845,lost,,,,
103.860,lost,,,,
103.872,lost,,,,
103.887,lost,,,,
103.900,lost,,,,
103.915,lost,,,,
103.932,lost,,,,
103.949,lost,,,,
103.967,lost,,,,
103.982,lost,,,,
103.998,lost,,,,
104.016,lost,,,,
104.032,lost,,,,
104.046,lost,,,,
104.062,lost,,,,
104.076,lost,,,,
104.091,lost,,,,
104.104,lost,,,,
104.118,lost,,,,
104.134,lost,,,,
104.147,lost,,,,
104.163,lost,,,,
104.176,lost,,,,
104.189,lost,,,,
104.204,lost,,,,
104.219,lost,,,,
104.235,lost,,,,
104.251,lost,,,,
104.273,lost,,,,
104.288,lost,,,,
104.304,lost,,,,
104.317,lost,,,,
104.332,lost,,,,
104.347,lost,,,,
104.362,lost,,,,
104.376,lost,,,,
104.390,lost,,,,
104.404,lost,,,,
104.418,lost,,,,
104.435,lost,,,,
104.450,lost,,,,
104.467,lost,,,,
104.483,lost,,,,
104.501,lost,,,,
104.517,lost,,,,
104.534,lost,,,,
104.551,lost,,,,
104.568,lost,,,,
104.585,lost,,,,
104.601,lost,,,,
104.618,lost,,,,
104.636,lost,,,,
104.652,lost,,,,
104.670,lost,,,,
104.686,lost,,,,
104.702,lost,,,,
104.717,lost,,,,
104.734,lost,,,,
104.750,lost,,,,
104.767,lost,,,,
104.783,lost,,,,
104.801,lost,,,,
104.816,lost,,,,
104.836,lost,,,,
104.850,lost,,,,
104.866,lost,,,,
104.881,lost,,,,
104.897,lost,,,,
104.912,lost,,,,
104.927,lost,,,,
104.941,lost,,,,
104.956,lost,,,,
104.971,lost,,,,
104.985,lost,,,,
105.002,lost,,,,
105.020,lost,,,,
105.036,lost,,,,
105.053,lost,,,,
105.069,lost,,,,
105.085,lost,,,,
105.101,lost,,,,
105.116,lost,,,,
105.133,lost,,,,
105.149,lost,,,,
105.167,lost,,,,
105.183,lost,,,,
105.205,lost,,,,
105.225,lost,,,,
105.243,lost,,,,
105.262,lost,,,,
105.281,lost,,,,
105.301,lost,,,,
105.317,lost,,,,
105.337,lost,,,,
105.354,lost,,,,
105.371,lost,,,,
105.389,lost,,,,
105.407,lost,,,,
105.425,lost,,,,
105.445,lost,,,,
105.464,lost,,,,
105.484,lost,,,,
105.502,lost,,,,
105.523,lost,,,,
105.542,lost,,,,
105.560,lost,,,,
105.579,lost,,,,
105.599,lost,,,,
105.617,target,0.512,-0.297,0.549,1
105.636,target,0.512,-0.297,0.549,1
105.656,target,0.512,-0.290,0.533,1
105.672,target,0.512,-0.290,0.533,1
105.686,target,0.512,-0.298,0.514,1
105.707,target,0.512,-0.298,0.514,1
105.724,target,0.514,-0.289,0.500,1
105.741,target,0.514,-0.289,0.500,1
105.760,target,0.515,-0.293,0.483,1
105.778,target,0.515,-0.293,0.483,1
105.792,target,0.518,-0.287,0.469,1
105.807,target,0.518,-0.287,0.469,1
105.822,target,0.519,-0.285,0.448,1
105.837,target,0.519,-0.285,0.448,1
105.853,target,0.522,-0.283,0.435,1
105.867,target,0.522,-0.283,0.435,1
105.883,target,0.526,-0.273,0.424,1
105.898,target,0.526,-0.273,0.424,1
105.915,target,0.529,-0.275,0.403,1
105.931,target,0.529,-0.275,0.403,1
105.947,target,0.529,-0.275,0.403,1
105.964,target,0.532,-0.265,0.392,1
105.979,target,0.532,-0.265,0.392,1
105.995,target,0.534,-0.268,0.374,1
106.011,target,0.534,-0.268,0.374,1
106.025,target,0.534,-0.265,0.362,1
106.036,target,0.534,-0.265,0.362,1
106.049,target,0.534,-0.265,0.362,1
106.063,target,0.534,-0.269,0.345,1
106.076,target,0.534,-0.269,0.345,1
106.087,target,0.534,-0.269,0.345,1
106.100,target,0.532,-0.274,0.329,1
106.114,target,0.532,-0.274,0.329,1
106.130,target,0.532,-0.274,0.329,1
106.145,target,0.532,-0.274,0.329,1
106.161,target,0.524,-0.290,0.298,1
106.175,target,0.524,-0.290,0.298,1
106.194,target,0.524,-0.290,0.298,1
106.206,target,0.524,-0.290,0.298,1
106.217,target,0.524,-0.290,0.298,1
106.230,target,0.511,-0.310,0.271,1
106.247,target,0.511,-0.310,0.271,1
106.266,target,0.504,-0.318,0.258,1
106.283,target,0.497,-0.331,0.241,1
106.298,target,0.497,-0.331,0.241,1
106.313,target,0.497,-0.331,0.241,1
106.326,target,0.490,-0.344,0.226,1
106.341,target,0.490,-0.344,0.226,1
106.356,target,0.482,-0.354,0.212,1
106.372,target,0.482,-0.354,0.212,1
106.387,target,0.476,-0.368,0.192,1
106.400,target,0.476,-0.368,0.192,1
106.414,target,0.476,-0.368,0.192,1
106.428,target,0.469,-0.376,0.181,1
106.440,target,0.469,-0.376,0.181,1
106.453,target,0.463,-0.390,0.160,1
106.465,target,0.463,-0.390,0.160,1
106.479,target,0.457,-0.397,0.148,1
106.493,target,0.457,-0.397,0.148,1
106.507,target,0.457,-0.397,0.148,1
106.522,target,0.460,-0.393,0.151,1
106.537,target,0.460,-0.393,0.151,1
106.553,target,0.456,-0.395,0.150,1
106.564,target,0.456,-0.395,0.150,1
106.577,target,0.456,-0.395,0.150,1
106.590,target,0.456,-0.395,0.150,1
106.603,target,0.456,-0.395,0.150,1
106.615,target,0.456,-0.395,0.150,1
106.629,target,0.456,-0.395,0.150,1
106.644,target,0.456,-0.395,0.150,1
106.660,target,0.456,-0.395,0.150,1
106.672,target,0.456,-0.395,0.150,1
106.685,target,0.456,-0.395,0.150,1
106.698,target,0.456,-0.395,0.150,1
106.712,target,0.456,-0.395,0.150,1
106.725,target,0.456,-0.395,0.150,1
106.739,target,0.456,-0.395,0.150,1
106.751,target,0.456,-0.395,0.150,1
106.766,target,0.456,-0.395,0.150,1
106.782,target,0.456,-0.395,0.150,1
106.796,target,0.456,-0.395,0.150,1
106.808,target,0.456,-0.395,0.150,1
106.821,target,0.456,-0.395,0.150,1
106.835,target,0.456,-0.395,0.150,1
106.848,target,0.456,-0.395,0.150,1
106.861,target,0.456,-0.395,0.150,1
106.872,target,0.456,-0.395,0.150,1
106.884,target,0.456,-0.395,0.150,1
106.898,target,0.456,-0.395,0.150,1
106.912,target,0.456,-0.395,0.150,1
106.927,target,0.456,-0.395,0.150,1
106.939,target,0.456,-0.395,0.150,1
106.952,target,0.456,-0.395,0.150,1
106.965,target,0.456,-0.395,0.150,1
106.976,target,0.456,-0.395,0.150,1
106.989,target,0.456,-0.395,0.150,1
107.002,target,0.456,-0.395,0.150,1
107.013,target,0.456,-0.395,0.150,1
107.028,target,0.456,-0.395,0.150,1
107.041,target,0.456,-0.395,0.150,1
107.054,target,0.456,-0.395,0.150,1
107.066,target,0.456,-0.395,0.150,1
107.078,target,0.456,-0.395,0.150,1
107.091,target,0.456,-0.395,0.150,1
107.103,target,0.456,-0.395,0.150,1
107.116,target,0.456,-0.395,0.150,1
107.130,target,0.456,-0.395,0.151,1
107.143,target,0.456,-0.395,0.151,1
107.156,target,0.456,-0.395,0.151,1
107.169,target,0.456,-0.395,0.151,1
107.181,target,0.456,-0.395,0.151,1
107.196,target,0.456,-0.395,0.151,1
107.209,target,0.456,-0.395,0.151,1
107.222,target,0.456,-0.395,0.151,1
107.235,target,0.456,-0.395,0.151,1
107.246,target,0.456,-0.395,0.151,1
107.260,target,0.456,-0.395,0.151,1
107.272,target,0.456,-0.395,0.150,1
107.286,target,0.456,-0.395,0.150,1
107.300,target,0.456,-0.395,0.150,1
107.313,target,0.456,-0.395,0.150,1
107.327,target,0.456,-0.395,0.150,1
107.338,target,0.456,-0.395,0.150,1
107.352,target,0.456,-0.395,0.150,1
107.367,target,0.456,-0.395,0.151,1
107.379,target,0.456,-0.395,0.151,1
107.393,target,0.456,-0.395,0.151,1
107.404,target,0.456,-0.394,0.151,1
107.417,target,0.456,-0.394,0.151,1
107.432,target,0.456,-0.395,0.151,1
107.445,target,0.456,-0.395,0.151,1
107.460,target,0.456,-0.395,0.151,1
107.472,target,0.456,-0.395,0.151,1
107.487,target,0.456,-0.395,0.151,1
107.502,target,0.456,-0.395,0.150,1
107.515,target,0.456,-0.395,0.150,1
107.532,target,0.456,-0.395,0.150,1
107.547,target,0.456,-0.395,0.150,1
107.562,target,0.456,-0.395,0.151,1
107.575,target,0.456,-0.395,0.151,1
107.589,target,0.456,-0.395,0.151,1
107.602,target,0.456,-0.395,0.150,1
107.615,target,0.456,-0.395,0.150,1
107.628,target,0.456,-0.395,0.150,1
107.641,target,0.456,-0.395,0.150,1
107.653,target,0.456,-0.395,0.150,1
107.666,target,0.456,-0.395,0.150,1
107.680,target,0.456,-0.395,0.150,1
107.693,target,0.456,-0.395,0.150,1
107.706,target,0.456,-0.395,0.150,1
107.718,target,0.456,-0.395,0.150,1
107.734,target,0.456,-0.395,0.150,1
107.747,target,0.456,-0.395,0.150,1
107.759,target,0.456,-0.395,0.150,1
107.770,target,0.456,-0.395,0.150,1
107.784,target,0.456,-0.395,0.150,1
107.800,target,0.456,-0.395,0.150,1
107.813,target,0.456,-0.395,0.150,1
107.826,target,0.456,-0.395,0.150,1
107.838,target,0.456,-0.395,0.151,1
107.851,target,0.456,-0.395,0.151,1
107.866,target,0.456,-0.395,0.150,1
107.878,target,0.456,-0.395,0.150,1
107.890,target,0.456,-0.395,0.150,1
107.902,target,0.456,-0.395,0.151,1
107.916,target,0.456,-0.395,0.151,1
107.932,target,0.456,-0.394,0.151,1
107.947,target,0.456,-0.394,0.151,1
107.962,target,0.456,-0.394,0.151,1
107.975,target,0.456,-0.395,0.150,1
107.988,target,0.456,-0.395,0.150,1
108.001,target,0.456,-0.395,0.151,1
108.014,target,0.456,-0.395,0.151,1
108.026,target,0.456,-0.395,0.151,1
108.039,target,0.456,-0.395,0.150,1
108.052,target,0.456,-0.395,0.150,1
108.068,target,0.456,-0.395,0.150,1
108.081,target,0.456,-0.395,0.150,1
108.093,target,0.456,-0.395,0.150,1
108.104,target,0.456,-0.395,0.151,1
108.116,target,0.456,-0.395,0.151,1
108.129,target,0.456,-0.395,0.150,1
108.140,target,0.456,-0.395,0.150,1
108.152,target,0.456,-0.395,0.150,1
108.166,target,0.456,-0.395,0.151,1
108.177,target,0.456,-0.395,0.151,1
108.190,target,0.456,-0.395,0.151,1
108.203,target,0.456,-0.395,0.151,1
108.216,target,0.456,-0.395,0.151,1
108.232,target,0.456,-0.395,0.151,1
108.245,target,0.456,-0.395,0.151,1
108.260,target,0.456,-0.395,0.151,1
108.272,target,0.456,-0.395,0.150,1
108.287,target,0.456,-0.395,0.150,1
108.303,target,0.456,-0.395,0.150,1
108.315,target,0.456,-0.395,0.150,1
108.332,target,0.456,-0.395,0.150,1
108.345,target,0.456,-0.395,0.150,1
108.360,target,0.456,-0.395,0.150,1
108.373,target,0.456,-0.395,0.151,1
108.386,target,0.456,-0.395,0.151,1
108.399,target,0.456,-0.395,0.151,1
108.413,target,0.456,-0.395,0.151,1
108.427,target,0.456,-0.395,0.151,1
108.438,target,0.456,-0.395,0.150,1
108.451,target,0.456,-0.395,0.150,1
108.466,target,0.456,-0.395,0.150,1
108.480,target,0.456,-0.395,0.150,1
108.494,target,0.456,-0.395,0.150,1
108.507,target,0.456,-0.395,0.151,1
108.519,target,0.456,-0.395,0.151,1
108.535,target,0.456,-0.395,0.150,1
108.551,target,0.456,-0.395,0.150,1
108.565,target,0.456,-0.395,0.151,1
108.579,target,0.456,-0.395,0.151,1
108.591,target,0.456,-0.395,0.151,1
108.604,target,0.456,-0.395,0.151,1
108.618,target,0.456,-0.395,0.151,1
108.634,target,0.456,-0.395,0.151,1
108.648,target,0.456,-0.395,0.151,1
108.661,target,0.456,-0.395,0.151,1
108.672,target,0.456,-0.395,0.151,1
108.685,target,0.456,-0.395,0.151,1
108.700,target,0.456,-0.395,0.151,1
108.714,target,0.456,-0.395,0.151,1
108.729,target,0.456,-0.395,0.151,1
108.742,target,0.456,-0.395,0.151,1
108.754,target,0.456,-0.395,0.151,1
108.768,target,0.456,-0.395,0.151,1
108.781,target,0.456,-0.395,0.151,1
108.796,target,0.456,-0.395,0.151,1
108.812,target,0.456,-0.395,0.151,1
108.825,target,0.456,-0.395,0.151,1
108.839,target,0.456,-0.395,0.151,1
108.852,target,0.456,-0.395,0.151,1
108.866,target,0.456,-0.395,0.151,1
108.880,target,0.456,-0.395,0.151,1
108.893,target,0.456,-0.395,0.151,1
108.906,target,0.456,-0.395,0.151,1
108.919,target,0.456,-0.395,0.151,1
108.933,target,0.456,-0.395,0.151,1
108.948,target,0.456,-0.395,0.151,1
108.964,target,0.456,-0.395,0.151,1
108.976,target,0.456,-0.395,0.151,1
108.989,target,0.456,-0.395,0.151,1
109.002,target,0.456,-0.395,0.151,1
109.015,target,0.456,-0.395,0.151,1
109.029,target,0.456,-0.395,0.151,1
109.042,target,0.456,-0.395,0.151,1
109.058,target,0.456,-0.395,0.151,1
109.071,target,0.456,-0.395,0.151,1
109.084,target,0.456,-0.395,0.151,1
109.099,target,0.456,-0.395,0.151,1
109.113,target,0.456,-0.395,0.151,1
109.128,target,0.456,-0.395,0.151,1
109.140,target,0.456,-0.395,0.151,1
109.153,target,0.456,-0.395,0.151,1
109.168,target,0.456,-0.395,0.151,1
109.183,target,0.456,-0.395,0.151,1
109.198,target,0.456,-0.395,0.151,1
109.213,target,0.456,-0.395,0.151,1
109.228,target,0.456,-0.395,0.151,1
109.239,target,0.456,-0.395,0.151,1
109.252,target,0.456,-0.395,0.151,1
109.267,target,0.456,-0.395,0.151,1
109.281,target,0.456,-0.395,0.151,1
109.298,target,0.456,-0.395,0.151,1
109.312,target,0.456,-0.395,0.151,1
109.325,target,0.456,-0.395,0.151,1
109.340,target,0.456,-0.395,0.151,1
109.353,target,0.456,-0.395,0.151,1
109.368,target,0.456,-0.395,0.151,1
109.382,target,0.456,-0.395,0.151,1
109.396,target,0.456,-0.395,0.151,1
109.409,target,0.456,-0.395,0.151,1
109.423,target,0.456,-0.395,0.151,1
109.436,target,0.456,-0.395,0.151,1
109.449,target,0.456,-0.395,0.151,1
109.463,target,0.456,-0.395,0.151,1
109.476,target,0.456,-0.395,0.151,1
109.489,target,0.456,-0.395,0.151,1
109.502,target,0.456,-0.395,0.151,1
109.515,target,0.456,-0.395,0.151,1
109.530,target,0.456,-0.395,0.151,1
109.544,target,0.456,-0.395,0.151,1
109.558,target,0.456,-0.395,0.151,1
109.571,target,0.456,-0.395,0.151,1
109.584,target,0.456,-0.395,0.151,1
109.598,target,0.456,-0.395,0.151,1
109.611,target,0.456,-0.395,0.151,1
109.624,target,0.456,-0.395,0.151,1
109.637,target,0.456,-0.395,0.151,1
109.649,target,0.456,-0.395,0.151,1
109.664,target,0.456,-0.395,0.151,1
109.677,target,0.456,-0.395,0.151,1
109.690,target,0.456,-0.395,0.151,1
109.703,target,0.456,-0.395,0.151,1
109.715,target,0.456,-0.395,0.151,1
109.731,target,0.456,-0.395,0.151,1
109.744,target,0.456,-0.395,0.151,1
109.757,target,0.456,-0.395,0.151,1
109.771,target,0.456,-0.395,0.151,1
109.784,target,0.456,-0.395,0.151,1
109.801,target,0.456,-0.395,0.151,1
109.815,target,0.456,-0.395,0.151,1
109.831,target,0.456,-0.395,0.151,1
109.844,target,0.456,-0.395,0.151,1
109.858,target,0.456,-0.395,0.151,1
109.871,target,0.456,-0.395,0.151,1
109.884,target,0.456,-0.395,0.151,1
109.899,target,0.456,-0.395,0.151,1
109.912,target,0.456,-0.395,0.151,1
109.927,target,0.456,-0.395,0.151,1
109.940,target,0.456,-0.395,0.151,1
109.952,target,0.456,-0.395,0.151,1
109.967,target,0.456,-0.395,0.151,1
109.981,target,0.456,-0.395,0.151,1
109.997,target,0.456,-0.395,0.151,1
110.009,target,0.456,-0.395,0.151,1
110.022,target,0.456,-0.395,0.151,1
110.035,target,0.456,-0.395,0.151,1
110.049,target,0.456,-0.395,0.151,1
110.065,target,0.456,-0.395,0.151,1
110.080,target,0.456,-0.395,0.151,1
110.095,target,0.456,-0.395,0.151,1
110.107,target,0.456,-0.395,0.151,1
110.120,target,0.456,-0.395,0.151,1
110.133,target,0.456,-0.395,0.151,1
110.147,target,0.456,-0.395,0.151,1
110.163,target,0.456,-0.395,0.151,1
110.175,target,0.456,-0.395,0.151,1
110.187,target,0.456,-0.395,0.151,1
110.202,target,0.456,-0.395,0.151,1
110.216,target,0.456,-0.395,0.151,1
110.231,target,0.456,-0.395,0.151,1
110.245,target,0.456,-0.395,0.151,1
110.259,target,0.456,-0.395,0.151,1
110.272,target,0.456,-0.395,0.151,1
110.284,target,0.456,-0.395,0.151,1
110.299,target,0.456,-0.395,0.151,1
110.316,target,0.456,-0.395,0.151,1
110.332,target,0.456,-0.395,0.151,1
110.346,target,0.456,-0.395,0.151,1
110.361,target,0.456,-0.395,0.151,1
110.374,target,0.456,-0.395,0.151,1
110.387,target,0.456,-0.395,0.151,1
110.401,target,0.456,-0.395,0.151,1
110.415,target,0.456,-0.395,0.151,1
110.429,target,0.456,-0.395,0.151,1
110.443,target,0.456,-0.395,0.151,1
110.456,target,0.456,-0.395,0.151,1
110.470,target,0.456,-0.395,0.151,1
110.482,target,0.456,-0.395,0.151,1
110.497,target,0.456,-0.395,0.151,1
110.511,target,0.456,-0.395,0.151,1
110.524,target,0.456,-0.395,0.151,1
110.538,target,0.456,-0.395,0.151,1
110.551,target,0.456,-0.395,0.151,1
110.567,target,0.456,-0.395,0.151,1
110.583,target,0.456,-0.395,0.151,1
110.598,target,0.456,-0.395,0.151,1
110.611,target,0.456,-0.395,0.151,1
110.626,target,0.456,-0.395,0.151,1
110.638,target,0.456,-0.395,0.151,1
110.651,target,0.456,-0.395,0.151,1
110.667,target,0.456,-0.395,0.151,1
110.681,target,0.456,-0.395,0.151,1
110.694,target,0.456,-0.395,0.151,1
110.706,target,0.456,-0.395,0.151,1
110.718,target,0.456,-0.395,0.151,1
110.734,target,0.456,-0.395,0.151,1
110.748,target,0.456,-0.395,0.151,1
110.763,target,0.456,-0.395,0.151,1
110.776,target,0.456,-0.395,0.151,1
110.787,target,0.456,-0.395,0.151,1
110.803,target,0.456,-0.395,0.151,1
110.818,target,0.456,-0.395,0.151,1
110.834,target,0.456,-0.395,0.151,1
110.849,target,0.456,-0.395,0.151,1
110.865,target,0.456,-0.395,0.151,1
110.878,target,0.456,-0.395,0.151,1
110.891,target,0.456,-0.395,0.151,1
110.904,target,0.456,-0.395,0.151,1
110.917,target,0.456,-0.395,0.151,1
110.931,target,0.456,-0.395,0.151,1
110.946,target,0.456,-0.395,0.151,1
110.959,target,0.456,-0.395,0.151,1
110.972,target,0.456,-0.395,0.151,1
110.986,target,0.456,-0.395,0.151,1
111.001,target,0.456,-0.395,0.151,1
111.015,target,0.456,-0.395,0.151,1
111.031,target,0.456,-0.395,0.151,1
111.044,target,0.456,-0.395,0.151,1
111.057,target,0.456,-0.395,0.151,1
111.071,target,0.456,-0.395,0.151,1
111.086,target,0.456,-0.395,0.151,1
111.101,target,0.456,-0.395,0.151,1
111.115,target,0.456,-0.395,0.151,1
111.131,target,0.456,-0.395,0.151,1
111.143,target,0.456,-0.395,0.151,1
111.155,target,0.456,-0.395,0.151,1
111.168,target,0.456,-0.395,0.151,1
111.183,target,0.456,-0.395,0.151,1
111.197,target,0.456,-0.395,0.151,1
111.211,target,0.456,-0.395,0.151,1
111.224,target,0.456,-0.395,0.151,1
111.237,target,0.456,-0.395,0.151,1
111.251,target,0.456,-0.395,0.151,1
111.266,target,0.456,-0.395,0.151,1
111.281,target,0.456,-0.395,0.151,1
111.295,target,0.456,-0.395,0.151,1
111.307,target,0.456,-0.395,0.151,1
111.322,target,0.456,-0.395,0.151,1
111.337,target,0.456,-0.395,0.151,1
111.350,target,0.456,-0.395,0.151,1
111.365,target,0.456,-0.395,0.151,1
111.378,target,0.456,-0.395,0.151,1
111.392,target,0.456,-0.395,0.151,1
111.406,target,0.456,-0.395,0.151,1
111.418,target,0.456,-0.395,0.151,1
111.433,target,0.456,-0.395,0.151,1
111.448,target,0.456,-0.395,0.151,1
111.463,target,0.456,-0.395,0.151,1
111.476,target,0.456,-0.395,0.151,1
111.489,target,0.456,-0.395,0.151,1
111.503,target,0.456,-0.395,0.151,1
111.517,target,0.456,-0.395,0.151,1
111.533,target,0.456,-0.395,0.151,1
111.546,target,0.456,-0.395,0.151,1
111.560,target,0.456,-0.395,0.151,1
111.573,target,0.456,-0.395,0.151,1
111.586,target,0.456,-0.395,0.151,1
111.601,target,0.456,-0.395,0.151,1
111.614,target,0.456,-0.395,0.151,1
111.628,target,0.456,-0.395,0.151,1
111.640,target,0.456,-0.395,0.151,1
111.652,target,0.456,-0.395,0.151,1
111.667,target,0.456,-0.395,0.151,1
111.681,target,0.456,-0.395,0.151,1
111.695,target,0.456,-0.395,0.151,1
111.706,target,0.456,-0.395,0.151,1
111.720,target,0.456,-0.395,0.151,1
111.734,target,0.456,-0.395,0.151,1
111.750,target,0.456,-0.395,0.151,1
111.766,target,0.456,-0.395,0.151,1
111.779,target,0.456,-0.395,0.151,1
111.792,target,0.456,-0.395,0.151,1
111.805,target,0.456,-0.395,0.151,1
111.819,target,0.456,-0.395,0.151,1
111.835,target,0.456,-0.395,0.151,1
111.849,target,0.456,-0.395,0.151,1
111.863,target,0.456,-0.395,0.151,1
111.875,target,0.456,-0.395,0.151,1
111.888,target,0.456,-0.395,0.151,1
111.901,target,0.456,-0.395,0.151,1
111.916,target,0.456,-0.395,0.151,1
111.932,target,0.456,-0.395,0.151,1
111.948,target,0.456,-0.395,0.151,1
111.964,target,0.456,-0.395,0.151,1
111.979,target,0.456,-0.395,0.151,1
111.994,target,0.456,-0.395,0.151,1
112.009,target,0.456,-0.395,0.151,1
112.024,target,0.456,-0.395,0.151,1
112.039,target,0.456,-0.395,0.151,1
112.053,target,0.456,-0.395,0.151,1
112.067,target,0.456,-0.395,0.151,1
112.083,target,0.456,-0.395,0.151,1
112.098,target,0.456,-0.395,0.151,1
112.112,target,0.456,-0.395,0.151,1
112.123,target,0.456,-0.395,0.151,1
112.136,target,0.456,-0.395,0.151,1
112.148,target,0.456,-0.395,0.151,1
112.163,target,0.456,-0.395,0.151,1
112.174,target,0.456,-0.395,0.151,1
112.187,target,0.456,-0.395,0.151,1
112.201,target,0.456,-0.395,0.151,1
112.215,target,0.456,-0.395,0.151,1
112.229,target,0.456,-0.395,0.151,1
112.241,target,0.456,-0.395,0.151,1
112.254,target,0.456,-0.395,0.151,1
112.268,target,0.456,-0.395,0.151,1
112.281,target,0.456,-0.395,0.151,1
112.295,target,0.456,-0.395,0.151,1
112.307,target,0.456,-0.395,0.151,1
112.320,target,0.456,-0.395,0.151,1
112.336,target,0.456,-0.395,0.151,1
112.349,target,0.456,-0.395,0.151,1
112.363,target,0.456,-0.395,0.151,1
112.375,target,0.456,-0.395,0.151,1
112.388,target,0.456,-0.395,0.151,1
112.400,target,0.456,-0.395,0.151,1
112.414,target,0.456,-0.395,0.151,1
112.428,target,0.456,-0.395,0.151,1
112.442,target,0.456,-0.395,0.151,1
112.454,target,0.456,-0.395,0.151,1
112.466,target,0.456,-0.395,0.151,1
112.480,target,0.456,-0.395,0.151,1
112.493,target,0.456,-0.395,0.151,1
112.505,target,0.456,-0.395,0.151,1
112.517,target,0.456,-0.395,0.151,1
112.533,target,0.456,-0.395,0.151,1
112.546,target,0.456,-0.395,0.151,1
112.561,target,0.456,-0.395,0.151,1
112.573,target,0.456,-0.395,0.151,1
112.586,target,0.456,-0.395,0.151,1
112.601,target,0.456,-0.395,0.151,1
112.615,target,0.456,-0.395,0.151,1
112.629,target,0.456,-0.395,0.151,1
112.641,target,0.456,-0.395,0.151,1
112.654,target,0.456,-0.395,0.151,1
112.666,target,0.456,-0.395,0.151,1
112.681,target,0.456,-0.395,0.151,1
112.696,target,0.456,-0.395,0.151,1
112.707,target,0.456,-0.395,0.151,1
112.719,target,0.456,-0.395,0.151,1
112.733,target,0.456,-0.395,0.151,1
112.746,target,0.456,-0.395,0.151,1
112.759,target,0.456,-0.395,0.151,1
112.770,target,0.456,-0.395,0.151,1
112.783,target,0.456,-0.395,0.151,1
112.799,target,0.456,-0.395,0.151,1
112.813,target,0.456,-0.395,0.151,1
112.828,target,0.456,-0.395,0.151,1
112.841,target,0.456,-0.395,0.151,1
112.853,target,0.456,-0.395,0.151,1
112.867,target,0.456,-0.395,0.151,1
112.879,target,0.456,-0.395,0.151,1
112.893,target,0.456,-0.395,0.151,1
112.905,target,0.456,-0.395,0.151,1
112.917,target,0.456,-0.395,0.151,1
112.932,target,0.456,-0.395,0.151,1
112.945,target,0.456,-0.395,0.151,1
112.958,target,0.456,-0.395,0.151,1
112.970,target,0.456,-0.395,0.151,1
112.982,target,0.456,-0.395,0.151,1
112.996,target,0.456,-0.395,0.151,1
113.007,target,0.456,-0.395,0.151,1
113.019,target,0.456,-0.395,0.151,1
113.033,target,0.456,-0.395,0.151,1
113.046,target,0.456,-0.395,0.151,1
113.060,target,0.456,-0.395,0.151,1
113.072,target,0.456,-0.395,0.151,1
113.085,target,0.456,-0.395,0.151,1
113.101,target,0.456,-0.395,0.151,1
113.114,target,0.456,-0.395,0.151,1
113.126,target,0.456,-0.395,0.151,1
113.139,target,0.456,-0.395,0.151,1
113.150,target,0.456,-0.395,0.151,1
113.164,target,0.456,-0.395,0.151,1
113.176,target,0.456,-0.395,0.151,1
113.189,target,0.456,-0.395,0.151,1
113.200,target,0.456,-0.395,0.151,1
113.214,target,0.456,-0.395,0.151,1
113.227,target,0.456,-0.395,0.151,1
113.239,target,0.456,-0.395,0.151,1
113.253,target,0.456,-0.395,0.151,1
113.266,target,0.456,-0.395,0.151,1
113.280,target,0.456,-0.395,0.151,1
113.295,target,0.456,-0.395,0.151,1
113.307,target,0.456,-0.395,0.151,1
113.321,target,0.456,-0.395,0.151,1
113.335,target,0.456,-0.395,0.151,1
113.349,target,0.456,-0.395,0.151,1
113.363,target,0.456,-0.395,0.151,1
113.376,target,0.456,-0.395,0.151,1
113.389,target,0.456,-0.395,0.151,1
113.403,target,0.456,-0.395,0.151,1
113.415,target,0.456,-0.395,0.151,1
113.428,target,0.456,-0.395,0.151,1
113.441,target,0.456,-0.395,0.151,1
113.453,target,0.456,-0.395,0.151,1
113.467,target,0.456,-0.395,0.151,1
113.479,target,0.456,-0.395,0.151,1
113.490,target,0.456,-0.395,0.151,1
113.503,target,0.456,-0.395,0.151,1
113.515,target,0.456,-0.395,0.151,1
113.528,target,0.456,-0.395,0.151,1
113.539,target,0.456,-0.395,0.151,1
113.551,target,0.456,-0.395,0.151,1
113.566,target,0.456,-0.395,0.151,1
113.579,target,0.456,-0.395,0.151,1
113.593,target,0.456,-0.395,0.151,1
113.607,target,0.456,-0.395,0.151,1
113.621,target,0.456,-0.395,0.151,1
113.634,target,0.456,-0.395,0.151,1
113.648,target,0.456,-0.395,0.151,1
113.663,target,0.456,-0.395,0.151,1
113.674,target,0.456,-0.395,0.151,1
113.688,target,0.456,-0.395,0.151,1
113.701,target,0.456,-0.395,0.151,1
113.714,target,0.456,-0.395,0.151,1
113.729,target,0.456,-0.395,0.151,1
113.741,target,0.456,-0.395,0.151,1
113.753,target,0.456,-0.395,0.151,1
113.768,target,0.456,-0.395,0.151,1
113.780,target,0.456,-0.395,0.151,1
113.794,target,0.456,-0.395,0.151,1
113.806,target,0.456,-0.395,0.151,1
113.818,target,0.456,-0.395,0.151,1
113.832,target,0.456,-0.395,0.151,1
113.846,target,0.456,-0.395,0.151,1
113.862,target,0.456,-0.395,0.151,1
113.875,target,0.456,-0.395,0.151,1
113.887,target,0.456,-0.395,0.151,1
113.900,target,0.456,-0.395,0.151,1
113.914,target,0.456,-0.395,0.151,1
113.926,target,0.456,-0.395,0.151,1
113.938,target,0.456,-0.395,0.151,1
113.951,target,0.456,-0.395,0.151,1
113.967,target,0.456,-0.395,0.151,1
113.980,target,0.456,-0.395,0.151,1
113.993,target,0.456,-0.395,0.151,1
114.004,target,0.456,-0.395,0.151,1
114.016,target,0.456,-0.395,0.151,1
114.032,target,0.456,-0.395,0.151,1
114.045,target,0.456,-0.395,0.151,1
114.059,target,0.456,-0.395,0.151,1
114.071,target,0.456,-0.395,0.151,1
114.083,target,0.456,-0.395,0.151,1
114.099,target,0.456,-0.395,0.151,1
114.114,target,0.456,-0.395,0.151,1
114.128,target,0.456,-0.395,0.151,1
114.140,target,0.456,-0.395,0.151,1
114.152,target,0.456,-0.395,0.151,1
114.167,target,0.456,-0.395,0.151,1
114.181,target,0.456,-0.395,0.151,1
114.195,target,0.456,-0.395,0.151,1
114.207,target,0.456,-0.395,0.151,1
114.219,target,0.456,-0.395,0.151,1
114.233,target,0.456,-0.395,0.151,1
114.247,target,0.456,-0.395,0.151,1
114.262,target,0.456,-0.395,0.151,1
114.275,target,0.456,-0.395,0.151,1
114.290,target,0.456,-0.395,0.151,1
114.303,target,0.456,-0.395,0.151,1
114.312,target,0.456,-0.395,0.151,1
114.323,target,0.456,-0.395,0.151,1
114.335,target,0.456,-0.395,0.151,1
114.349,target,0.456,-0.395,0.151,1
114.363,target,0.456,-0.395,0.151,1
114.379,target,0.456,-0.395,0.151,1
114.391,target,0.456,-0.395,0.151,1
114.403,target,0.456,-0.395,0.151,1
114.417,target,0.456,-0.395,0.151,1
114.431,target,0.456,-0.395,0.151,1
114.444,target,0.456,-0.395,0.151,1
114.456,target,0.456,-0.395,0.151,1
114.469,target,0.456,-0.395,0.151,1
114.482,target,0.456,-0.395,0.151,1
114.497,target,0.456,-0.395,0.151,1
114.510,target,0.456,-0.395,0.151,1
114.522,target,0.456,-0.395,0.151,1
114.534,target,0.456,-0.395,0.151,1
114.547,target,0.456,-0.395,0.151,1
114.562,target,0.456,-0.395,0.151,1
114.573,target,0.456,-0.395,0.151,1
114.585,target,0.456,-0.395,0.151,1
114.600,target,0.456,-0.395,0.151,1
114.614,target,0.456,-0.395,0.151,1
114.628,target,0.456,-0.395,0.151,1
114.640,target,0.456,-0.395,0.151,1
114.652,target,0.456,-0.395,0.151,1
114.667,target,0.456,-0.395,0.151,1
114.681,target,0.456,-0.395,0.151,1
114.694,target,0.456,-0.395,0.151,1
114.708,target,0.456,-0.395,0.151,1
114.719,target,0.456,-0.395,0.151,1
114.733,target,0.456,-0.395,0.151,1
114.746,target,0.456,-0.395,0.151,1
114.758,target,0.456,-0.395,0.151,1
114.772,target,0.456,-0.395,0.151,1
114.784,target,0.456,-0.395,0.151,1
114.799,target,0.456,-0.395,0.151,1
114.813,target,0.456,-0.395,0.151,1
114.827,target,0.456,-0.395,0.151,1
114.839,target,0.456,-0.395,0.151,1
114.851,target,0.456,-0.395,0.151,1
114.868,target,0.456,-0.395,0.151,1
114.881,target,0.456,-0.395,0.151,1
114.896,target,0.456,-0.395,0.151,1
114.910,target,0.456,-0.395,0.151,1
114.923,target,0.456,-0.395,0.151,1
114.934,target,0.456,-0.395,0.151,1
114.948,target,0.456,-0.395,0.151,1
114.962,target,0.456,-0.395,0.151,1
114.974,target,0.456,-0.395,0.151,1
114.986,target,0.456,-0.395,0.151,1
115.000,target,0.456,-0.395,0.151,1
115.013,target,0.456,-0.395,0.151,1
115.028,target,0.456,-0.395,0.151,1
115.040,target,0.456,-0.395,0.151,1
115.052,target,0.456,-0.395,0.151,1
115.066,target,0.456,-0.395,0.151,1
115.080,target,0.456,-0.395,0.151,1
115.091,target,0.456,-0.395,0.151,1
115.106,target,0.456,-0.395,0.151,1
115.119,target,0.456,-0.395,0.151,1
115.134,target,0.456,-0.395,0.151,1
115.147,target,0.456,-0.395,0.151,1
115.160,target,0.456,-0.395,0.151,1
115.173,target,0.456,-0.395,0.151,1
115.184,target,0.456,-0.395,0.151,1
115.200,target,0.456,-0.395,0.151,1
115.213,target,0.456,-0.395,0.151,1
115.225,target,0.456,-0.395,0.151,1
115.237,target,0.456,-0.395,0.151,1
115.249,target,0.456,-0.395,0.151,1
115.263,target,0.456,-0.395,0.151,1
115.275,target,0.456,-0.395,0.151,1
115.287,target,0.456,-0.395,0.151,1
115.301,target,0.456,-0.395,0.151,1
115.315,target,0.456,-0.395,0.151,1
115.330,target,0.456,-0.395,0.151,1
115.343,target,0.456,-0.395,0.151,1
115.355,target,0.456,-0.395,0.151,1
115.371,target,0.456,-0.395,0.151,1
115.383,target,0.456,-0.395,0.151,1
115.397,target,0.456,-0.395,0.151,1
115.409,target,0.456,-0.395,0.151,1
115.423,target,0.456,-0.395,0.151,1
115.437,target,0.456,-0.395,0.151,1
115.449,target,0.456,-0.395,0.151,1
115.464,target,0.456,-0.395,0.151,1
115.477,target,0.456,-0.395,0.151,1
115.489,target,0.456,-0.395,0.151,1
115.503,target,0.456,-0.395,0.151,1
115.514,target,0.456,-0.395,0.151,1
115.528,target,0.456,-0.395,0.151,1
115.542,target,0.456,-0.395,0.151,1
115.556,target,0.456,-0.395,0.151,1
115.568,target,0.456,-0.395,0.151,1
115.580,target,0.456,-0.395,0.151,1
115.594,target,0.456,-0.395,0.151,1
115.607,target,0.456,-0.395,0.151,1
115.621,target,0.456,-0.395,0.151,1
115.635,target,0.456,-0.395,0.151,1
115.650,target,0.456,-0.395,0.151,1
115.666,target,0.456,-0.395,0.151,1
115.680,target,0.456,-0.395,0.151,1
115.694,target,0.456,-0.395,0.151,1
115.706,target,0.456,-0.395,0.151,1
115.719,target,0.456,-0.395,0.151,1
115.733,target,0.456,-0.395,0.151,1
115.746,target,0.456,-0.395,0.151,1
115.758,target,0.456,-0.395,0.151,1
115.773,target,0.456,-0.395,0.151,1
115.787,target,0.456,-0.395,0.151,1
115.802,target,0.456,-0.395,0.151,1
115.816,target,0.456,-0.395,0.151,1
115.833,target,0.456,-0.395,0.151,1
115.847,target,0.456,-0.395,0.151,1
115.860,target,0.456,-0.395,0.151,1
115.873,target,0.456,-0.395,0.151,1
115.886,target,0.456,-0.395,0.151,1
115.901,target,0.456,-0.395,0.151,1
115.916,target,0.456,-0.395,0.151,1
115.932,target,0.456,-0.395,0.151,1
115.944,target,0.456,-0.395,0.151,1
115.957,target,0.456,-0.395,0.151,1
115.970,target,0.456,-0.395,0.151,1
115.982,target,0.456,-0.395,0.151,1
115.997,target,0.456,-0.395,0.151,1
116.009,target,0.456,-0.395,0.151,1
116.022,target,0.456,-0.395,0.151,1
116.035,target,0.456,-0.395,0.151,1
116.049,target,0.456,-0.395,0.151,1
116.064,target,0.456,-0.395,0.151,1
116.077,target,0.456,-0.395,0.151,1
116.088,target,0.456,-0.395,0.151,1
116.102,target,0.456,-0.395,0.151,1
116.115,target,0.456,-0.395,0.151,1
116.131,target,0.456,-0.395,0.151,1
116.143,target,0.456,-0.395,0.151,1
116.154,target,0.456,-0.395,0.151,1
116.168,target,0.456,-0.395,0.151,1
116.181,target,0.456,-0.395,0.151,1
116.195,target,0.456,-0.395,0.151,1
116.206,target,0.456,-0.395,0.151,1
116.218,target,0.456,-0.395,0.151,1
116.233,target,0.456,-0.395,0.151,1
116.247,target,0.456,-0.395,0.151,1
116.259,target,0.456,-0.395,0.151,1
116.271,target,0.456,-0.395,0.151,1
116.283,target,0.456,-0.395,0.151,1
116.298,target,0.456,-0.395,0.151,1
116.310,target,0.456,-0.395,0.151,1
116.321,target,0.456,-0.395,0.151,1
116.334,target,0.456,-0.395,0.151,1
116.348,target,0.456,-0.395,0.151,1
116.362,target,0.456,-0.395,0.151,1
116.377,target,0.456,-0.395,0.151,1
116.389,target,0.456,-0.395,0.151,1
116.402,target,0.456,-0.395,0.151,1
116.414,target,0.456,-0.395,0.151,1
116.429,target,0.456,-0.395,0.151,1
116.442,target,0.456,-0.395,0.151,1
116.454,target,0.456,-0.395,0.151,1
116.468,target,0.456,-0.395,0.151,1
116.481,target,0.456,-0.395,0.151,1
116.495,target,0.456,-0.395,0.151,1
116.508,target,0.456,-0.395,0.151,1
116.519,target,0.456,-0.395,0.151,1
116.534,target,0.456,-0.395,0.151,1
116.549,target,0.456,-0.395,0.151,1
116.564,target,0.456,-0.395,0.151,1
116.576,target,0.456,-0.395,0.151,1
116.587,target,0.456,-0.395,0.151,1
116.601,target,0.456,-0.395,0.151,1
116.615,target,0.456,-0.395,0.151,1
116.630,target,0.456,-0.395,0.151,1
116.643,target,0.456,-0.395,0.151,1
116.653,target,0.456,-0.395,0.151,1
116.667,target,0.456,-0.395,0.151,1
116.680,target,0.456,-0.395,0.151,1
116.693,target,0.456,-0.395,0.151,1
116.705,target,0.456,-0.395,0.151,1
116.717,target,0.456,-0.395,0.151,1
116.734,target,0.456,-0.395,0.151,1
116.748,target,0.456,-0.395,0.151,1
116.761,target,0.456,-0.395,0.151,1
116.772,target,0.456,-0.395,0.151,1
116.784,target,0.456,-0.395,0.151,1
116.799,target,0.456,-0.395,0.151,1
116.813,target,0.456,-0.395,0.151,1
116.825,target,0.456,-0.395,0.151,1
116.836,target,0.456,-0.395,0.151,1
116.850,target,0.456,-0.395,0.151,1
116.865,target,0.456,-0.395,0.151,1
116.880,target,0.456,-0.395,0.151,1
116.896,target,0.456,-0.395,0.151,1
116.909,target,0.456,-0.395,0.151,1
116.921,target,0.456,-0.395,0.151,1
116.935,target,0.456,-0.395,0.151,1
116.948,target,0.456,-0.395,0.151,1
116.964,target,0.456,-0.395,0.151,1
116.975,target,0.456,-0.395,0.151,1
116.987,target,0.456,-0.395,0.151,1
117.001,target,0.456,-0.395,0.151,1
117.013,target,0.456,-0.395,0.151,1
117.028,target,0.456,-0.395,0.151,1
117.039,target,0.456,-0.395,0.151,1
117.051,target,0.456,-0.395,0.151,1
117.065,target,0.456,-0.395,0.151,1
117.078,target,0.456,-0.395,0.151,1
117.090,target,0.456,-0.395,0.151,1
117.103,target,0.456,-0.395,0.151,1
117.115,target,0.456,-0.395,0.151,1
117.129,target,0.456,-0.395,0.151,1
117.143,target,0.456,-0.395,0.151,1
117.155,target,0.456,-0.395,0.151,1
117.167,target,0.456,-0.395,0.151,1
117.182,target,0.456,-0.395,0.151,1
117.195,target,0.456,-0.395,0.151,1
117.208,target,0.456,-0.395,0.151,1
117.220,target,0.456,-0.395,0.151,1
117.234,target,0.456,-0.395,0.151,1
117.247,target,0.456,-0.395,0.151,1
117.259,target,0.456,-0.395,0.151,1
117.272,target,0.456,-0.395,0.151,1
117.283,target,0.456,-0.395,0.151,1
117.298,target,0.456,-0.395,0.151,1
117.311,target,0.456,-0.395,0.151,1
117.326,target,0.456,-0.395,0.151,1
117.339,target,0.456,-0.395,0.151,1
117.350,target,0.456,-0.395,0.151,1
117.365,target,0.456,-0.395,0.151,1
117.378,target,0.456,-0.395,0.151,1
117.392,target,0.456,-0.395,0.151,1
117.404,target,0.456,-0.395,0.151,1
117.417,target,0.456,-0.395,0.151,1
117.432,target,0.456,-0.395,0.151,1
117.445,target,0.456,-0.395,0.151,1
117.457,target,0.456,-0.395,0.151,1
117.469,target,0.456,-0.395,0.151,1
117.482,target,0.456,-0.395,0.151,1
117.497,target,0.456,-0.395,0.151,1
117.509,target,0.456,-0.395,0.151,1
117.523,target,0.456,-0.395,0.151,1
117.537,target,0.456,-0.395,0.151,1
117.549,target,0.456,-0.395,0.151,1
117.563,target,0.456,-0.395,0.151,1
117.575,target,0.456,-0.395,0.151,1
117.587,target,0.456,-0.395,0.151,1
117.601,target,0.456,-0.395,0.151,1
117.615,target,0.456,-0.395,0.151,1
117.630,target,0.456,-0.395,0.151,1
117.645,target,0.456,-0.395,0.151,1
117.659,target,0.456,-0.395,0.151,1
117.672,target,0.456,-0.395,0.151,1
117.684,target,0.456,-0.395,0.151,1
117.699,target,0.456,-0.395,0.151,1
117.712,target,0.456,-0.395,0.151,1
117.725,target,0.456,-0.395,0.151,1
117.736,target,0.456,-0.395,0.151,1
117.749,target,0.456,-0.395,0.151,1
117.764,target,0.456,-0.395,0.151,1
117.776,target,0.456,-0.395,0.151,1
117.790,target,0.456,-0.395,0.151,1
117.803,target,0.456,-0.395,0.151,1
117.815,target,0.456,-0.395,0.151,1
117.829,target,0.456,-0.395,0.151,1
117.841,target,0.456,-0.395,0.151,1
117.852,target,0.456,-0.395,0.151,1
117.866,target,0.456,-0.395,0.151,1
117.880,target,0.456,-0.395,0.151,1
117.896,target,0.456,-0.395,0.151,1
117.909,target,0.456,-0.395,0.151,1
117.922,target,0.456,-0.395,0.151,1
117.934,target,0.456,-0.395,0.151,1
117.946,target,0.456,-0.395,0.151,1
117.961,target,0.456,-0.395,0.151,1
117.973,target,0.456,-0.395,0.151,1
117.985,target,0.456,-0.395,0.151,1
118.000,target,0.456,-0.395,0.151,1
118.015,target,0.456,-0.395,0.151,1
118.029,target,0.456,-0.395,0.151,1
118.042,target,0.456,-0.395,0.151,1
118.055,target,0.456,-0.395,0.151,1
118.068,target,0.456,-0.395,0.151,1
118.082,target,0.456,-0.395,0.151,1
118.095,target,0.456,-0.395,0.151,1
118.106,target,0.456,-0.395,0.151,1
118.118,target,0.456,-0.395,0.151,1
118.133,target,0.456,-0.395,0.151,1
118.147,target,0.456,-0.395,0.151,1
118.162,target,0.456,-0.395,0.151,1
118.176,target,0.456,-0.395,0.151,1
118.188,target,0.456,-0.395,0.151,1
118.201,target,0.456,-0.395,0.151,1
118.214,target,0.456,-0.395,0.151,1
118.229,target,0.456,-0.395,0.151,1
118.242,target,0.456,-0.395,0.151,1
118.253,target,0.456,-0.395,0.151,1
118.267,target,0.456,-0.395,0.151,1
118.280,target,0.456,-0.395,0.151,1
118.295,target,0.456,-0.395,0.151,1
118.306,target,0.456,-0.395,0.151,1
118.318,target,0.456,-0.395,0.151,1
118.333,target,0.456,-0.395,0.151,1
118.346,target,0.456,-0.395,0.151,1
118.359,target,0.456,-0.395,0.151,1
118.372,target,0.456,-0.395,0.151,1
118.384,target,0.456,-0.395,0.151,1
118.400,target,0.456,-0.395,0.151,1
118.413,target,0.456,-0.395,0.151,1
118.428,target,0.456,-0.395,0.151,1
118.439,target,0.456,-0.395,0.151,1
118.452,target,0.456,-0.395,0.151,1
118.467,target,0.456,-0.395,0.151,1
118.481,target,0.456,-0.395,0.151,1
118.495,target,0.456,-0.395,0.151,1
118.507,target,0.456,-0.395,0.151,1
118.519,target,0.456,-0.395,0.151,1
118.534,target,0.456,-0.395,0.151,1
118.547,target,0.456,-0.395,0.151,1
118.560,target,0.456,-0.395,0.151,1
118.572,target,0.456,-0.395,0.151,1
118.588,target,0.456,-0.395,0.151,1
118.604,target,0.456,-0.395,0.151,1
118.616,target,0.456,-0.395,0.151,1
118.625,target,0.456,-0.395,0.151,1
118.634,target,0.456,-0.395,0.151,1
118.643,target,0.456,-0.395,0.151,1
118.651,target,0.456,-0.395,0.151,1
118.661,target,0.456,-0.395,0.151,1
118.669,target,0.456,-0.395,0.151,1
118.679,target,0.456,-0.395,0.151,1
118.687,target,0.456,-0.395,0.151,1
118.696,target,0.456,-0.395,0.151,1
118.704,target,0.456,-0.395,0.151,1
118.713,target,0.456,-0.395,0.151,1
118.721,target,0.456,-0.395,0.151,1
118.731,target,0.456,-0.395,0.151,1
118.739,target,0.456,-0.395,0.151,1
118.748,target,0.456,-0.395,0.151,1
118.757,target,0.456,-0.395,0.151,1
118.765,target,0.456,-0.395,0.151,1
118.773,target,0.456,-0.395,0.151,1
118.787,target,0.456,-0.395,0.151,1
118.795,target,0.456,-0.395,0.151,1
118.803,target,0.456,-0.395,0.151,1
118.811,target,0.456,-0.395,0.151,1
118.819,target,0.456,-0.395,0.151,1
118.828,target,0.456,-0.395,0.151,1
118.836,target,0.456,-0.395,0.151,1
118.844,target,0.456,-0.395,0.151,1
118.852,target,0.456,-0.395,0.151,1
118.860,target,0.456,-0.395,0.151,1
118.867,target,0.456,-0.395,0.151,1
118.875,target,0.456,-0.395,0.151,1
118.883,target,0.456,-0.395,0.151,1
118.891,target,0.456,-0.395,0.151,1
118.899,target,0.456,-0.395,0.151,1
118.908,target,0.456,-0.395,0.151,1
118.917,target,0.456,-0.395,0.151,1
118.925,target,0.456,-0.395,0.151,1
118.934,target,0.456,-0.395,0.151,1
118.943,target,0.456,-0.395,0.151,1
118.952,target,0.456,-0.395,0.151,1
118.960,target,0.456,-0.395,0.151,1
118.970,target,0.456,-0.395,0.151,1
118.981,target,0.456,-0.395,0.151,1
118.991,target,0.456,-0.395,0.151,1
119.000,target,0.456,-0.395,0.151,1
119.008,target,0.456,-0.395,0.151,1
119.016,target,0.456,-0.395,0.151,1
119.024,target,0.456,-0.395,0.151,1
119.033,target,0.456,-0.395,0.151,1
119.044,target,0.456,-0.395,0.151,1
119.053,target,0.456,-0.395,0.151,1
119.062,target,0.456,-0.395,0.151,1
119.071,target,0.456,-0.395,0.151,1
119.080,target,0.456,-0.395,0.151,1
119.092,target,0.456,-0.395,0.151,1
119.104,target,0.456,-0.395,0.151,1
119.117,target,0.456,-0.395,0.151,1
119.125,target,0.456,-0.395,0.151,1
119.133,target,0.456,-0.395,0.151,1
119.141,target,0.456,-0.395,0.151,1
119.149,target,0.456,-0.395,0.151,1
119.157,target,0.456,-0.395,0.151,1
119.167,target,0.456,-0.395,0.151,1
119.176,target,0.456,-0.395,0.151,1
119.184,target,0.456,-0.395,0.151,1
119.193,target,0.456,-0.395,0.151,1
119.202,target,0.456,-0.395,0.151,1
119.210,target,0.456,-0.395,0.151,1
119.218,target,0.456,-0.395,0.151,1
119.226,target,0.456,-0.395,0.151,1
119.233,target,0.456,-0.395,0.151,1
119.240,target,0.456,-0.395,0.151,1
119.247,target,0.456,-0.395,0.151,1
119.254,target,0.456,-0.395,0.151,1
119.262,target,0.456,-0.395,0.151,1
119.269,target,0.456,-0.395,0.151,1
119.276,target,0.456,-0.395,0.151,1
119.283,target,0.456,-0.395,0.151,1
119.291,target,0.456,-0.395,0.151,1
119.298,target,0.456,-0.395,0.151,1
119.305,target,0.456,-0.395,0.151,1
119.312,target,0.456,-0.395,0.151,1
119.319,target,0.456,-0.395,0.151,1
119.327,target,0.456,-0.395,0.151,1
119.334,target,0.456,-0.395,0.151,1
119.341,target,0.456,-0.395,0.151,1
119.348,target,0.456,-0.395,0.151,1
119.356,target,0.456,-0.395,0.151,1
119.363,target,0.456,-0.395,0.151,1
119.370,target,0.456,-0.395,0.151,1
119.377,target,0.456,-0.395,0.151,1
119.385,target,0.456,-0.395,0.151,1
119.392,target,0.456,-0.395,0.151,1
119.399,target,0.456,-0.395,0.151,1
119.406,target,0.456,-0.395,0.151,1
119.413,target,0.456,-0.395,0.151,1
119.421,target,0.456,-0.395,0.151,1
119.428,target,0.456,-0.395,0.151,1
119.435,target,0.456,-0.395,0.151,1
119.443,target,0.456,-0.395,0.151,1
119.450,target,0.456,-0.395,0.151,1
119.457,target,0.456,-0.395,0.151,1
119.464,target,0.456,-0.395,0.151,1
119.471,target,0.456,-0.395,0.151,1
119.479,target,0.456,-0.395,0.151,1
119.486,target,0.456,-0.395,0.151,1
119.494,target,0.456,-0.395,0.151,1
119.501,target,0.456,-0.395,0.151,1
119.508,target,0.456,-0.395,0.151,1
119.515,target,0.456,-0.395,0.151,1
119.522,target,0.456,-0.395,0.151,1
119.530,target,0.456,-0.395,0.151,1
119.537,target,0.456,-0.395,0.151,1
119.544,target,0.456,-0.395,0.151,1
119.552,target,0.456,-0.395,0.151,1
119.559,target,0.456,-0.395,0.151,1
119.566,target,0.456,-0.395,0.151,1
119.573,target,0.456,-0.395,0.151,1
119.581,target,0.456,-0.395,0.151,1
119.588,target,0.456,-0.395,0.151,1
119.595,target,0.456,-0.395,0.151,1
119.602,target,0.456,-0.395,0.151,1
119.610,target,0.456,-0.395,0.151,1
119.617,target,0.456,-0.395,0.151,1
119.624,target,0.456,-0.395,0.151,1
119.631,target,0.456,-0.395,0.151,1
119.639,target,0.456,-0.395,0.151,1
119.646,target,0.456,-0.395,0.151,1
119.653,target,0.456,-0.395,0.151,1
119.660,target,0.456,-0.395,0.151,1
119.668,target,0.456,-0.395,0.151,1
119.675,target,0.456,-0.395,0.151,1
119.683,target,0.456,-0.395,0.151,1
119.690,target,0.456,-0.395,0.151,1
119.697,target,0.456,-0.395,0.151,1
119.704,target,0.456,-0.395,0.151,1
119.711,target,0.456,-0.395,0.151,1
119.718,target,0.456,-0.395,0.151,1
119.726,target,0.456,-0.395,0.151,1
119.733,target,0.456,-0.395,0.151,1
119.741,target,0.456,-0.395,0.151,1
119.748,target,0.456,-0.395,0.151,1
119.755,target,0.456,-0.395,0.151,1
119.763,target,0.456,-0.395,0.151,1
119.770,target,0.456,-0.395,0.151,1
119.777,target,0.456,-0.395,0.151,1
119.784,target,0.456,-0.395,0.151,1
119.792,target,0.456,-0.395,0.151,1
119.799,target,0.456,-0.395,0.151,1
119.806,target,0.456,-0.395,0.151,1
119.813,target,0.456,-0.395,0.151,1
119.821,target,0.456,-0.395,0.151,1
119.828,target,0.456,-0.395,0.151,1
119.836,target,0.456,-0.395,0.151,1
119.843,target,0.456,-0.395,0.151,1
119.850,target,0.456,-0.395,0.151,1
119.857,target,0.456,-0.395,0.151,1
119.865,target,0.456,-0.395,0.151,1
119.872,target,0.456,-0.395,0.151,1
119.879,target,0.456,-0.395,0.151,1
119.886,target,0.456,-0.395,0.151,1
119.893,target,0.456,-0.395,0.151,1
119.901,target,0.456,-0.395,0.151,1
119.908,target,0.456,-0.395,0.151,1
119.915,target,0.456,-0.395,0.151,1
119.922,target,0.456,-0.395,0.151,1
119.930,target,0.456,-0.395,0.151,1
119.937,target,0.456,-0.395,0.151,1
119.945,target,0.456,-0.395,0.151,1
119.952,target,0.456,-0.395,0.151,1
119.959,target,0.456,-0.395,0.151,1
119.966,target,0.456,-0.395,0.151,1
119.973,target,0.456,-0.395,0.151,1
119.980,target,0.456,-0.395,0.151,1
119.987,target,0.456,-0.395,0.151,1
119.995,target,0.456,-0.395,0.151,1
120.002,target,0.456,-0.395,0.151,1
120.009,target,0.456,-0.395,0.151,1
120.016,target,0.456,-0.395,0.151,1
120.023,target,0.456,-0.395,0.151,1
120.030,target,0.456,-0.395,0.151,1
120.038,target,0.456,-0.395,0.151,1
120.045,target,0.456,-0.395,0.151,1
120.053,target,0.456,-0.395,0.151,1
120.060,target,0.456,-0.395,0.151,1
120.067,target,0.456,-0.395,0.151,1
120.074,target,0.456,-0.395,0.151,1
120.081,target,0.456,-0.395,0.151,1
120.089,target,0.456,-0.395,0.151,1
120.096,target,0.456,-0.395,0.151,1
120.103,target,0.456,-0.395,0.151,1
120.110,target,0.456,-0.395,0.151,1
120.117,target,0.456,-0.395,0.151,1
120.125,target,0.456,-0.395,0.151,1
120.133,target,0.456,-0.395,0.151,1
120.140,target,0.456,-0.395,0.151,1
120.147,target,0.456,-0.395,0.151,1
120.154,target,0.456,-0.395,0.151,1
120.161,target,0.456,-0.395,0.151,1
120.169,target,0.456,-0.395,0.151,1
120.176,target,0.456,-0.395,0.151,1
120.183,target,0.456,-0.395,0.151,1
120.190,target,0.456,-0.395,0.151,1
120.198,target,0.456,-0.395,0.151,1
120.205,target,0.456,-0.395,0.151,1
120.212,target,0.456,-0.395,0.151,1
120.219,target,0.456,-0.395,0.151,1
120.227,target,0.456,-0.395,0.151,1
120.234,target,0.456,-0.395,0.151,1
120.241,target,0.456,-0.395,0.151,1
120.249,target,0.456,-0.395,0.151,1
120.256,target,0.456,-0.395,0.151,1
120.263,target,0.456,-0.395,0.151,1
120.270,target,0.456,-0.395,0.151,1
120.277,target,0.456,-0.395,0.151,1
120.284,target,0.456,-0.395,0.151,1
120.292,target,0.456,-0.395,0.151,1
120.299,target,0.456,-0.395,0.151,1
120.306,target,0.456,-0.395,0.151,1
120.313,target,0.456,-0.395,0.151,1
120.320,target,0.456,-0.395,0.151,1
120.328,target,0.456,-0.395,0.151,1
120.335,target,0.456,-0.395,0.151,1
120.342,target,0.456,-0.395,0.151,1
120.349,target,0.456,-0.395,0.151,1
120.356,target,0.456,-0.395,0.151,1
120.364,target,0.456,-0.395,0.151,1
120.372,target,0.456,-0.395,0.151,1
120.381,target,0.456,-0.395,0.151,1
120.389,target,0.456,-0.395,0.151,1
120.398,target,0.456,-0.395,0.151,1
120.406,target,0.456,-0.395,0.151,1
120.414,target,0.456,-0.395,0.151,1
120.422,target,0.456,-0.395,0.151,1
120.429,target,0.456,-0.395,0.151,1
120.436,target,0.456,-0.395,0.151,1
120.444,target,0.456,-0.395,0.151,1
120.451,target,0.456,-0.395,0.151,1
120.458,target,0.456,-0.395,0.151,1
120.465,target,0.456,-0.395,0.151,1
120.473,target,0.456,-0.395,0.151,1
120.481,target,0.456,-0.395,0.151,1
120.488,target,0.456,-0.395,0.151,1
120.495,target,0.456,-0.395,0.151,1
120.503,target,0.456,-0.395,0.151,1
120.510,target,0.456,-0.395,0.151,1
120.517,target,0.456,-0.395,0.151,1
120.524,target,0.456,-0.395,0.151,1
120.533,target,0.456,-0.395,0.151,1
120.540,target,0.456,-0.395,0.151,1
120.547,target,0.456,-0.395,0.151,1
120.554,target,0.456,-0.395,0.151,1
120.561,target,0.456,-0.395,0.151,1
120.569,target,0.456,-0.395,0.151,1
120.576,target,0.456,-0.395,0.151,1
120.584,target,0.456,-0.395,0.151,1
120.591,target,0.456,-0.395,0.151,1
120.598,target,0.456,-0.395,0.151,1
120.606,target,0.456,-0.395,0.151,1
120.613,target,0.456,-0.395,0.151,1
120.621,target,0.456,-0.395,0.151,1
120.630,target,0.456,-0.395,0.151,1
120.641,target,0.456,-0.395,0.151,1
120.649,target,0.456,-0.395,0.151,1
120.657,target,0.456,-0.395,0.151,1
120.666,target,0.456,-0.395,0.151,1
120.675,target,0.456,-0.395,0.151,1
120.683,target,0.456,-0.395,0.151,1
120.692,target,0.456,-0.395,0.151,1
120.700,target,0.456,-0.395,0.151,1
120.710,target,0.456,-0.395,0.151,1
120.718,target,0.456,-0.395,0.151,1
120.727,target,0.456,-0.395,0.151,1
120.735,target,0.456,-0.395,0.151,1
120.746,target,0.456,-0.395,0.151,1
120.754,target,0.456,-0.395,0.151,1
120.763,target,0.456,-0.395,0.151,1
120.771,target,0.456,-0.395,0.151,1
120.780,target,0.456,-0.395,0.151,1
120.789,target,0.456,-0.395,0.151,1
120.797,target,0.456,-0.395,0.151,1
120.805,target,0.456,-0.395,0.151,1
120.813,target,0.456,-0.395,0.151,1
120.822,target,0.456,-0.395,0.151,1
120.830,target,0.456,-0.395,0.151,1
120.838,target,0.456,-0.395,0.151,1
120.846,target,0.456,-0.395,0.151,1
120.854,target,0.456,-0.395,0.151,1
120.862,target,0.456,-0.395,0.151,1
120.870,target,0.456,-0.395,0.151,1
120.878,target,0.456,-0.395,0.151,1
120.886,target,0.456,-0.395,0.151,1
120.894,target,0.456,-0.395,0.151,1
120.902,target,0.456,-0.395,0.151,1
120.911,target,0.456,-0.395,0.151,1
120.919,target,0.456,-0.395,0.151,1
120.927,target,0.456,-0.395,0.151,1
120.935,target,0.456,-0.395,0.151,1
120.943,target,0.456,-0.395,0.151,1
