elapsed_s,event,body_x,body_y,dist,tags_used
8.233,lost,,,,
8.282,lost,,,,
8.298,lost,,,,
8.315,lost,,,,
8.330,lost,,,,
8.341,lost,,,,
8.356,lost,,,,
8.371,lost,,,,
8.385,lost,,,,
8.398,lost,,,,
8.414,lost,,,,
8.427,lost,,,,
8.441,lost,,,,
8.457,lost,,,,
8.471,lost,,,,
8.484,lost,,,,
8.495,lost,,,,
8.507,lost,,,,
8.521,lost,,,,
8.534,lost,,,,
8.545,lost,,,,
8.558,lost,,,,
8.571,lost,,,,
8.584,lost,,,,
8.596,lost,,,,
8.610,lost,,,,
8.624,lost,,,,
8.636,lost,,,,
8.650,lost,,,,
8.663,lost,,,,
8.675,lost,,,,
8.687,lost,,,,
8.700,lost,,,,
8.714,lost,,,,
8.727,lost,,,,
8.739,lost,,,,
8.753,lost,,,,
8.767,lost,,,,
8.780,lost,,,,
8.791,lost,,,,
8.803,lost,,,,
8.818,lost,,,,
8.831,lost,,,,
8.843,lost,,,,
8.856,lost,,,,
8.869,lost,,,,
8.883,lost,,,,
8.896,lost,,,,
8.909,lost,,,,
8.922,lost,,,,
8.934,lost,,,,
8.946,lost,,,,
8.960,lost,,,,
8.974,lost,,,,
8.988,lost,,,,
9.005,lost,,,,
9.020,lost,,,,
9.036,lost,,,,
9.055,lost,,,,
9.070,lost,,,,
9.084,lost,,,,
9.096,lost,,,,
9.109,lost,,,,
9.124,lost,,,,
9.137,lost,,,,
9.150,lost,,,,
9.164,lost,,,,
9.179,lost,,,,
9.192,lost,,,,
9.204,lost,,,,
9.218,lost,,,,
9.231,lost,,,,
9.242,lost,,,,
9.254,lost,,,,
9.269,lost,,,,
9.282,lost,,,,
9.295,lost,,,,
9.307,lost,,,,
9.323,lost,,,,
9.336,lost,,,,
9.349,lost,,,,
9.362,lost,,,,
9.376,lost,,,,
9.389,lost,,,,
9.402,lost,,,,
9.416,lost,,,,
9.431,lost,,,,
9.443,lost,,,,
9.455,lost,,,,
9.469,lost,,,,
9.484,lost,,,,
9.497,lost,,,,
9.509,lost,,,,
9.523,lost,,,,
9.538,lost,,,,
9.551,lost,,,,
9.563,lost,,,,
9.578,lost,,,,
9.592,lost,,,,
9.605,lost,,,,
9.619,lost,,,,
9.634,lost,,,,
9.647,lost,,,,
9.659,lost,,,,
9.673,lost,,,,
9.687,lost,,,,
9.700,lost,,,,
9.713,lost,,,,
9.727,lost,,,,
9.740,lost,,,,
9.753,lost,,,,
9.766,lost,,,,
9.781,lost,,,,
9.795,lost,,,,
9.808,lost,,,,
9.819,lost,,,,
9.832,lost,,,,
9.848,lost,,,,
9.859,lost,,,,
9.872,lost,,,,
9.886,lost,,,,
9.900,lost,,,,
9.914,lost,,,,
9.928,lost,,,,
9.942,lost,,,,
9.955,lost,,,,
9.969,lost,,,,
9.984,lost,,,,
9.997,lost,,,,
10.009,lost,,,,
10.021,lost,,,,
10.035,lost,,,,
10.049,lost,,,,
10.062,lost,,,,
10.074,lost,,,,
10.087,lost,,,,
10.100,lost,,,,
10.113,lost,,,,
10.124,lost,,,,
10.138,lost,,,,
10.153,lost,,,,
10.166,lost,,,,
10.179,lost,,,,
10.192,lost,,,,
10.204,lost,,,,
10.217,lost,,,,
10.231,lost,,,,
10.245,lost,,,,
10.257,lost,,,,
10.271,lost,,,,
10.285,lost,,,,
10.298,lost,,,,
10.311,lost,,,,
10.324,lost,,,,
10.338,lost,,,,
10.353,lost,,,,
10.367,lost,,,,
10.379,lost,,,,
10.394,lost,,,,
10.408,lost,,,,
10.421,lost,,,,
10.435,lost,,,,
10.450,lost,,,,
10.464,lost,,,,
10.476,lost,,,,
10.487,lost,,,,
10.505,lost,,,,
10.517,lost,,,,
10.530,lost,,,,
10.543,lost,,,,
10.557,lost,,,,
10.570,lost,,,,
10.582,lost,,,,
10.597,lost,,,,
10.609,lost,,,,
10.621,lost,,,,
10.635,lost,,,,
10.650,lost,,,,
10.663,lost,,,,
10.675,lost,,,,
10.687,lost,,,,
10.704,lost,,,,
10.716,lost,,,,
10.728,lost,,,,
10.742,lost,,,,
10.756,lost,,,,
10.769,lost,,,,
10.782,lost,,,,
10.796,lost,,,,
10.808,lost,,,,
10.820,lost,,,,
10.834,lost,,,,
10.850,lost,,,,
10.862,lost,,,,
10.874,lost,,,,
10.887,lost,,,,
10.902,lost,,,,
10.917,lost,,,,
10.929,lost,,,,
10.942,lost,,,,
10.957,lost,,,,
10.970,lost,,,,
10.983,lost,,,,
10.997,lost,,,,
11.011,lost,,,,
11.024,lost,,,,
11.038,lost,,,,
11.052,lost,,,,
11.069,lost,,,,
11.085,lost,,,,
11.101,lost,,,,
11.116,lost,,,,
11.129,lost,,,,
11.143,lost,,,,
11.156,lost,,,,
11.169,lost,,,,
11.185,lost,,,,
11.198,lost,,,,
11.211,lost,,,,
11.225,lost,,,,
11.239,lost,,,,
11.252,lost,,,,
11.267,lost,,,,
11.282,lost,,,,
11.294,lost,,,,
11.307,lost,,,,
11.321,lost,,,,
11.336,lost,,,,
11.348,lost,,,,
11.360,lost,,,,
11.371,lost,,,,
11.387,lost,,,,
11.399,lost,,,,
11.409,lost,,,,
11.421,lost,,,,
11.436,lost,,,,
11.450,lost,,,,
11.462,lost,,,,
11.475,lost,,,,
11.487,lost,,,,
11.498,lost,,,,
11.509,lost,,,,
11.522,lost,,,,
11.536,lost,,,,
11.548,lost,,,,
11.559,lost,,,,
11.573,lost,,,,
11.585,lost,,,,
11.596,lost,,,,
11.607,lost,,,,
11.619,lost,,,,
11.632,lost,,,,
11.646,lost,,,,
11.658,lost,,,,
11.671,lost,,,,
11.685,lost,,,,
11.697,lost,,,,
11.709,lost,,,,
11.720,lost,,,,
11.735,lost,,,,
11.748,lost,,,,
11.762,lost,,,,
11.774,lost,,,,
11.786,lost,,,,
11.800,lost,,,,
11.812,lost,,,,
11.824,lost,,,,
11.836,lost,,,,
11.850,lost,,,,
11.862,lost,,,,
11.874,lost,,,,
11.885,lost,,,,
11.897,lost,,,,
11.911,lost,,,,
11.924,lost,,,,
11.937,lost,,,,
11.950,lost,,,,
11.962,lost,,,,
11.974,lost,,,,
11.987,lost,,,,
12.001,lost,,,,
12.012,lost,,,,
12.023,lost,,,,
12.035,lost,,,,
12.049,lost,,,,
12.061,lost,,,,
12.073,lost,,,,
12.084,lost,,,,
12.099,lost,,,,
12.112,lost,,,,
12.121,lost,,,,
12.132,lost,,,,
12.144,lost,,,,
12.158,lost,,,,
12.170,lost,,,,
12.182,lost,,,,
12.196,lost,,,,
12.209,lost,,,,
12.223,lost,,,,
12.236,lost,,,,
12.250,lost,,,,
12.264,lost,,,,
12.276,lost,,,,
12.288,lost,,,,
12.302,lost,,,,
12.315,lost,,,,
12.326,lost,,,,
12.338,lost,,,,
12.349,lost,,,,
12.364,lost,,,,
12.376,lost,,,,
12.388,lost,,,,
12.401,lost,,,,
12.415,lost,,,,
12.427,lost,,,,
12.438,lost,,,,
12.449,lost,,,,
12.462,lost,,,,
12.473,lost,,,,
12.486,lost,,,,
12.499,lost,,,,
12.510,lost,,,,
12.522,lost,,,,
12.533,lost,,,,
12.544,lost,,,,
12.558,lost,,,,
12.568,lost,,,,
12.580,lost,,,,
12.591,lost,,,,
12.603,lost,,,,
12.617,lost,,,,
12.629,lost,,,,
12.640,lost,,,,
12.652,lost,,,,
12.667,lost,,,,
12.679,lost,,,,
12.690,lost,,,,
12.702,lost,,,,
12.717,lost,,,,
12.729,lost,,,,
12.741,lost,,,,
12.752,lost,,,,
12.767,lost,,,,
12.779,lost,,,,
12.790,lost,,,,
12.803,lost,,,,
12.816,lost,,,,
12.829,lost,,,,
12.841,lost,,,,
12.851,lost,,,,
12.862,lost,,,,
12.875,lost,,,,
12.886,lost,,,,
12.898,lost,,,,
12.908,lost,,,,
12.920,lost,,,,
12.934,lost,,,,
12.948,lost,,,,
12.958,lost,,,,
12.970,lost,,,,
12.983,lost,,,,
12.996,lost,,,,
13.006,lost,,,,
13.019,lost,,,,
13.032,lost,,,,
13.043,lost,,,,
13.055,lost,,,,
13.067,lost,,,,
13.080,lost,,,,
13.091,lost,,,,
13.102,lost,,,,
13.113,lost,,,,
13.126,lost,,,,
13.140,lost,,,,
13.152,lost,,,,
13.165,lost,,,,
13.179,lost,,,,
13.191,lost,,,,
13.202,lost,,,,
13.214,lost,,,,
13.225,lost,,,,
13.236,lost,,,,
13.252,lost,,,,
13.266,lost,,,,
13.278,lost,,,,
13.288,lost,,,,
13.303,lost,,,,
13.315,lost,,,,
13.325,lost,,,,
13.337,lost,,,,
13.350,lost,,,,
13.362,lost,,,,
13.374,lost,,,,
13.385,lost,,,,
13.398,lost,,,,
13.410,lost,,,,
13.423,lost,,,,
13.436,lost,,,,
13.448,lost,,,,
13.460,lost,,,,
13.472,lost,,,,
13.485,lost,,,,
13.500,lost,,,,
13.511,lost,,,,
13.523,lost,,,,
13.537,lost,,,,
13.550,lost,,,,
13.562,lost,,,,
13.573,lost,,,,
13.584,lost,,,,
13.597,lost,,,,
13.608,lost,,,,
13.620,lost,,,,
13.633,lost,,,,
13.647,lost,,,,
13.659,lost,,,,
13.670,lost,,,,
13.680,lost,,,,
13.695,lost,,,,
13.708,lost,,,,
13.723,lost,,,,
13.735,lost,,,,
13.748,lost,,,,
13.761,lost,,,,
13.773,lost,,,,
13.784,lost,,,,
13.799,lost,,,,
13.812,lost,,,,
13.824,lost,,,,
13.836,lost,,,,
13.850,lost,,,,
13.863,lost,,,,
13.875,lost,,,,
13.886,lost,,,,
13.900,lost,,,,
13.912,lost,,,,
13.923,lost,,,,
13.934,lost,,,,
13.946,lost,,,,
13.960,lost,,,,
13.971,lost,,,,
13.984,lost,,,,
13.996,lost,,,,
14.007,lost,,,,
14.019,lost,,,,
14.031,lost,,,,
14.046,lost,,,,
14.058,lost,,,,
14.071,lost,,,,
14.083,lost,,,,
14.094,lost,,,,
14.104,lost,,,,
14.116,lost,,,,
14.128,lost,,,,
14.140,lost,,,,
14.154,lost,,,,
14.170,lost,,,,
14.183,lost,,,,
14.194,lost,,,,
14.205,lost,,,,
14.218,lost,,,,
14.230,lost,,,,
14.242,lost,,,,
14.254,lost,,,,
14.269,lost,,,,
14.284,lost,,,,
14.296,lost,,,,
14.309,lost,,,,
14.321,lost,,,,
14.333,lost,,,,
14.345,lost,,,,
14.358,lost,,,,
14.371,lost,,,,
14.383,lost,,,,
14.395,lost,,,,
14.409,lost,,,,
14.422,lost,,,,
14.434,lost,,,,
14.446,lost,,,,
14.457,lost,,,,
14.470,lost,,,,
14.483,lost,,,,
14.496,lost,,,,
14.508,lost,,,,
14.520,lost,,,,
14.531,lost,,,,
14.544,lost,,,,
14.557,lost,,,,
14.570,lost,,,,
14.583,lost,,,,
14.595,lost,,,,
14.607,lost,,,,
14.621,lost,,,,
14.634,lost,,,,
14.645,lost,,,,
14.657,lost,,,,
14.671,lost,,,,
14.682,lost,,,,
14.693,lost,,,,
14.703,lost,,,,
14.715,lost,,,,
14.728,lost,,,,
14.741,lost,,,,
14.753,lost,,,,
14.768,lost,,,,
14.780,lost,,,,
14.791,lost,,,,
14.803,lost,,,,
14.815,lost,,,,
14.829,lost,,,,
14.841,lost,,,,
14.853,lost,,,,
14.866,lost,,,,
14.878,lost,,,,
14.888,lost,,,,
14.899,lost,,,,
14.911,lost,,,,
14.923,lost,,,,
14.936,lost,,,,
14.948,lost,,,,
14.961,lost,,,,
14.974,lost,,,,
14.986,lost,,,,
14.998,lost,,,,
15.008,lost,,,,
15.020,lost,,,,
15.035,lost,,,,
15.049,lost,,,,
15.059,lost,,,,
15.070,lost,,,,
15.085,lost,,,,
15.097,lost,,,,
15.109,lost,,,,
15.120,lost,,,,
15.135,lost,,,,
15.147,lost,,,,
15.158,lost,,,,
15.170,lost,,,,
15.186,lost,,,,
15.198,lost,,,,
15.209,lost,,,,
15.221,lost,,,,
15.233,lost,,,,
15.248,lost,,,,
15.262,lost,,,,
15.276,lost,,,,
15.288,lost,,,,
15.301,lost,,,,
15.312,lost,,,,
15.326,lost,,,,
15.340,lost,,,,
15.352,lost,,,,
15.364,lost,,,,
15.377,lost,,,,
15.388,lost,,,,
15.400,lost,,,,
15.412,lost,,,,
15.424,lost,,,,
15.437,lost,,,,
15.449,lost,,,,
15.460,lost,,,,
15.472,lost,,,,
15.486,lost,,,,
15.499,lost,,,,
15.509,lost,,,,
15.523,lost,,,,
15.538,lost,,,,
15.552,lost,,,,
15.565,lost,,,,
15.578,lost,,,,
15.588,lost,,,,
15.603,lost,,,,
15.616,lost,,,,
15.629,lost,,,,
15.643,lost,,,,
15.656,lost,,,,
15.667,lost,,,,
15.679,lost,,,,
15.692,lost,,,,
15.704,lost,,,,
15.716,lost,,,,
15.728,lost,,,,
15.742,lost,,,,
15.754,lost,,,,
15.767,lost,,,,
15.779,lost,,,,
15.790,lost,,,,
15.804,lost,,,,
15.816,lost,,,,
15.828,lost,,,,
15.841,lost,,,,
15.854,lost,,,,
15.866,lost,,,,
15.878,lost,,,,
15.891,lost,,,,
15.905,lost,,,,
15.916,lost,,,,
15.927,lost,,,,
15.939,lost,,,,
15.952,lost,,,,
15.965,lost,,,,
15.975,lost,,,,
15.986,lost,,,,
16.000,lost,,,,
16.013,lost,,,,
16.025,lost,,,,
16.038,lost,,,,
16.053,lost,,,,
16.066,lost,,,,
16.076,lost,,,,
16.089,lost,,,,
16.101,lost,,,,
16.114,lost,,,,
16.128,lost,,,,
16.139,lost,,,,
16.152,lost,,,,
16.167,lost,,,,
16.180,lost,,,,
16.191,lost,,,,
16.203,lost,,,,
16.218,lost,,,,
16.231,lost,,,,
16.245,lost,,,,
16.259,lost,,,,
16.272,lost,,,,
16.283,lost,,,,
16.295,lost,,,,
16.307,lost,,,,
16.321,lost,,,,
16.332,lost,,,,
16.342,lost,,,,
16.353,lost,,,,
16.366,lost,,,,
16.382,lost,,,,
16.393,lost,,,,
16.406,lost,,,,
16.420,lost,,,,
16.433,lost,,,,
16.444,lost,,,,
16.456,lost,,,,
16.470,lost,,,,
16.483,lost,,,,
16.495,lost,,,,
16.506,lost,,,,
16.520,lost,,,,
16.534,lost,,,,
16.546,lost,,,,
16.557,lost,,,,
16.570,lost,,,,
16.583,lost,,,,
16.594,lost,,,,
16.606,lost,,,,
16.618,lost,,,,
16.631,lost,,,,
16.643,lost,,,,
16.655,lost,,,,
16.671,lost,,,,
16.683,lost,,,,
16.694,lost,,,,
16.705,lost,,,,
16.717,lost,,,,
16.732,lost,,,,
16.745,lost,,,,
16.757,lost,,,,
16.769,lost,,,,
16.782,lost,,,,
16.794,lost,,,,
16.806,lost,,,,
16.820,lost,,,,
16.833,lost,,,,
16.844,lost,,,,
16.855,lost,,,,
16.866,lost,,,,
16.879,lost,,,,
16.893,lost,,,,
16.904,lost,,,,
16.916,lost,,,,
16.928,lost,,,,
16.941,lost,,,,
16.954,lost,,,,
16.967,lost,,,,
16.982,lost,,,,
16.995,lost,,,,
17.008,lost,,,,
17.020,lost,,,,
17.033,lost,,,,
17.044,lost,,,,
17.055,lost,,,,
17.067,lost,,,,
17.080,lost,,,,
17.091,lost,,,,
17.103,lost,,,,
17.114,lost,,,,
17.128,lost,,,,
17.140,lost,,,,
17.153,lost,,,,
17.166,lost,,,,
17.181,lost,,,,
17.192,lost,,,,
17.203,lost,,,,
17.216,lost,,,,
17.228,lost,,,,
17.240,lost,,,,
17.253,lost,,,,
17.264,lost,,,,
17.279,lost,,,,
17.291,lost,,,,
17.303,lost,,,,
17.315,lost,,,,
17.326,lost,,,,
17.337,lost,,,,
17.349,lost,,,,
17.362,lost,,,,
17.374,lost,,,,
17.387,lost,,,,
17.402,lost,,,,
17.413,lost,,,,
17.423,lost,,,,
17.434,lost,,,,
17.447,lost,,,,
17.459,lost,,,,
17.470,lost,,,,
17.482,lost,,,,
17.495,lost,,,,
17.507,lost,,,,
17.519,lost,,,,
17.532,lost,,,,
17.544,lost,,,,
17.558,lost,,,,
17.569,lost,,,,
17.582,lost,,,,
17.598,lost,,,,
17.609,lost,,,,
17.621,lost,,,,
17.632,lost,,,,
17.644,lost,,,,
17.658,lost,,,,
17.670,lost,,,,
17.683,lost,,,,
17.696,lost,,,,
17.708,lost,,,,
17.720,lost,,,,
17.732,lost,,,,
17.745,lost,,,,
17.758,lost,,,,
17.770,lost,,,,
17.783,lost,,,,
17.796,lost,,,,
17.808,lost,,,,
17.820,lost,,,,
17.832,lost,,,,
17.846,lost,,,,
17.858,lost,,,,
17.870,lost,,,,
17.882,lost,,,,
17.894,lost,,,,
17.907,lost,,,,
17.920,lost,,,,
17.932,lost,,,,
17.943,lost,,,,
17.957,lost,,,,
17.970,lost,,,,
17.982,lost,,,,
17.993,lost,,,,
18.005,lost,,,,
18.021,lost,,,,
18.033,lost,,,,
18.044,lost,,,,
18.057,lost,,,,
18.070,lost,,,,
18.083,lost,,,,
18.094,lost,,,,
18.107,lost,,,,
18.120,lost,,,,
18.134,lost,,,,
18.146,lost,,,,
18.158,lost,,,,
18.170,lost,,,,
18.183,lost,,,,
18.195,lost,,,,
18.207,lost,,,,
18.221,lost,,,,
18.234,lost,,,,
18.248,lost,,,,
18.258,lost,,,,
18.272,lost,,,,
18.286,lost,,,,
18.300,lost,,,,
18.312,lost,,,,
18.325,lost,,,,
18.338,lost,,,,
18.350,lost,,,,
18.360,lost,,,,
18.371,lost,,,,
18.383,lost,,,,
18.398,lost,,,,
18.410,lost,,,,
18.423,lost,,,,
18.434,lost,,,,
18.446,lost,,,,
18.456,lost,,,,
18.468,lost,,,,
18.482,lost,,,,
18.494,lost,,,,
18.507,lost,,,,
18.520,lost,,,,
18.532,lost,,,,
18.547,lost,,,,
18.559,lost,,,,
18.572,lost,,,,
18.584,lost,,,,
18.599,lost,,,,
18.612,lost,,,,
18.624,lost,,,,
18.635,lost,,,,
18.649,lost,,,,
18.663,lost,,,,
18.675,lost,,,,
18.688,lost,,,,
18.700,lost,,,,
18.714,lost,,,,
18.727,lost,,,,
18.739,lost,,,,
18.752,lost,,,,
18.767,lost,,,,
18.779,lost,,,,
18.792,lost,,,,
18.805,lost,,,,
18.819,lost,,,,
18.830,lost,,,,
18.840,lost,,,,
18.851,lost,,,,
18.866,lost,,,,
18.879,lost,,,,
18.891,lost,,,,
18.903,lost,,,,
18.917,lost,,,,
18.929,lost,,,,
18.940,lost,,,,
18.952,lost,,,,
18.965,lost,,,,
18.978,lost,,,,
18.991,lost,,,,
19.004,lost,,,,
19.018,lost,,,,
19.031,lost,,,,
19.045,lost,,,,
19.056,lost,,,,
19.068,lost,,,,
19.080,lost,,,,
19.093,lost,,,,
19.104,lost,,,,
19.118,lost,,,,
19.133,lost,,,,
19.145,lost,,,,
19.157,lost,,,,
19.169,lost,,,,
19.182,lost,,,,
19.194,lost,,,,
19.206,lost,,,,
19.218,lost,,,,
19.233,lost,,,,
19.245,lost,,,,
19.257,lost,,,,
19.271,lost,,,,
19.285,lost,,,,
19.297,lost,,,,
19.308,lost,,,,
19.320,lost,,,,
19.333,lost,,,,
19.346,lost,,,,
19.358,lost,,,,
19.371,lost,,,,
19.385,lost,,,,
19.397,lost,,,,
19.408,lost,,,,
19.421,lost,,,,
19.434,lost,,,,
19.446,lost,,,,
19.459,lost,,,,
19.471,lost,,,,
19.485,lost,,,,
19.497,lost,,,,
19.509,lost,,,,
19.521,lost,,,,
19.538,lost,,,,
19.552,lost,,,,
19.563,lost,,,,
19.574,lost,,,,
19.588,lost,,,,
19.602,lost,,,,
19.613,lost,,,,
19.625,lost,,,,
19.637,lost,,,,
19.653,lost,,,,
19.664,lost,,,,
19.676,lost,,,,
19.687,lost,,,,
19.700,lost,,,,
19.713,lost,,,,
19.725,lost,,,,
19.737,lost,,,,
19.753,lost,,,,
19.765,lost,,,,
19.777,lost,,,,
19.792,lost,,,,
19.803,lost,,,,
19.816,lost,,,,
19.828,lost,,,,
19.840,lost,,,,
19.855,lost,,,,
19.867,lost,,,,
19.878,lost,,,,
19.891,lost,,,,
19.905,lost,,,,
19.916,lost,,,,
19.928,lost,,,,
19.941,lost,,,,
19.955,lost,,,,
19.969,lost,,,,
19.981,lost,,,,
19.995,lost,,,,
20.007,lost,,,,
20.018,lost,,,,
20.029,lost,,,,
20.041,lost,,,,
20.056,lost,,,,
20.067,lost,,,,
20.079,lost,,,,
20.091,lost,,,,
20.104,lost,,,,
20.116,lost,,,,
20.126,lost,,,,
20.138,lost,,,,
20.153,lost,,,,
20.167,lost,,,,
20.179,lost,,,,
20.190,lost,,,,
20.201,lost,,,,
20.215,lost,,,,
20.228,lost,,,,
20.240,lost,,,,
20.252,lost,,,,
20.265,lost,,,,
20.278,lost,,,,
20.291,lost,,,,
20.303,lost,,,,
20.316,lost,,,,
20.329,lost,,,,
20.341,lost,,,,
20.352,lost,,,,
20.367,lost,,,,
20.380,lost,,,,
20.391,lost,,,,
20.405,lost,,,,
20.417,lost,,,,
20.431,lost,,,,
20.442,lost,,,,
20.455,lost,,,,
20.469,lost,,,,
20.481,lost,,,,
20.493,lost,,,,
20.505,lost,,,,
20.519,lost,,,,
20.531,lost,,,,
20.542,lost,,,,
20.554,lost,,,,
20.568,lost,,,,
20.580,lost,,,,
20.594,lost,,,,
20.606,lost,,,,
20.618,lost,,,,
20.631,lost,,,,
20.643,lost,,,,
20.654,lost,,,,
20.667,lost,,,,
20.680,lost,,,,
20.692,lost,,,,
20.704,lost,,,,
20.717,lost,,,,
20.730,lost,,,,
20.745,lost,,,,
20.758,lost,,,,
20.772,lost,,,,
20.787,lost,,,,
20.800,lost,,,,
20.812,lost,,,,
20.825,lost,,,,
20.838,lost,,,,
20.848,lost,,,,
20.860,lost,,,,
20.874,lost,,,,
20.887,lost,,,,
20.900,lost,,,,
20.912,lost,,,,
20.924,lost,,,,
20.937,lost,,,,
20.951,lost,,,,
20.964,lost,,,,
20.977,lost,,,,
20.990,lost,,,,
21.002,lost,,,,
21.015,lost,,,,
21.029,lost,,,,
21.041,lost,,,,
21.053,lost,,,,
21.066,lost,,,,
21.079,lost,,,,
21.093,lost,,,,
21.104,lost,,,,
21.116,lost,,,,
21.130,lost,,,,
21.142,lost,,,,
21.154,lost,,,,
21.166,lost,,,,
21.181,lost,,,,
21.192,lost,,,,
21.202,lost,,,,
21.214,lost,,,,
21.227,lost,,,,
21.240,lost,,,,
21.253,lost,,,,
21.264,lost,,,,
21.277,lost,,,,
21.289,lost,,,,
21.300,lost,,,,
21.313,lost,,,,
21.327,lost,,,,
21.338,lost,,,,
21.351,lost,,,,
21.363,lost,,,,
21.375,lost,,,,
21.389,lost,,,,
21.403,lost,,,,
21.417,lost,,,,
21.431,lost,,,,
21.444,lost,,,,
21.456,lost,,,,
21.468,lost,,,,
21.483,lost,,,,
21.496,lost,,,,
21.507,lost,,,,
21.519,lost,,,,
21.534,lost,,,,
21.547,lost,,,,
21.559,lost,,,,
21.570,lost,,,,
21.583,lost,,,,
21.599,lost,,,,
21.611,lost,,,,
21.622,lost,,,,
21.635,lost,,,,
21.649,lost,,,,
21.661,lost,,,,
21.673,lost,,,,
21.684,lost,,,,
21.696,lost,,,,
21.709,lost,,,,
21.720,lost,,,,
21.731,lost,,,,
21.744,lost,,,,
21.754,lost,,,,
21.766,lost,,,,
21.779,lost,,,,
21.793,lost,,,,
21.805,lost,,,,
21.818,lost,,,,
21.831,lost,,,,
21.846,lost,,,,
21.858,lost,,,,
21.870,lost,,,,
21.882,lost,,,,
21.896,lost,,,,
21.908,lost,,,,
21.921,lost,,,,
21.933,lost,,,,
21.946,lost,,,,
21.957,lost,,,,
21.970,lost,,,,
21.982,lost,,,,
21.996,lost,,,,
22.008,lost,,,,
22.020,lost,,,,
22.032,lost,,,,
22.045,lost,,,,
22.058,lost,,,,
22.071,lost,,,,
22.083,lost,,,,
22.098,lost,,,,
22.111,lost,,,,
22.123,lost,,,,
22.137,lost,,,,
22.150,lost,,,,
22.162,lost,,,,
22.174,lost,,,,
22.186,lost,,,,
22.198,lost,,,,
22.213,lost,,,,
22.225,lost,,,,
22.236,lost,,,,
22.250,lost,,,,
22.264,lost,,,,
22.276,lost,,,,
22.288,lost,,,,
22.301,lost,,,,
22.315,lost,,,,
22.331,lost,,,,
22.346,lost,,,,
22.358,lost,,,,
22.370,lost,,,,
22.383,lost,,,,
22.393,lost,,,,
22.406,lost,,,,
22.421,lost,,,,
22.433,lost,,,,
22.445,lost,,,,
22.459,lost,,,,
22.472,lost,,,,
22.483,lost,,,,
22.494,lost,,,,
22.507,lost,,,,
22.519,lost,,,,
22.532,lost,,,,
22.544,lost,,,,
22.557,lost,,,,
22.569,lost,,,,
22.580,lost,,,,
22.591,lost,,,,
22.602,lost,,,,
22.617,lost,,,,
22.632,lost,,,,
22.643,lost,,,,
22.655,lost,,,,
22.672,lost,,,,
22.684,lost,,,,
22.697,lost,,,,
22.710,lost,,,,
22.724,lost,,,,
22.738,lost,,,,
22.750,lost,,,,
22.762,lost,,,,
22.775,lost,,,,
22.789,lost,,,,
22.801,lost,,,,
22.814,lost,,,,
22.827,lost,,,,
22.839,lost,,,,
22.852,lost,,,,
22.864,lost,,,,
22.877,lost,,,,
22.889,lost,,,,
22.902,lost,,,,
22.914,lost,,,,
22.927,lost,,,,
22.940,lost,,,,
22.953,lost,,,,
22.965,lost,,,,
22.981,lost,,,,
22.993,lost,,,,
23.004,lost,,,,
23.015,lost,,,,
23.029,lost,,,,
23.041,lost,,,,
23.054,lost,,,,
23.066,lost,,,,
23.076,lost,,,,
23.087,lost,,,,
23.102,lost,,,,
23.115,lost,,,,
23.127,lost,,,,
23.137,lost,,,,
23.150,lost,,,,
23.163,lost,,,,
23.175,lost,,,,
23.189,lost,,,,
23.202,lost,,,,
23.214,lost,,,,
23.226,lost,,,,
23.239,lost,,,,
23.253,lost,,,,
23.265,lost,,,,
23.277,lost,,,,
23.290,lost,,,,
23.305,lost,,,,
23.319,lost,,,,
23.333,lost,,,,
23.347,lost,,,,
23.359,lost,,,,
23.371,lost,,,,
23.383,lost,,,,
23.395,lost,,,,
23.407,lost,,,,
23.422,lost,,,,
23.435,lost,,,,
23.448,lost,,,,
23.460,lost,,,,
23.471,lost,,,,
23.484,lost,,,,
23.494,lost,,,,
23.509,lost,,,,
23.521,lost,,,,
23.533,lost,,,,
23.545,lost,,,,
23.558,lost,,,,
23.570,lost,,,,
23.582,lost,,,,
23.595,lost,,,,
23.608,lost,,,,
23.621,lost,,,,
23.633,lost,,,,
23.645,lost,,,,
23.658,lost,,,,
23.670,lost,,,,
23.684,lost,,,,
23.698,lost,,,,
23.712,lost,,,,
23.725,lost,,,,
23.737,lost,,,,
23.750,lost,,,,
23.765,lost,,,,
23.778,lost,,,,
23.790,lost,,,,
23.802,lost,,,,
23.816,lost,,,,
23.829,lost,,,,
23.841,lost,,,,
23.853,lost,,,,
23.866,lost,,,,
23.878,lost,,,,
23.890,lost,,,,
23.903,lost,,,,
23.917,lost,,,,
23.932,lost,,,,
23.942,lost,,,,
23.953,lost,,,,
23.966,lost,,,,
23.978,lost,,,,
23.990,lost,,,,
24.002,lost,,,,
24.015,lost,,,,
24.028,lost,,,,
24.040,lost,,,,
24.053,lost,,,,
24.066,lost,,,,
24.081,lost,,,,
24.094,lost,,,,
24.106,lost,,,,
24.117,lost,,,,
24.130,lost,,,,
24.143,lost,,,,
24.154,lost,,,,
24.167,lost,,,,
24.179,lost,,,,
24.191,lost,,,,
24.204,lost,,,,
24.216,lost,,,,
24.228,lost,,,,
24.242,lost,,,,
24.254,lost,,,,
24.267,lost,,,,
24.280,lost,,,,
24.296,lost,,,,
24.308,lost,,,,
24.319,lost,,,,
24.331,lost,,,,
24.344,lost,,,,
24.356,lost,,,,
24.369,lost,,,,
24.382,lost,,,,
24.395,lost,,,,
24.408,lost,,,,
24.419,lost,,,,
24.430,lost,,,,
24.444,lost,,,,
24.455,lost,,,,
24.468,lost,,,,
24.481,lost,,,,
24.494,lost,,,,
24.505,lost,,,,
24.516,lost,,,,
24.527,lost,,,,
24.540,lost,,,,
24.552,lost,,,,
24.563,lost,,,,
24.575,lost,,,,
24.586,lost,,,,
24.600,lost,,,,
24.613,lost,,,,
24.624,lost,,,,
24.637,lost,,,,
24.651,lost,,,,
24.664,lost,,,,
24.675,lost,,,,
24.687,lost,,,,
24.701,lost,,,,
24.716,lost,,,,
24.727,lost,,,,
24.740,lost,,,,
24.753,lost,,,,
24.766,lost,,,,
24.777,lost,,,,
24.788,lost,,,,
24.800,lost,,,,
24.811,lost,,,,
24.827,lost,,,,
24.839,lost,,,,
24.852,lost,,,,
24.866,lost,,,,
24.879,lost,,,,
24.891,lost,,,,
24.903,lost,,,,
24.917,lost,,,,
24.929,lost,,,,
24.941,lost,,,,
24.954,lost,,,,
24.968,lost,,,,
24.982,lost,,,,
24.993,lost,,,,
25.003,lost,,,,
25.017,lost,,,,
25.030,lost,,,,
25.041,lost,,,,
25.054,lost,,,,
25.067,lost,,,,
25.079,lost,,,,
25.094,lost,,,,
25.108,lost,,,,
25.119,lost,,,,
25.133,lost,,,,
25.146,lost,,,,
25.157,lost,,,,
25.169,lost,,,,
25.183,lost,,,,
25.196,lost,,,,
25.207,lost,,,,
25.220,lost,,,,
25.234,lost,,,,
25.245,lost,,,,
25.258,lost,,,,
25.270,lost,,,,
25.284,lost,,,,
25.297,lost,,,,
25.309,lost,,,,
25.320,lost,,,,
25.335,lost,,,,
25.347,lost,,,,
25.358,lost,,,,
25.372,lost,,,,
25.385,lost,,,,
25.397,lost,,,,
25.409,lost,,,,
25.421,lost,,,,
25.435,lost,,,,
25.448,lost,,,,
25.459,lost,,,,
25.471,lost,,,,
25.485,lost,,,,
25.499,lost,,,,
25.509,lost,,,,
25.522,lost,,,,
25.535,lost,,,,
25.547,lost,,,,
25.558,lost,,,,
25.571,lost,,,,
25.584,lost,,,,
25.598,lost,,,,
25.609,lost,,,,
25.621,lost,,,,
25.634,lost,,,,
25.647,lost,,,,
25.658,lost,,,,
25.668,lost,,,,
25.682,lost,,,,
25.696,lost,,,,
25.708,lost,,,,
25.719,lost,,,,
25.732,lost,,,,
25.746,lost,,,,
25.758,lost,,,,
25.771,lost,,,,
25.784,lost,,,,
25.798,lost,,,,
25.810,lost,,,,
25.820,lost,,,,
25.832,lost,,,,
25.844,lost,,,,
25.857,lost,,,,
25.869,lost,,,,
25.881,lost,,,,
25.891,lost,,,,
25.903,lost,,,,
25.917,lost,,,,
25.930,lost,,,,
25.943,lost,,,,
25.955,lost,,,,
25.968,lost,,,,
25.980,lost,,,,
25.993,lost,,,,
26.006,lost,,,,
26.018,lost,,,,
26.030,lost,,,,
26.044,lost,,,,
26.057,lost,,,,
26.069,lost,,,,
26.082,lost,,,,
26.097,lost,,,,
26.109,lost,,,,
26.120,lost,,,,
26.133,lost,,,,
26.148,lost,,,,
26.159,lost,,,,
26.171,lost,,,,
26.184,lost,,,,
26.198,lost,,,,
26.211,lost,,,,
26.224,lost,,,,
26.237,lost,,,,
26.252,lost,,,,
26.266,lost,,,,
26.278,lost,,,,
26.289,lost,,,,
26.303,lost,,,,
26.316,lost,,,,
26.329,lost,,,,
26.341,lost,,,,
26.355,lost,,,,
26.367,lost,,,,
26.379,lost,,,,
26.390,lost,,,,
26.404,lost,,,,
26.418,lost,,,,
26.432,lost,,,,
26.443,lost,,,,
26.454,lost,,,,
26.468,lost,,,,
26.483,lost,,,,
26.497,lost,,,,
26.511,lost,,,,
26.524,lost,,,,
26.537,lost,,,,
26.550,lost,,,,
26.563,lost,,,,
26.575,lost,,,,
26.588,lost,,,,
26.600,lost,,,,
26.615,lost,,,,
26.629,lost,,,,
26.640,lost,,,,
26.651,lost,,,,
26.666,lost,,,,
26.679,lost,,,,
26.691,lost,,,,
26.703,lost,,,,
26.717,lost,,,,
26.730,lost,,,,
26.741,lost,,,,
26.753,lost,,,,
26.766,lost,,,,
26.780,lost,,,,
26.791,lost,,,,
26.804,lost,,,,
26.817,lost,,,,
26.831,lost,,,,
26.844,lost,,,,
26.856,lost,,,,
26.869,lost,,,,
26.883,lost,,,,
26.894,lost,,,,
26.907,lost,,,,
26.921,lost,,,,
26.935,lost,,,,
26.946,lost,,,,
26.958,lost,,,,
26.971,lost,,,,
26.987,lost,,,,
27.000,lost,,,,
27.012,lost,,,,
27.024,lost,,,,
27.038,lost,,,,
27.052,lost,,,,
27.066,lost,,,,
27.079,lost,,,,
27.091,lost,,,,
27.103,lost,,,,
27.115,lost,,,,
27.128,lost,,,,
27.141,lost,,,,
27.153,lost,,,,
27.165,lost,,,,
27.178,lost,,,,
27.192,lost,,,,
27.203,lost,,,,
27.216,lost,,,,
27.230,lost,,,,
27.243,lost,,,,
27.254,lost,,,,
27.267,lost,,,,
27.279,lost,,,,
27.291,lost,,,,
27.304,lost,,,,
27.317,lost,,,,
27.328,lost,,,,
27.339,lost,,,,
27.353,lost,,,,
27.366,lost,,,,
27.377,lost,,,,
27.389,lost,,,,
27.403,lost,,,,
27.416,lost,,,,
27.428,lost,,,,
27.442,lost,,,,
27.454,lost,,,,
27.467,lost,,,,
27.480,lost,,,,
27.495,lost,,,,
27.508,lost,,,,
27.521,lost,,,,
27.534,lost,,,,
27.548,lost,,,,
27.559,lost,,,,
27.570,lost,,,,
27.583,lost,,,,
27.597,lost,,,,
27.612,lost,,,,
27.623,lost,,,,
27.636,lost,,,,
27.649,lost,,,,
27.664,lost,,,,
27.675,lost,,,,
27.688,lost,,,,
27.701,lost,,,,
27.715,lost,,,,
27.730,lost,,,,
27.741,lost,,,,
27.752,lost,,,,
27.767,lost,,,,
27.780,lost,,,,
27.793,lost,,,,
27.806,lost,,,,
27.822,lost,,,,
27.835,lost,,,,
27.847,lost,,,,
27.860,lost,,,,
27.873,lost,,,,
27.887,lost,,,,
27.899,lost,,,,
27.912,lost,,,,
27.925,lost,,,,
27.937,lost,,,,
27.950,lost,,,,
27.964,lost,,,,
27.976,lost,,,,
27.987,lost,,,,
28.000,lost,,,,
28.015,lost,,,,
28.027,lost,,,,
28.038,lost,,,,
28.050,lost,,,,
28.064,lost,,,,
28.075,lost,,,,
28.087,lost,,,,
28.099,lost,,,,
28.112,lost,,,,
28.125,lost,,,,
28.137,lost,,,,
28.149,lost,,,,
28.160,lost,,,,
28.173,lost,,,,
28.184,lost,,,,
28.196,lost,,,,
28.207,lost,,,,
28.221,lost,,,,
28.235,lost,,,,
28.247,lost,,,,
28.259,lost,,,,
28.271,lost,,,,
28.284,lost,,,,
28.297,lost,,,,
28.309,lost,,,,
28.321,lost,,,,
28.337,lost,,,,
28.351,lost,,,,
28.363,lost,,,,
28.377,lost,,,,
28.388,lost,,,,
28.401,lost,,,,
28.412,lost,,,,
28.424,lost,,,,
28.439,lost,,,,
28.451,lost,,,,
28.463,lost,,,,
28.473,lost,,,,
28.489,lost,,,,
28.502,lost,,,,
28.514,lost,,,,
28.527,lost,,,,
28.539,lost,,,,
28.550,lost,,,,
28.560,lost,,,,
28.571,lost,,,,
28.586,lost,,,,
28.598,lost,,,,
28.609,lost,,,,
28.621,lost,,,,
28.636,lost,,,,
28.647,lost,,,,
28.659,lost,,,,
28.672,lost,,,,
28.685,lost,,,,
28.699,lost,,,,
28.711,lost,,,,
28.723,lost,,,,
28.735,lost,,,,
28.746,lost,,,,
28.757,lost,,,,
28.771,lost,,,,
28.785,lost,,,,
28.797,lost,,,,
28.809,lost,,,,
28.819,lost,,,,
28.833,lost,,,,
28.846,lost,,,,
28.858,lost,,,,
28.870,lost,,,,
28.884,lost,,,,
28.896,lost,,,,
28.908,lost,,,,
28.919,lost,,,,
28.934,lost,,,,
28.948,lost,,,,
28.958,lost,,,,
28.971,lost,,,,
28.984,lost,,,,
28.996,lost,,,,
29.008,lost,,,,
29.021,lost,,,,
29.034,lost,,,,
29.046,lost,,,,
29.059,lost,,,,
29.072,lost,,,,
29.086,lost,,,,
29.098,lost,,,,
29.109,lost,,,,
29.122,lost,,,,
29.136,lost,,,,
29.150,lost,,,,
29.159,lost,,,,
29.171,lost,,,,
29.184,lost,,,,
29.195,lost,,,,
29.207,lost,,,,
29.218,lost,,,,
29.232,lost,,,,
29.246,lost,,,,
29.258,lost,,,,
29.271,lost,,,,
29.285,lost,,,,
29.297,lost,,,,
29.308,lost,,,,
29.320,lost,,,,
29.334,lost,,,,
29.347,lost,,,,
29.357,lost,,,,
29.369,lost,,,,
29.384,lost,,,,
29.397,lost,,,,
29.408,lost,,,,
29.420,lost,,,,
29.434,lost,,,,
29.448,lost,,,,
29.460,lost,,,,
29.474,lost,,,,
29.489,lost,,,,
29.502,lost,,,,
29.514,lost,,,,
29.525,lost,,,,
29.538,lost,,,,
29.552,lost,,,,
29.565,lost,,,,
29.575,lost,,,,
29.587,lost,,,,
29.601,lost,,,,
29.614,lost,,,,
29.626,lost,,,,
29.638,lost,,,,
29.654,lost,,,,
29.667,lost,,,,
29.679,lost,,,,
29.693,lost,,,,
29.705,lost,,,,
29.716,lost,,,,
29.728,lost,,,,
29.741,lost,,,,
29.754,lost,,,,
29.766,lost,,,,
29.776,lost,,,,
29.788,lost,,,,
29.802,lost,,,,
29.813,lost,,,,
29.824,lost,,,,
29.837,lost,,,,
29.852,lost,,,,
29.865,lost,,,,
29.875,lost,,,,
29.888,lost,,,,
29.900,lost,,,,
29.914,lost,,,,
29.926,lost,,,,
29.939,lost,,,,
29.952,lost,,,,
29.966,lost,,,,
29.978,lost,,,,
29.989,lost,,,,
30.002,lost,,,,
30.015,lost,,,,
30.026,lost,,,,
30.038,lost,,,,
30.052,lost,,,,
30.064,lost,,,,
30.077,lost,,,,
30.090,lost,,,,
30.103,lost,,,,
30.114,lost,,,,
30.126,lost,,,,
30.137,lost,,,,
30.149,lost,,,,
30.162,lost,,,,
30.174,lost,,,,
30.187,lost,,,,
30.202,lost,,,,
30.213,lost,,,,
30.224,lost,,,,
30.234,lost,,,,
30.248,lost,,,,
30.260,lost,,,,
30.272,lost,,,,
30.284,lost,,,,
30.298,lost,,,,
30.313,lost,,,,
30.325,lost,,,,
30.337,lost,,,,
30.350,lost,,,,
30.364,lost,,,,
30.376,lost,,,,
30.388,lost,,,,
30.399,lost,,,,
30.412,lost,,,,
30.423,lost,,,,
30.434,lost,,,,
30.446,lost,,,,
30.458,lost,,,,
30.472,lost,,,,
30.484,lost,,,,
30.497,lost,,,,
30.510,lost,,,,
30.522,lost,,,,
30.534,lost,,,,
30.547,lost,,,,
30.559,lost,,,,
30.573,lost,,,,
30.585,lost,,,,
30.599,lost,,,,
30.613,lost,,,,
30.624,lost,,,,
30.637,lost,,,,
30.651,lost,,,,
30.665,lost,,,,
30.677,lost,,,,
30.689,lost,,,,
30.702,lost,,,,
30.714,lost,,,,
30.725,lost,,,,
30.737,lost,,,,
30.751,lost,,,,
30.763,lost,,,,
30.774,lost,,,,
30.787,lost,,,,
30.800,lost,,,,
30.812,lost,,,,
30.823,lost,,,,
30.833,lost,,,,
30.846,lost,,,,
30.860,lost,,,,
30.873,lost,,,,
30.883,lost,,,,
30.896,lost,,,,
30.909,lost,,,,
30.922,lost,,,,
30.935,lost,,,,
30.950,lost,,,,
30.962,lost,,,,
30.974,lost,,,,
30.986,lost,,,,
31.000,lost,,,,
31.013,lost,,,,
31.025,lost,,,,
31.037,lost,,,,
31.051,lost,,,,
31.065,lost,,,,
31.076,lost,,,,
31.087,lost,,,,
31.100,lost,,,,
31.115,lost,,,,
31.125,lost,,,,
31.137,lost,,,,
31.150,lost,,,,
31.164,lost,,,,
31.176,lost,,,,
31.188,lost,,,,
31.200,lost,,,,
31.213,lost,,,,
31.225,lost,,,,
31.236,lost,,,,
31.249,lost,,,,
31.263,lost,,,,
31.275,lost,,,,
31.285,lost,,,,
31.299,lost,,,,
31.312,lost,,,,
31.325,lost,,,,
31.336,lost,,,,
31.347,lost,,,,
31.359,lost,,,,
31.372,lost,,,,
31.385,lost,,,,
31.397,lost,,,,
31.409,lost,,,,
31.422,lost,,,,
31.434,lost,,,,
31.445,lost,,,,
31.458,lost,,,,
31.472,lost,,,,
31.485,lost,,,,
31.497,lost,,,,
31.510,lost,,,,
31.522,lost,,,,
31.533,lost,,,,
31.546,lost,,,,
31.560,lost,,,,
31.573,lost,,,,
31.586,lost,,,,
31.597,lost,,,,
31.610,lost,,,,
31.621,lost,,,,
31.633,lost,,,,
31.645,lost,,,,
31.657,lost,,,,
31.670,lost,,,,
31.684,lost,,,,
31.695,lost,,,,
31.706,lost,,,,
31.718,lost,,,,
31.734,lost,,,,
31.746,lost,,,,
31.759,lost,,,,
31.772,lost,,,,
31.784,lost,,,,
31.795,lost,,,,
31.806,lost,,,,
31.820,lost,,,,
31.835,lost,,,,
31.847,lost,,,,
31.860,lost,,,,
31.873,lost,,,,
31.885,lost,,,,
31.897,lost,,,,
31.910,lost,,,,
31.921,lost,,,,
31.933,lost,,,,
31.943,lost,,,,
31.954,lost,,,,
31.968,lost,,,,
31.982,lost,,,,
31.993,lost,,,,
32.004,lost,,,,
32.019,lost,,,,
32.032,lost,,,,
32.042,lost,,,,
32.053,lost,,,,
32.067,lost,,,,
32.079,lost,,,,
32.091,lost,,,,
32.105,lost,,,,
32.119,lost,,,,
32.131,lost,,,,
32.145,lost,,,,
32.158,lost,,,,
32.172,lost,,,,
32.185,lost,,,,
32.199,lost,,,,
32.212,lost,,,,
32.226,lost,,,,
32.237,lost,,,,
32.250,lost,,,,
32.263,lost,,,,
32.275,lost,,,,
32.286,lost,,,,
32.298,lost,,,,
32.311,lost,,,,
32.323,lost,,,,
32.336,lost,,,,
32.347,lost,,,,
32.360,lost,,,,
32.373,lost,,,,
32.386,lost,,,,
32.399,lost,,,,
32.411,lost,,,,
32.426,lost,,,,
32.437,lost,,,,
32.449,lost,,,,
32.463,lost,,,,
32.475,lost,,,,
32.487,lost,,,,
32.499,lost,,,,
32.515,lost,,,,
32.526,lost,,,,
32.538,lost,,,,
32.550,lost,,,,
32.566,lost,,,,
32.579,lost,,,,
32.590,lost,,,,
32.604,lost,,,,
32.616,lost,,,,
32.631,lost,,,,
32.644,lost,,,,
32.655,lost,,,,
32.667,lost,,,,
32.681,lost,,,,
32.695,lost,,,,
32.708,lost,,,,
32.720,lost,,,,
32.734,lost,,,,
32.747,lost,,,,
32.759,lost,,,,
32.771,lost,,,,
32.784,lost,,,,
32.796,lost,,,,
32.808,lost,,,,
32.819,lost,,,,
32.833,lost,,,,
32.846,lost,,,,
32.857,lost,,,,
32.871,lost,,,,
32.884,lost,,,,
32.896,lost,,,,
32.910,lost,,,,
32.922,lost,,,,
32.936,lost,,,,
32.947,lost,,,,
32.958,lost,,,,
32.971,lost,,,,
32.988,lost,,,,
33.001,lost,,,,
33.014,lost,,,,
33.027,lost,,,,
33.038,lost,,,,
33.051,lost,,,,
33.062,lost,,,,
33.075,lost,,,,
33.089,lost,,,,
33.100,lost,,,,
33.110,lost,,,,
33.122,lost,,,,
33.135,lost,,,,
33.148,lost,,,,
33.162,lost,,,,
33.175,lost,,,,
33.189,lost,,,,
33.200,lost,,,,
33.211,lost,,,,
33.222,lost,,,,
33.234,lost,,,,
33.247,lost,,,,
33.260,lost,,,,
33.271,lost,,,,
33.284,lost,,,,
33.298,lost,,,,
33.309,lost,,,,
33.320,lost,,,,
33.332,lost,,,,
33.344,lost,,,,
33.357,lost,,,,
33.371,lost,,,,
33.384,lost,,,,
33.399,lost,,,,
33.413,lost,,,,
33.425,lost,,,,
33.438,lost,,,,
33.452,lost,,,,
33.463,lost,,,,
33.476,lost,,,,
33.488,lost,,,,
33.500,lost,,,,
33.513,lost,,,,
33.524,lost,,,,
33.539,lost,,,,
33.554,lost,,,,
33.565,lost,,,,
33.576,lost,,,,
33.587,lost,,,,
33.601,lost,,,,
33.615,lost,,,,
33.628,lost,,,,
33.643,lost,,,,
33.655,lost,,,,
33.667,lost,,,,
33.680,lost,,,,
33.694,lost,,,,
33.709,lost,,,,
33.721,lost,,,,
33.733,lost,,,,
33.746,lost,,,,
33.758,lost,,,,
33.770,lost,,,,
33.782,lost,,,,
33.795,lost,,,,
33.806,lost,,,,
33.818,lost,,,,
33.830,lost,,,,
33.845,lost,,,,
33.857,lost,,,,
33.869,lost,,,,
33.880,lost,,,,
33.891,lost,,,,
33.906,lost,,,,
33.919,lost,,,,
33.931,lost,,,,
33.944,lost,,,,
33.957,lost,,,,
33.969,lost,,,,
33.979,lost,,,,
33.991,lost,,,,
34.005,lost,,,,
34.017,lost,,,,
34.029,lost,,,,
34.042,lost,,,,
34.056,lost,,,,
34.069,lost,,,,
34.083,lost,,,,
34.095,lost,,,,
34.108,lost,,,,
34.121,lost,,,,
34.134,lost,,,,
34.146,lost,,,,
34.160,lost,,,,
34.173,lost,,,,
34.186,lost,,,,
34.197,lost,,,,
34.209,lost,,,,
34.223,lost,,,,
34.235,lost,,,,
34.247,lost,,,,
34.258,lost,,,,
34.272,lost,,,,
34.285,lost,,,,
34.297,lost,,,,
34.308,lost,,,,
34.320,lost,,,,
34.334,lost,,,,
34.346,lost,,,,
34.358,lost,,,,
34.371,lost,,,,
34.384,lost,,,,
34.397,lost,,,,
34.411,lost,,,,
34.422,lost,,,,
34.432,lost,,,,
34.446,lost,,,,
34.459,lost,,,,
34.473,lost,,,,
34.486,lost,,,,
34.499,lost,,,,
34.511,lost,,,,
34.524,lost,,,,
34.537,lost,,,,
34.549,lost,,,,
34.562,lost,,,,
34.575,lost,,,,
34.587,lost,,,,
34.599,lost,,,,
34.609,lost,,,,
34.620,lost,,,,
34.633,lost,,,,
34.645,lost,,,,
34.657,lost,,,,
34.670,lost,,,,
34.683,lost,,,,
34.694,lost,,,,
34.704,lost,,,,
34.718,lost,,,,
34.732,lost,,,,
34.743,lost,,,,
34.755,lost,,,,
34.766,lost,,,,
34.780,lost,,,,
34.792,lost,,,,
34.805,lost,,,,
34.817,lost,,,,
34.830,lost,,,,
34.842,lost,,,,
34.857,lost,,,,
34.870,lost,,,,
34.884,lost,,,,
34.898,lost,,,,
34.911,lost,,,,
34.923,lost,,,,
34.939,lost,,,,
34.952,lost,,,,
34.964,lost,,,,
34.976,lost,,,,
34.990,lost,,,,
35.004,lost,,,,
35.017,lost,,,,
35.028,lost,,,,
35.042,lost,,,,
35.055,lost,,,,
35.068,lost,,,,
35.081,lost,,,,
35.093,lost,,,,
35.106,lost,,,,
35.119,lost,,,,
35.130,lost,,,,
35.140,lost,,,,
35.155,lost,,,,
35.167,lost,,,,
35.178,lost,,,,
35.190,lost,,,,
35.204,lost,,,,
35.217,lost,,,,
35.229,lost,,,,
35.241,lost,,,,
35.253,lost,,,,
35.266,lost,,,,
35.278,lost,,,,
35.293,lost,,,,
35.306,lost,,,,
35.319,lost,,,,
35.331,lost,,,,
35.345,lost,,,,
35.359,lost,,,,
35.371,lost,,,,
35.382,lost,,,,
35.396,lost,,,,
35.408,lost,,,,
35.420,lost,,,,
35.431,lost,,,,
35.444,lost,,,,
35.459,lost,,,,
35.472,lost,,,,
35.483,lost,,,,
35.496,lost,,,,
35.510,lost,,,,
35.523,lost,,,,
35.536,lost,,,,
35.551,lost,,,,
35.562,lost,,,,
35.574,lost,,,,
35.587,lost,,,,
35.600,lost,,,,
35.613,lost,,,,
35.625,lost,,,,
35.637,lost,,,,
35.652,lost,,,,
35.666,lost,,,,
35.677,lost,,,,
35.691,lost,,,,
35.703,lost,,,,
35.718,lost,,,,
35.730,lost,,,,
35.742,lost,,,,
35.753,lost,,,,
35.767,lost,,,,
35.780,lost,,,,
35.792,lost,,,,
35.804,lost,,,,
35.819,lost,,,,
35.831,lost,,,,
35.843,lost,,,,
35.855,lost,,,,
35.871,lost,,,,
35.883,lost,,,,
35.895,lost,,,,
35.909,lost,,,,
35.921,lost,,,,
35.934,lost,,,,
35.947,lost,,,,
35.960,lost,,,,
35.973,lost,,,,
35.985,lost,,,,
35.996,lost,,,,
36.008,lost,,,,
36.022,lost,,,,
36.034,lost,,,,
36.046,lost,,,,
36.060,lost,,,,
36.074,lost,,,,
36.087,lost,,,,
36.100,lost,,,,
36.114,lost,,,,
36.127,lost,,,,
36.138,lost,,,,
36.151,lost,,,,
36.165,lost,,,,
36.179,lost,,,,
36.190,lost,,,,
36.203,lost,,,,
36.217,lost,,,,
36.229,lost,,,,
36.242,lost,,,,
36.253,lost,,,,
36.267,lost,,,,
36.280,lost,,,,
36.292,lost,,,,
36.304,lost,,,,
36.316,lost,,,,
36.330,lost,,,,
36.343,lost,,,,
36.354,lost,,,,
36.367,lost,,,,
36.381,lost,,,,
36.393,lost,,,,
36.405,lost,,,,
36.418,lost,,,,
36.433,lost,,,,
36.446,lost,,,,
36.457,lost,,,,
36.470,lost,,,,
36.483,lost,,,,
36.496,lost,,,,
36.509,lost,,,,
36.521,lost,,,,
36.536,lost,,,,
36.549,lost,,,,
36.561,lost,,,,
36.575,lost,,,,
36.588,lost,,,,
36.601,lost,,,,
36.612,lost,,,,
36.623,lost,,,,
36.636,lost,,,,
36.651,lost,,,,
36.663,lost,,,,
36.676,lost,,,,
36.688,lost,,,,
36.702,lost,,,,
36.714,lost,,,,
36.728,lost,,,,
36.741,lost,,,,
36.754,lost,,,,
36.767,lost,,,,
36.781,lost,,,,
36.794,lost,,,,
36.805,lost,,,,
36.817,lost,,,,
36.828,lost,,,,
36.839,lost,,,,
36.854,lost,,,,
36.869,lost,,,,
36.881,lost,,,,
36.895,lost,,,,
36.908,lost,,,,
36.920,lost,,,,
36.932,lost,,,,
36.946,lost,,,,
36.959,lost,,,,
36.972,lost,,,,
36.983,lost,,,,
36.996,lost,,,,
37.012,lost,,,,
37.023,lost,,,,
37.035,lost,,,,
37.048,lost,,,,
37.061,lost,,,,
37.074,lost,,,,
37.087,lost,,,,
37.100,lost,,,,
37.112,lost,,,,
37.124,lost,,,,
37.137,lost,,,,
37.151,lost,,,,
37.164,lost,,,,
37.176,lost,,,,
37.187,lost,,,,
37.201,lost,,,,
37.213,lost,,,,
37.225,lost,,,,
37.237,lost,,,,
37.250,lost,,,,
37.262,lost,,,,
37.277,lost,,,,
37.290,lost,,,,
37.303,lost,,,,
37.317,lost,,,,
37.330,lost,,,,
37.342,lost,,,,
37.354,lost,,,,
37.369,lost,,,,
37.382,lost,,,,
37.394,lost,,,,
37.407,lost,,,,
37.419,lost,,,,
37.431,lost,,,,
37.442,lost,,,,
37.454,lost,,,,
37.467,lost,,,,
37.478,lost,,,,
37.489,lost,,,,
37.501,lost,,,,
37.514,lost,,,,
37.526,lost,,,,
37.536,lost,,,,
37.549,lost,,,,
37.563,lost,,,,
37.576,lost,,,,
37.588,lost,,,,
37.601,lost,,,,
37.615,lost,,,,
37.626,lost,,,,
37.638,lost,,,,
37.651,lost,,,,
37.664,lost,,,,
37.676,lost,,,,
37.688,lost,,,,
37.700,lost,,,,
37.714,lost,,,,
37.726,lost,,,,
37.738,lost,,,,
37.750,lost,,,,
37.765,lost,,,,
37.776,lost,,,,
37.790,lost,,,,
37.801,lost,,,,
37.814,lost,,,,
37.827,lost,,,,
37.839,lost,,,,
37.849,lost,,,,
37.862,lost,,,,
37.876,lost,,,,
37.888,lost,,,,
37.900,lost,,,,
37.913,lost,,,,
37.925,lost,,,,
37.938,lost,,,,
37.952,lost,,,,
37.965,lost,,,,
37.979,lost,,,,
37.989,lost,,,,
38.001,lost,,,,
38.011,lost,,,,
38.023,lost,,,,
38.039,lost,,,,
38.052,lost,,,,
38.064,lost,,,,
38.081,lost,,,,
38.093,lost,,,,
38.105,lost,,,,
38.117,lost,,,,
38.130,lost,,,,
38.142,lost,,,,
38.153,lost,,,,
38.166,lost,,,,
38.182,lost,,,,
38.192,lost,,,,
38.205,lost,,,,
38.218,lost,,,,
38.232,lost,,,,
38.242,lost,,,,
38.253,lost,,,,
38.267,lost,,,,
38.281,lost,,,,
38.292,lost,,,,
38.304,lost,,,,
38.315,lost,,,,
38.328,lost,,,,
38.340,lost,,,,
38.350,lost,,,,
38.363,lost,,,,
38.376,lost,,,,
38.389,lost,,,,
38.401,lost,,,,
38.413,lost,,,,
38.427,lost,,,,
38.441,lost,,,,
38.454,lost,,,,
38.467,lost,,,,
38.480,lost,,,,
38.492,lost,,,,
38.504,lost,,,,
38.516,lost,,,,
38.529,lost,,,,
38.542,lost,,,,
38.553,lost,,,,
38.564,lost,,,,
38.578,lost,,,,
38.590,lost,,,,
38.607,lost,,,,
38.619,lost,,,,
38.631,lost,,,,
38.643,lost,,,,
38.655,lost,,,,
38.667,lost,,,,
38.678,lost,,,,
38.691,lost,,,,
38.702,lost,,,,
38.713,lost,,,,
38.725,lost,,,,
38.737,lost,,,,
38.752,lost,,,,
38.764,lost,,,,
38.776,lost,,,,
38.786,lost,,,,
38.798,lost,,,,
38.813,lost,,,,
38.825,lost,,,,
38.839,lost,,,,
38.853,lost,,,,
38.865,lost,,,,
38.876,lost,,,,
38.890,lost,,,,
38.903,lost,,,,
38.914,lost,,,,
38.925,lost,,,,
38.939,lost,,,,
38.953,lost,,,,
38.966,lost,,,,
38.977,lost,,,,
38.990,lost,,,,
39.003,lost,,,,
39.015,lost,,,,
39.029,lost,,,,
39.042,lost,,,,
39.055,lost,,,,
39.067,lost,,,,
39.080,lost,,,,
39.091,lost,,,,
39.103,lost,,,,
39.115,lost,,,,
39.126,lost,,,,
39.137,lost,,,,
39.153,lost,,,,
39.165,lost,,,,
39.177,lost,,,,
39.189,lost,,,,
39.203,lost,,,,
39.216,lost,,,,
39.227,lost,,,,
39.240,lost,,,,
39.254,lost,,,,
39.267,lost,,,,
39.278,lost,,,,
39.292,lost,,,,
39.305,lost,,,,
39.316,lost,,,,
39.328,lost,,,,
39.341,lost,,,,
39.352,lost,,,,
39.362,lost,,,,
39.374,lost,,,,
39.385,lost,,,,
39.399,lost,,,,
39.412,lost,,,,
39.423,lost,,,,
39.436,lost,,,,
39.449,lost,,,,
39.460,lost,,,,
39.472,lost,,,,
39.484,lost,,,,
39.497,lost,,,,
39.508,lost,,,,
39.521,lost,,,,
39.534,lost,,,,
39.546,lost,,,,
39.559,lost,,,,
39.571,lost,,,,
39.584,lost,,,,
39.599,lost,,,,
39.611,lost,,,,
39.622,lost,,,,
39.634,lost,,,,
39.648,lost,,,,
39.658,lost,,,,
39.670,lost,,,,
39.683,lost,,,,
39.696,lost,,,,
39.707,lost,,,,
39.719,lost,,,,
39.730,lost,,,,
39.741,lost,,,,
39.754,lost,,,,
39.767,lost,,,,
39.777,lost,,,,
39.789,lost,,,,
39.803,lost,,,,
39.815,lost,,,,
39.826,lost,,,,
39.839,lost,,,,
39.852,lost,,,,
39.865,lost,,,,
39.876,lost,,,,
39.887,lost,,,,
39.902,lost,,,,
39.915,lost,,,,
39.925,lost,,,,
39.935,lost,,,,
39.946,lost,,,,
39.961,lost,,,,
39.972,lost,,,,
39.987,lost,,,,
40.002,lost,,,,
40.013,lost,,,,
40.024,lost,,,,
40.038,lost,,,,
40.052,lost,,,,
40.064,lost,,,,
40.076,lost,,,,
40.090,lost,,,,
40.103,lost,,,,
40.116,lost,,,,
40.128,lost,,,,
40.141,lost,,,,
40.154,lost,,,,
40.167,lost,,,,
40.179,lost,,,,
40.194,lost,,,,
40.207,lost,,,,
40.219,lost,,,,
40.232,lost,,,,
40.246,lost,,,,
40.258,lost,,,,
40.271,lost,,,,
40.284,lost,,,,
40.299,lost,,,,
40.311,lost,,,,
40.324,lost,,,,
40.337,lost,,,,
40.351,lost,,,,
40.366,lost,,,,
40.378,lost,,,,
40.391,lost,,,,
40.402,lost,,,,
40.416,lost,,,,
40.430,lost,,,,
40.441,lost,,,,
40.455,lost,,,,
40.469,lost,,,,
40.482,lost,,,,
40.493,lost,,,,
40.505,lost,,,,
40.519,lost,,,,
40.531,lost,,,,
40.543,lost,,,,
40.556,lost,,,,
40.570,lost,,,,
40.584,lost,,,,
40.596,lost,,,,
40.606,lost,,,,
40.619,lost,,,,
40.631,lost,,,,
40.643,lost,,,,
40.655,lost,,,,
40.670,lost,,,,
40.682,lost,,,,
40.693,lost,,,,
40.705,lost,,,,
40.718,lost,,,,
40.731,lost,,,,
40.742,lost,,,,
40.754,lost,,,,
40.769,lost,,,,
40.783,lost,,,,
40.797,lost,,,,
40.808,lost,,,,
40.820,lost,,,,
40.834,lost,,,,
40.847,lost,,,,
40.860,lost,,,,
40.871,lost,,,,
40.885,lost,,,,
40.897,lost,,,,
40.906,lost,,,,
40.919,lost,,,,
40.932,lost,,,,
40.944,lost,,,,
40.956,lost,,,,
40.966,lost,,,,
40.978,lost,,,,
40.991,lost,,,,
41.004,lost,,,,
41.017,lost,,,,
41.030,lost,,,,
41.043,lost,,,,
41.055,lost,,,,
41.067,lost,,,,
41.080,lost,,,,
41.093,lost,,,,
41.104,lost,,,,
41.117,lost,,,,
41.128,lost,,,,
41.141,lost,,,,
41.154,lost,,,,
41.170,lost,,,,
41.183,lost,,,,
41.198,lost,,,,
41.211,lost,,,,
41.223,lost,,,,
41.237,lost,,,,
41.251,lost,,,,
41.263,lost,,,,
41.275,lost,,,,
41.287,lost,,,,
41.302,lost,,,,
41.314,lost,,,,
41.325,lost,,,,
41.337,lost,,,,
41.351,lost,,,,
41.363,lost,,,,
41.375,lost,,,,
41.388,lost,,,,
41.402,lost,,,,
41.413,lost,,,,
41.424,lost,,,,
41.436,lost,,,,
41.451,lost,,,,
41.462,lost,,,,
41.475,lost,,,,
41.488,lost,,,,
41.502,lost,,,,
41.513,lost,,,,
41.527,lost,,,,
41.543,lost,,,,
41.556,lost,,,,
41.568,lost,,,,
41.580,lost,,,,
41.594,lost,,,,
41.605,lost,,,,
41.618,lost,,,,
41.630,lost,,,,
41.644,lost,,,,
41.657,lost,,,,
41.670,lost,,,,
41.682,lost,,,,
41.697,lost,,,,
41.710,lost,,,,
41.720,lost,,,,
41.732,lost,,,,
41.744,lost,,,,
41.758,lost,,,,
41.771,lost,,,,
41.784,lost,,,,
41.795,lost,,,,
41.808,lost,,,,
41.821,lost,,,,
41.831,lost,,,,
41.844,lost,,,,
41.857,lost,,,,
41.871,lost,,,,
41.883,lost,,,,
41.898,lost,,,,
41.910,lost,,,,
41.922,lost,,,,
41.936,lost,,,,
41.951,lost,,,,
41.963,lost,,,,
41.975,lost,,,,
41.989,lost,,,,
42.002,lost,,,,
42.014,lost,,,,
42.026,lost,,,,
42.038,lost,,,,
42.051,lost,,,,
42.063,lost,,,,
42.075,lost,,,,
42.086,lost,,,,
42.101,lost,,,,
42.114,lost,,,,
42.126,lost,,,,
42.138,lost,,,,
42.152,lost,,,,
42.165,lost,,,,
42.176,lost,,,,
42.188,lost,,,,
42.201,lost,,,,
42.214,lost,,,,
42.226,lost,,,,
42.238,lost,,,,
42.253,lost,,,,
42.266,lost,,,,
42.278,lost,,,,
42.291,lost,,,,
42.304,lost,,,,
42.319,lost,,,,
42.331,lost,,,,
42.343,lost,,,,
42.356,lost,,,,
42.370,lost,,,,
42.381,lost,,,,
42.394,lost,,,,
42.406,lost,,,,
42.422,lost,,,,
42.434,lost,,,,
42.447,lost,,,,
42.460,lost,,,,
42.473,lost,,,,
42.486,lost,,,,
42.498,lost,,,,
42.511,lost,,,,
42.523,lost,,,,
42.535,lost,,,,
42.547,lost,,,,
42.558,lost,,,,
42.571,lost,,,,
42.582,lost,,,,
42.595,lost,,,,
42.608,lost,,,,
42.621,lost,,,,
42.633,lost,,,,
42.647,lost,,,,
42.661,lost,,,,
42.672,lost,,,,
42.684,lost,,,,
42.696,lost,,,,
42.709,lost,,,,
42.724,lost,,,,
42.737,lost,,,,
42.748,lost,,,,
42.760,lost,,,,
42.772,lost,,,,
42.785,lost,,,,
42.798,lost,,,,
42.810,lost,,,,
42.824,lost,,,,
42.837,lost,,,,
42.849,lost,,,,
42.861,lost,,,,
42.874,lost,,,,
42.884,lost,,,,
42.896,lost,,,,
42.908,lost,,,,
42.923,lost,,,,
42.935,lost,,,,
42.947,lost,,,,
42.960,lost,,,,
42.972,lost,,,,
42.983,lost,,,,
42.994,lost,,,,
43.005,lost,,,,
43.018,lost,,,,
43.033,lost,,,,
43.045,lost,,,,
43.057,lost,,,,
43.070,lost,,,,
43.086,lost,,,,
43.100,lost,,,,
43.110,lost,,,,
43.123,lost,,,,
43.137,lost,,,,
43.149,lost,,,,
43.160,lost,,,,
43.173,lost,,,,
43.186,lost,,,,
43.199,lost,,,,
43.210,lost,,,,
43.223,lost,,,,
43.237,lost,,,,
43.250,lost,,,,
43.263,lost,,,,
43.275,lost,,,,
43.288,lost,,,,
43.301,lost,,,,
43.313,lost,,,,
43.325,lost,,,,
43.339,lost,,,,
43.351,lost,,,,
43.362,lost,,,,
43.374,lost,,,,
43.388,lost,,,,
43.403,lost,,,,
43.416,lost,,,,
43.426,lost,,,,
43.440,lost,,,,
43.454,lost,,,,
43.467,lost,,,,
43.477,lost,,,,
43.490,lost,,,,
43.505,lost,,,,
43.517,lost,,,,
43.528,lost,,,,
43.539,lost,,,,
43.552,lost,,,,
43.565,lost,,,,
43.576,lost,,,,
43.588,lost,,,,
43.600,lost,,,,
43.613,lost,,,,
43.625,lost,,,,
43.637,lost,,,,
43.650,lost,,,,
43.663,lost,,,,
43.675,lost,,,,
43.688,lost,,,,
43.701,lost,,,,
43.714,lost,,,,
43.726,lost,,,,
43.738,lost,,,,
43.751,lost,,,,
43.767,lost,,,,
43.779,lost,,,,
43.790,lost,,,,
43.802,lost,,,,
43.816,lost,,,,
43.830,lost,,,,
43.843,lost,,,,
43.856,lost,,,,
43.870,lost,,,,
43.883,lost,,,,
43.895,lost,,,,
43.907,lost,,,,
43.921,lost,,,,
43.934,lost,,,,
43.945,lost,,,,
43.956,lost,,,,
43.970,lost,,,,
43.981,lost,,,,
43.992,lost,,,,
44.004,lost,,,,
44.020,lost,,,,
44.033,lost,,,,
44.044,lost,,,,
44.057,lost,,,,
44.070,lost,,,,
44.081,lost,,,,
44.094,lost,,,,
44.106,lost,,,,
44.118,lost,,,,
44.128,lost,,,,
44.140,lost,,,,
44.151,lost,,,,
44.164,lost,,,,
44.175,lost,,,,
44.187,lost,,,,
44.202,lost,,,,
44.216,lost,,,,
44.229,lost,,,,
44.243,lost,,,,
44.255,lost,,,,
44.268,lost,,,,
44.284,lost,,,,
44.296,lost,,,,
44.308,lost,,,,
44.320,lost,,,,
44.333,lost,,,,
44.345,lost,,,,
44.357,lost,,,,
44.369,lost,,,,
44.383,lost,,,,
44.395,lost,,,,
44.408,lost,,,,
44.421,lost,,,,
44.434,lost,,,,
44.445,lost,,,,
44.456,lost,,,,
44.471,lost,,,,
44.484,lost,,,,
44.497,lost,,,,
44.508,lost,,,,
44.521,lost,,,,
44.534,lost,,,,
44.546,lost,,,,
44.558,lost,,,,
44.571,lost,,,,
44.585,lost,,,,
44.597,lost,,,,
44.609,lost,,,,
44.622,lost,,,,
44.638,lost,,,,
44.651,lost,,,,
44.664,lost,,,,
44.677,lost,,,,
44.689,lost,,,,
44.701,lost,,,,
44.714,lost,,,,
44.728,lost,,,,
44.740,lost,,,,
44.752,lost,,,,
44.765,lost,,,,
44.777,lost,,,,
44.792,lost,,,,
44.805,lost,,,,
44.818,lost,,,,
44.832,lost,,,,
44.844,lost,,,,
44.856,lost,,,,
44.869,lost,,,,
44.882,lost,,,,
44.895,lost,,,,
44.908,lost,,,,
44.922,lost,,,,
44.937,lost,,,,
44.951,lost,,,,
44.962,lost,,,,
44.975,lost,,,,
44.989,lost,,,,
45.003,lost,,,,
45.014,lost,,,,
45.026,lost,,,,
45.039,lost,,,,
45.052,lost,,,,
45.063,lost,,,,
45.076,lost,,,,
45.089,lost,,,,
45.102,lost,,,,
45.114,lost,,,,
45.126,lost,,,,
45.138,lost,,,,
45.150,lost,,,,
45.160,lost,,,,
45.171,lost,,,,
45.184,lost,,,,
45.198,lost,,,,
45.209,lost,,,,
45.221,lost,,,,
45.235,lost,,,,
45.249,lost,,,,
45.261,lost,,,,
45.274,lost,,,,
45.287,lost,,,,
45.302,lost,,,,
45.314,lost,,,,
45.326,lost,,,,
45.336,lost,,,,
45.350,lost,,,,
45.363,lost,,,,
45.376,lost,,,,
45.389,lost,,,,
45.405,lost,,,,
45.418,lost,,,,
45.431,lost,,,,
45.443,lost,,,,
45.456,lost,,,,
45.467,lost,,,,
45.477,lost,,,,
45.490,lost,,,,
45.506,lost,,,,
45.518,lost,,,,
45.530,lost,,,,
45.544,lost,,,,
45.556,lost,,,,
45.568,lost,,,,
45.580,lost,,,,
45.594,lost,,,,
45.608,lost,,,,
45.620,lost,,,,
45.632,lost,,,,
45.646,lost,,,,
45.659,lost,,,,
45.670,lost,,,,
45.683,lost,,,,
45.695,lost,,,,
45.709,lost,,,,
45.721,lost,,,,
45.734,lost,,,,
45.746,lost,,,,
45.761,lost,,,,
45.774,lost,,,,
45.786,lost,,,,
45.799,lost,,,,
45.813,lost,,,,
45.827,lost,,,,
45.839,lost,,,,
45.853,lost,,,,
45.868,lost,,,,
45.881,lost,,,,
45.893,lost,,,,
45.908,lost,,,,
45.922,lost,,,,
45.934,lost,,,,
45.945,lost,,,,
45.959,lost,,,,
45.974,lost,,,,
45.988,lost,,,,
46.001,lost,,,,
46.013,lost,,,,
46.026,lost,,,,
46.041,lost,,,,
46.053,lost,,,,
46.067,lost,,,,
46.082,lost,,,,
46.094,lost,,,,
46.106,lost,,,,
46.119,lost,,,,
46.132,lost,,,,
46.144,lost,,,,
46.158,lost,,,,
46.172,lost,,,,
46.187,lost,,,,
46.202,lost,,,,
46.219,lost,,,,
46.231,lost,,,,
46.245,lost,,,,
46.258,lost,,,,
46.271,lost,,,,
46.285,lost,,,,
46.298,lost,,,,
46.311,lost,,,,
46.326,lost,,,,
46.339,lost,,,,
46.354,lost,,,,
46.369,lost,,,,
46.384,lost,,,,
46.397,lost,,,,
46.412,lost,,,,
46.424,lost,,,,
46.438,lost,,,,
46.455,lost,,,,
46.469,lost,,,,
46.485,lost,,,,
46.497,lost,,,,
46.510,lost,,,,
46.523,lost,,,,
46.536,lost,,,,
46.552,lost,,,,
46.565,lost,,,,
46.581,lost,,,,
46.594,lost,,,,
46.607,lost,,,,
46.622,lost,,,,
46.634,lost,,,,
46.649,lost,,,,
46.662,lost,,,,
46.676,lost,,,,
46.689,lost,,,,
46.704,lost,,,,
46.720,lost,,,,
46.737,lost,,,,
46.751,lost,,,,
46.765,lost,,,,
46.779,lost,,,,
46.793,lost,,,,
46.809,lost,,,,
46.821,lost,,,,
46.836,lost,,,,
46.850,lost,,,,
46.864,lost,,,,
46.878,lost,,,,
46.890,lost,,,,
46.904,lost,,,,
46.917,lost,,,,
46.930,lost,,,,
46.943,lost,,,,
46.957,lost,,,,
46.975,lost,,,,
46.989,lost,,,,
47.004,lost,,,,
47.019,lost,,,,
47.034,lost,,,,
47.047,lost,,,,
47.062,lost,,,,
47.077,lost,,,,
47.094,lost,,,,
47.108,lost,,,,
47.124,lost,,,,
47.140,lost,,,,
47.155,lost,,,,
47.172,lost,,,,
47.188,lost,,,,
47.204,lost,,,,
47.223,lost,,,,
47.241,lost,,,,
47.259,lost,,,,
47.274,lost,,,,
47.292,lost,,,,
47.313,lost,,,,
47.333,lost,,,,
47.354,lost,,,,
47.372,lost,,,,
47.393,lost,,,,
47.414,lost,,,,
47.430,lost,,,,
47.448,lost,,,,
47.465,lost,,,,
47.482,lost,,,,
47.503,lost,,,,
47.520,lost,,,,
47.540,lost,,,,
47.555,lost,,,,
47.573,lost,,,,
47.588,lost,,,,
47.606,lost,,,,
47.620,lost,,,,
47.639,lost,,,,
47.650,lost,,,,
47.666,lost,,,,
47.678,lost,,,,
47.690,lost,,,,
47.704,lost,,,,
47.717,lost,,,,
47.732,lost,,,,
47.746,lost,,,,
47.758,lost,,,,
47.770,lost,,,,
47.782,lost,,,,
47.795,lost,,,,
47.807,lost,,,,
47.819,lost,,,,
47.834,lost,,,,
47.847,lost,,,,
47.861,lost,,,,
47.872,lost,,,,
47.885,lost,,,,
47.899,lost,,,,
47.911,lost,,,,
47.923,lost,,,,
47.936,lost,,,,
47.948,lost,,,,
47.962,lost,,,,
47.975,lost,,,,
47.990,lost,,,,
48.004,lost,,,,
48.022,lost,,,,
48.034,lost,,,,
48.047,lost,,,,
48.059,lost,,,,
48.075,lost,,,,
48.090,target,-0.230,0.213,1.779,1
48.102,target,-0.230,0.213,1.779,1
48.117,target,-0.230,0.213,1.779,1
48.130,target,-0.230,0.213,1.779,1
48.144,target,-0.230,0.213,1.779,1
48.160,target,-0.230,0.213,1.779,1
48.174,target,-0.230,0.213,1.779,1
48.189,target,-0.230,0.213,1.779,1
48.203,target,-0.230,0.213,1.779,1
48.217,target,-0.230,0.213,1.779,1
48.230,target,-0.230,0.213,1.779,1
48.246,target,-0.230,0.213,1.779,1
48.259,target,-0.230,0.213,1.779,1
48.274,target,-0.230,0.213,1.779,1
48.291,target,-0.230,0.213,1.779,1
48.303,target,-0.230,0.213,1.779,1
48.319,target,-0.230,0.213,1.779,1
48.330,target,-0.230,0.213,1.779,1
48.344,target,-0.230,0.213,1.779,1
48.357,target,-0.230,0.213,1.779,1
48.372,target,-0.230,0.213,1.779,1
48.388,target,-0.230,0.213,1.779,1
48.400,target,-0.230,0.213,1.779,1
48.416,target,-0.230,0.213,1.779,1
48.430,target,-0.230,0.213,1.779,1
48.445,target,-0.230,0.213,1.779,1
48.458,target,-0.230,0.213,1.779,1
48.470,target,-0.230,0.213,1.779,1
48.487,target,-0.230,0.213,1.779,1
48.502,target,-0.230,0.213,1.779,1
48.516,target,-0.230,0.213,1.779,1
48.527,target,-0.230,0.213,1.779,1
48.539,target,-0.230,0.213,1.779,1
48.553,target,-0.230,0.213,1.779,1
48.565,target,-0.230,0.213,1.779,1
48.579,target,-0.230,0.213,1.779,1
48.590,target,-0.230,0.213,1.779,1
48.600,target,-0.230,0.213,1.779,1
48.612,target,-0.230,0.213,1.779,1
48.622,lost,,,,
48.634,lost,,,,
48.647,lost,,,,
48.658,lost,,,,
48.672,lost,,,,
48.686,lost,,,,
48.697,lost,,,,
48.707,lost,,,,
48.718,lost,,,,
48.728,lost,,,,
48.740,lost,,,,
48.751,lost,,,,
48.764,lost,,,,
48.774,lost,,,,
48.787,lost,,,,
48.796,lost,,,,
48.805,lost,,,,
48.816,lost,,,,
48.825,lost,,,,
48.836,lost,,,,
48.850,lost,,,,
48.862,lost,,,,
48.873,lost,,,,
48.886,lost,,,,
48.897,lost,,,,
48.908,lost,,,,
48.921,lost,,,,
48.930,lost,,,,
48.939,lost,,,,
48.951,lost,,,,
48.960,lost,,,,
48.970,lost,,,,
48.985,lost,,,,
48.996,lost,,,,
49.005,lost,,,,
49.016,lost,,,,
49.026,lost,,,,
49.036,lost,,,,
49.048,lost,,,,
49.057,lost,,,,
49.068,lost,,,,
49.078,lost,,,,
49.089,lost,,,,
49.098,lost,,,,
49.107,lost,,,,
49.120,lost,,,,
49.130,lost,,,,
49.139,lost,,,,
49.152,lost,,,,
49.163,lost,,,,
49.172,lost,,,,
49.184,lost,,,,
49.193,lost,,,,
49.203,lost,,,,
49.216,lost,,,,
49.224,lost,,,,
49.235,lost,,,,
49.248,lost,,,,
49.257,lost,,,,
49.270,lost,,,,
49.286,lost,,,,
49.297,lost,,,,
49.305,lost,,,,
49.317,lost,,,,
49.326,lost,,,,
49.335,lost,,,,
49.345,lost,,,,
49.355,lost,,,,
49.365,lost,,,,
49.373,lost,,,,
49.384,lost,,,,
49.393,lost,,,,
49.403,lost,,,,
49.414,lost,,,,
49.424,lost,,,,
49.433,lost,,,,
49.441,lost,,,,
49.454,lost,,,,
49.464,lost,,,,
49.472,lost,,,,
49.487,lost,,,,
49.498,lost,,,,
49.506,lost,,,,
49.519,lost,,,,
49.528,lost,,,,
49.537,lost,,,,
49.548,lost,,,,
49.558,lost,,,,
49.569,lost,,,,
49.584,lost,,,,
49.593,lost,,,,
49.602,lost,,,,
49.614,lost,,,,
49.622,lost,,,,
49.632,lost,,,,
49.640,lost,,,,
49.651,lost,,,,
49.660,lost,,,,
49.670,lost,,,,
49.683,lost,,,,
49.692,lost,,,,
49.701,lost,,,,
49.714,lost,,,,
49.723,lost,,,,
49.733,lost,,,,
49.746,lost,,,,
49.756,lost,,,,
49.765,lost,,,,
49.773,lost,,,,
49.784,lost,,,,
49.794,lost,,,,
49.803,lost,,,,
49.815,lost,,,,
49.824,lost,,,,
49.832,lost,,,,
49.841,lost,,,,
49.852,lost,,,,
49.860,lost,,,,
49.869,lost,,,,
49.880,lost,,,,
49.889,lost,,,,
49.897,lost,,,,
49.906,lost,,,,
49.918,lost,,,,
49.926,lost,,,,
49.936,lost,,,,
49.947,lost,,,,
49.956,lost,,,,
49.966,lost,,,,
49.976,lost,,,,
49.986,lost,,,,
49.997,lost,,,,
50.008,lost,,,,
50.018,lost,,,,
50.027,lost,,,,
50.035,lost,,,,
50.048,lost,,,,
50.057,lost,,,,
50.065,lost,,,,
50.072,lost,,,,
50.085,lost,,,,
50.095,lost,,,,
50.104,lost,,,,
50.115,lost,,,,
50.124,lost,,,,
50.132,lost,,,,
50.141,lost,,,,
50.154,lost,,,,
50.164,lost,,,,
50.180,lost,,,,
50.195,lost,,,,
50.205,lost,,,,
50.218,lost,,,,
50.228,lost,,,,
50.239,lost,,,,
50.253,lost,,,,
50.266,lost,,,,
50.275,lost,,,,
50.286,lost,,,,
50.297,lost,,,,
50.308,lost,,,,
50.323,lost,,,,
50.334,lost,,,,
50.345,lost,,,,
50.356,lost,,,,
50.366,lost,,,,
50.379,lost,,,,
50.391,lost,,,,
50.400,lost,,,,
50.411,lost,,,,
50.421,lost,,,,
50.432,lost,,,,
50.444,lost,,,,
50.454,lost,,,,
50.463,lost,,,,
50.472,lost,,,,
50.483,lost,,,,
50.491,lost,,,,
50.500,lost,,,,
50.512,lost,,,,
50.520,lost,,,,
50.531,lost,,,,
50.543,lost,,,,
50.554,lost,,,,
50.562,lost,,,,
50.571,lost,,,,
50.581,lost,,,,
50.590,lost,,,,
50.601,lost,,,,
50.615,lost,,,,
50.624,lost,,,,
50.635,lost,,,,
50.648,lost,,,,
50.658,lost,,,,
50.667,lost,,,,
50.676,lost,,,,
50.687,lost,,,,
50.699,lost,,,,
50.708,lost,,,,
50.719,lost,,,,
50.726,lost,,,,
50.735,lost,,,,
50.747,lost,,,,
50.757,lost,,,,
50.767,lost,,,,
50.779,lost,,,,
50.789,lost,,,,
50.797,lost,,,,
50.807,lost,,,,
50.819,lost,,,,
50.828,lost,,,,
50.837,lost,,,,
50.850,lost,,,,
50.859,lost,,,,
50.868,lost,,,,
50.878,lost,,,,
50.888,lost,,,,
50.898,lost,,,,
50.908,lost,,,,
50.920,lost,,,,
50.933,lost,,,,
50.946,lost,,,,
50.956,lost,,,,
50.966,lost,,,,
50.978,lost,,,,
50.991,lost,,,,
51.001,lost,,,,
51.014,lost,,,,
51.024,lost,,,,
51.034,lost,,,,
51.047,lost,,,,
51.057,lost,,,,
51.066,lost,,,,
51.079,lost,,,,
51.090,lost,,,,
51.100,lost,,,,
51.113,lost,,,,
51.124,lost,,,,
51.134,lost,,,,
51.145,lost,,,,
51.156,lost,,,,
51.169,lost,,,,
51.184,lost,,,,
51.195,lost,,,,
51.206,lost,,,,
51.220,lost,,,,
51.229,lost,,,,
51.237,lost,,,,
51.248,lost,,,,
51.256,lost,,,,
51.265,lost,,,,
51.273,lost,,,,
51.282,lost,,,,
51.291,lost,,,,
51.303,lost,,,,
51.315,lost,,,,
51.326,lost,,,,
51.335,lost,,,,
51.345,lost,,,,
51.355,lost,,,,
51.362,lost,,,,
51.371,lost,,,,
51.383,lost,,,,
51.389,lost,,,,
51.398,lost,,,,
51.405,lost,,,,
51.418,lost,,,,
51.424,lost,,,,
51.433,lost,,,,
51.441,lost,,,,
51.453,lost,,,,
51.462,lost,,,,
51.474,lost,,,,
51.485,lost,,,,
51.496,lost,,,,
51.507,lost,,,,
51.522,lost,,,,
51.536,lost,,,,
51.550,lost,,,,
51.564,lost,,,,
51.576,lost,,,,
51.591,lost,,,,
51.601,lost,,,,
51.612,lost,,,,
51.620,lost,,,,
51.631,lost,,,,
51.641,lost,,,,
51.652,lost,,,,
51.666,lost,,,,
51.673,lost,,,,
51.681,lost,,,,
51.687,lost,,,,
51.698,lost,,,,
51.710,lost,,,,
51.719,lost,,,,
51.730,lost,,,,
51.739,lost,,,,
51.748,lost,,,,
51.757,lost,,,,
51.767,lost,,,,
51.776,lost,,,,
51.787,lost,,,,
51.798,lost,,,,
51.808,lost,,,,
51.820,lost,,,,
51.831,lost,,,,
51.838,lost,,,,
51.846,lost,,,,
51.856,lost,,,,
51.865,lost,,,,
51.873,lost,,,,
51.883,lost,,,,
51.895,lost,,,,
51.904,lost,,,,
51.915,lost,,,,
51.926,lost,,,,
51.936,lost,,,,
51.946,lost,,,,
51.957,lost,,,,
51.967,lost,,,,
51.976,lost,,,,
51.988,lost,,,,
51.999,lost,,,,
52.006,lost,,,,
52.017,lost,,,,
52.027,lost,,,,
52.037,lost,,,,
52.047,lost,,,,
52.059,lost,,,,
52.070,lost,,,,
52.083,lost,,,,
52.094,lost,,,,
52.104,lost,,,,
52.114,lost,,,,
52.126,lost,,,,
52.137,lost,,,,
52.149,lost,,,,
52.163,lost,,,,
52.171,lost,,,,
52.182,lost,,,,
52.193,lost,,,,
52.203,lost,,,,
52.214,lost,,,,
52.225,lost,,,,
52.235,lost,,,,
52.245,lost,,,,
52.256,lost,,,,
52.266,lost,,,,
52.277,lost,,,,
52.289,lost,,,,
52.300,lost,,,,
52.311,lost,,,,
52.324,lost,,,,
52.332,lost,,,,
52.339,lost,,,,
52.351,lost,,,,
52.357,lost,,,,
52.366,lost,,,,
52.376,lost,,,,
52.387,lost,,,,
52.395,lost,,,,
52.404,lost,,,,
52.413,lost,,,,
52.423,lost,,,,
52.434,lost,,,,
52.446,lost,,,,
52.457,lost,,,,
52.467,lost,,,,
52.476,lost,,,,
52.487,lost,,,,
52.497,lost,,,,
52.506,lost,,,,
52.518,lost,,,,
52.529,lost,,,,
52.541,lost,,,,
52.554,lost,,,,
52.567,lost,,,,
52.577,lost,,,,
52.587,lost,,,,
52.596,lost,,,,
52.605,lost,,,,
52.617,lost,,,,
52.626,lost,,,,
52.639,lost,,,,
52.654,lost,,,,
52.668,lost,,,,
52.682,lost,,,,
52.691,lost,,,,
52.701,lost,,,,
52.713,lost,,,,
52.723,lost,,,,
52.733,lost,,,,
52.743,lost,,,,
52.755,lost,,,,
52.766,lost,,,,
52.779,lost,,,,
52.792,lost,,,,
52.804,lost,,,,
52.818,lost,,,,
52.826,lost,,,,
52.836,lost,,,,
52.847,lost,,,,
52.855,lost,,,,
52.864,lost,,,,
52.873,lost,,,,
52.883,lost,,,,
52.891,lost,,,,
52.903,lost,,,,
52.916,lost,,,,
52.924,lost,,,,
52.932,lost,,,,
52.941,lost,,,,
52.953,lost,,,,
52.963,lost,,,,
52.974,lost,,,,
52.984,lost,,,,
52.992,lost,,,,
53.002,lost,,,,
53.015,lost,,,,
53.026,lost,,,,
53.041,lost,,,,
53.053,lost,,,,
53.065,lost,,,,
53.077,lost,,,,
53.088,lost,,,,
53.100,lost,,,,
53.113,lost,,,,
53.125,lost,,,,
53.141,lost,,,,
53.153,lost,,,,
53.164,lost,,,,
53.175,lost,,,,
53.188,lost,,,,
53.201,lost,,,,
53.215,lost,,,,
53.225,lost,,,,
53.237,lost,,,,
53.250,lost,,,,
53.259,lost,,,,
53.271,lost,,,,
53.284,lost,,,,
53.296,lost,,,,
53.306,lost,,,,
53.321,lost,,,,
53.332,lost,,,,
53.343,lost,,,,
53.354,lost,,,,
53.367,lost,,,,
53.380,lost,,,,
53.389,lost,,,,
53.399,lost,,,,
53.410,lost,,,,
53.422,lost,,,,
53.433,lost,,,,
53.447,lost,,,,
53.459,lost,,,,
53.472,lost,,,,
53.488,lost,,,,
53.502,lost,,,,
53.518,lost,,,,
53.531,lost,,,,
53.548,lost,,,,
53.558,lost,,,,
53.569,lost,,,,
53.584,lost,,,,
53.592,lost,,,,
53.604,lost,,,,
53.615,lost,,,,
53.625,lost,,,,
53.636,lost,,,,
53.651,lost,,,,
53.661,lost,,,,
53.672,lost,,,,
53.683,lost,,,,
53.691,lost,,,,
53.702,lost,,,,
53.712,lost,,,,
53.720,lost,,,,
53.730,lost,,,,
53.740,lost,,,,
53.749,lost,,,,
53.760,lost,,,,
53.773,lost,,,,
53.788,lost,,,,
53.798,lost,,,,
53.806,lost,,,,
53.817,lost,,,,
53.828,lost,,,,
53.839,lost,,,,
53.851,lost,,,,
53.864,lost,,,,
53.879,lost,,,,
53.888,lost,,,,
53.897,lost,,,,
53.909,lost,,,,
53.919,lost,,,,
53.931,lost,,,,
53.942,lost,,,,
53.951,lost,,,,
53.961,lost,,,,
53.970,lost,,,,
53.980,lost,,,,
53.991,lost,,,,
54.005,lost,,,,
54.015,lost,,,,
54.023,lost,,,,
54.036,lost,,,,
54.045,lost,,,,
54.054,lost,,,,
54.065,lost,,,,
54.074,lost,,,,
54.084,lost,,,,
54.093,lost,,,,
54.104,lost,,,,
54.117,lost,,,,
54.126,lost,,,,
54.139,lost,,,,
54.151,lost,,,,
54.164,lost,,,,
54.176,lost,,,,
54.187,lost,,,,
54.199,lost,,,,
54.212,lost,,,,
54.221,lost,,,,
54.233,lost,,,,
54.241,lost,,,,
54.250,lost,,,,
54.259,lost,,,,
54.269,lost,,,,
54.280,lost,,,,
54.291,lost,,,,
54.302,lost,,,,
54.312,lost,,,,
54.323,lost,,,,
54.337,lost,,,,
54.345,lost,,,,
54.355,lost,,,,
54.367,lost,,,,
54.376,lost,,,,
54.388,lost,,,,
54.400,lost,,,,
54.409,lost,,,,
54.417,lost,,,,
54.427,lost,,,,
54.439,lost,,,,
54.447,lost,,,,
54.457,lost,,,,
54.469,lost,,,,
54.480,lost,,,,
54.491,lost,,,,
54.504,lost,,,,
54.513,lost,,,,
54.523,lost,,,,
54.535,lost,,,,
54.544,lost,,,,
54.554,lost,,,,
54.567,lost,,,,
54.576,lost,,,,
54.587,lost,,,,
54.600,lost,,,,
54.611,lost,,,,
54.621,lost,,,,
54.633,lost,,,,
54.640,lost,,,,
54.649,lost,,,,
54.659,lost,,,,
54.670,lost,,,,
54.680,lost,,,,
54.691,lost,,,,
54.700,lost,,,,
54.709,lost,,,,
54.720,lost,,,,
54.733,lost,,,,
54.741,lost,,,,
54.750,lost,,,,
54.761,lost,,,,
54.771,lost,,,,
54.782,lost,,,,
54.793,lost,,,,
54.804,lost,,,,
54.814,lost,,,,
54.825,lost,,,,
54.837,target,-0.003,-0.073,10.134,1
54.851,target,-0.003,-0.073,10.134,1
54.864,target,-0.003,-0.073,10.134,1
54.872,target,-0.003,-0.073,10.134,1
54.882,target,-0.003,-0.073,10.134,1
54.891,target,-0.003,-0.073,10.134,1
54.904,target,-0.003,-0.073,10.134,1
54.917,target,-0.003,-0.073,10.134,1
54.932,target,-0.003,-0.073,10.134,1
54.940,target,-0.003,-0.073,10.134,1
54.949,target,-0.003,-0.073,10.134,1
54.959,target,-0.003,-0.073,10.134,1
54.971,target,-0.003,-0.073,10.134,1
54.983,target,-0.003,-0.073,10.134,1
54.995,target,-0.003,-0.073,10.134,1
55.007,target,-0.003,-0.073,10.134,1
55.020,target,-0.003,-0.073,10.134,1
55.036,target,-0.003,-0.073,10.134,1
55.048,target,-0.003,-0.073,10.134,1
55.059,target,-0.003,-0.073,10.134,1
55.070,target,-0.003,-0.073,10.134,1
55.083,target,-0.003,-0.073,10.134,1
55.098,target,-0.003,-0.073,10.134,1
55.107,target,-0.003,-0.073,10.134,1
55.118,target,-0.003,-0.073,10.134,1
55.131,target,-0.003,-0.073,10.134,1
55.144,target,-0.003,-0.073,10.134,1
55.159,target,-0.003,-0.073,10.134,1
55.172,target,-0.003,-0.073,10.134,1
55.181,target,-0.003,-0.073,10.134,1
55.190,target,-0.003,-0.073,10.134,1
55.202,target,-0.003,-0.073,10.134,1
55.215,target,-0.003,-0.073,10.134,1
55.227,target,-0.003,-0.073,10.134,1
55.238,target,-0.003,-0.073,10.134,1
55.251,target,-0.003,-0.073,10.134,1
55.269,target,-0.003,-0.073,10.134,1
55.285,target,-0.003,-0.073,10.134,1
55.305,target,-0.003,-0.073,10.134,1
55.319,target,-0.003,-0.073,10.134,1
55.337,target,-0.003,-0.073,10.134,1
55.347,target,-0.003,-0.073,10.134,1
55.357,lost,,,,
55.370,lost,,,,
55.382,lost,,,,
55.396,lost,,,,
55.408,lost,,,,
55.418,lost,,,,
55.431,lost,,,,
55.446,lost,,,,
55.462,lost,,,,
55.472,lost,,,,
55.481,lost,,,,
55.490,lost,,,,
55.502,lost,,,,
55.515,lost,,,,
55.529,lost,,,,
55.541,lost,,,,
55.553,lost,,,,
55.568,lost,,,,
55.577,lost,,,,
55.586,lost,,,,
55.600,lost,,,,
55.612,lost,,,,
55.627,lost,,,,
55.639,lost,,,,
55.651,lost,,,,
55.665,lost,,,,
55.673,lost,,,,
55.683,lost,,,,
55.695,lost,,,,
55.708,lost,,,,
55.720,lost,,,,
55.738,lost,,,,
55.752,lost,,,,
55.769,lost,,,,
55.784,lost,,,,
55.802,lost,,,,
55.815,lost,,,,
55.828,lost,,,,
55.839,lost,,,,
55.853,lost,,,,
55.870,lost,,,,
55.885,lost,,,,
55.903,lost,,,,
55.916,lost,,,,
55.932,lost,,,,
55.948,lost,,,,
55.964,lost,,,,
55.976,lost,,,,
55.987,lost,,,,
55.999,lost,,,,
56.007,lost,,,,
56.018,lost,,,,
56.031,lost,,,,
56.042,lost,,,,
56.051,lost,,,,
56.062,lost,,,,
56.072,lost,,,,
56.083,lost,,,,
56.098,lost,,,,
56.113,lost,,,,
56.126,lost,,,,
56.136,lost,,,,
56.146,lost,,,,
56.158,lost,,,,
56.174,lost,,,,
56.190,lost,,,,
56.201,lost,,,,
56.215,lost,,,,
56.228,lost,,,,
56.239,lost,,,,
56.253,lost,,,,
56.264,lost,,,,
56.275,lost,,,,
56.290,lost,,,,
56.301,lost,,,,
56.314,lost,,,,
56.324,lost,,,,
56.337,lost,,,,
56.353,lost,,,,
56.361,lost,,,,
56.371,lost,,,,
56.385,lost,,,,
56.394,lost,,,,
56.405,lost,,,,
56.418,lost,,,,
56.426,lost,,,,
56.437,lost,,,,
56.449,lost,,,,
56.463,lost,,,,
56.474,lost,,,,
56.486,lost,,,,
56.497,lost,,,,
56.510,lost,,,,
56.525,lost,,,,
56.537,lost,,,,
56.548,lost,,,,
56.559,lost,,,,
56.570,lost,,,,
56.583,lost,,,,
56.594,lost,,,,
56.607,lost,,,,
56.619,lost,,,,
56.628,lost,,,,
56.638,lost,,,,
56.651,lost,,,,
56.661,lost,,,,
56.672,lost,,,,
56.685,lost,,,,
56.694,lost,,,,
56.705,lost,,,,
56.719,lost,,,,
56.729,lost,,,,
56.740,lost,,,,
56.753,lost,,,,
56.763,lost,,,,
56.772,lost,,,,
56.787,lost,,,,
56.799,lost,,,,
56.815,lost,,,,
56.829,lost,,,,
56.842,lost,,,,
56.854,lost,,,,
56.869,lost,,,,
56.880,lost,,,,
56.895,lost,,,,
56.909,lost,,,,
56.925,lost,,,,
56.939,lost,,,,
56.955,lost,,,,
56.967,lost,,,,
56.978,lost,,,,
56.991,lost,,,,
57.003,lost,,,,
57.016,lost,,,,
57.030,lost,,,,
57.046,lost,,,,
57.062,lost,,,,
57.075,lost,,,,
57.088,lost,,,,
57.098,lost,,,,
57.107,lost,,,,
57.120,lost,,,,
57.131,lost,,,,
57.141,lost,,,,
57.154,lost,,,,
57.168,lost,,,,
57.183,lost,,,,
57.191,lost,,,,
57.201,lost,,,,
57.211,lost,,,,
57.224,lost,,,,
57.237,lost,,,,
57.251,lost,,,,
57.261,lost,,,,
57.273,lost,,,,
57.284,lost,,,,
57.295,lost,,,,
57.306,lost,,,,
57.317,lost,,,,
57.324,lost,,,,
57.333,lost,,,,
57.343,lost,,,,
57.354,lost,,,,
57.363,lost,,,,
57.373,lost,,,,
57.385,lost,,,,
57.394,lost,,,,
57.403,lost,,,,
57.416,lost,,,,
57.425,lost,,,,
57.435,lost,,,,
57.445,lost,,,,
57.456,lost,,,,
57.465,lost,,,,
57.475,lost,,,,
57.487,lost,,,,
57.497,lost,,,,
57.506,lost,,,,
57.521,lost,,,,
57.532,lost,,,,
57.543,lost,,,,
57.554,lost,,,,
57.568,lost,,,,
57.582,lost,,,,
57.590,lost,,,,
57.599,lost,,,,
57.610,lost,,,,
57.620,lost,,,,
57.634,lost,,,,
57.648,lost,,,,
57.655,lost,,,,
57.663,lost,,,,
57.671,lost,,,,
57.683,lost,,,,
57.692,lost,,,,
57.703,lost,,,,
57.712,lost,,,,
57.721,lost,,,,
57.732,lost,,,,
57.742,lost,,,,
57.753,lost,,,,
57.762,lost,,,,
57.775,lost,,,,
57.788,lost,,,,
57.801,lost,,,,
57.815,lost,,,,
57.825,lost,,,,
57.835,lost,,,,
57.847,lost,,,,
57.858,lost,,,,
57.875,lost,,,,
57.891,lost,,,,
57.903,lost,,,,
57.916,lost,,,,
57.927,lost,,,,
57.939,lost,,,,
57.954,lost,,,,
57.965,lost,,,,
57.978,lost,,,,
57.988,lost,,,,
57.999,lost,,,,
58.008,lost,,,,
58.021,lost,,,,
58.030,lost,,,,
58.043,lost,,,,
58.055,lost,,,,
58.065,lost,,,,
58.074,lost,,,,
58.084,lost,,,,
58.093,lost,,,,
58.104,lost,,,,
58.116,lost,,,,
58.126,lost,,,,
58.139,lost,,,,
58.151,lost,,,,
58.160,lost,,,,
58.170,lost,,,,
58.183,lost,,,,
58.192,lost,,,,
58.203,lost,,,,
58.215,lost,,,,
58.225,lost,,,,
58.237,lost,,,,
58.250,lost,,,,
58.258,lost,,,,
58.269,lost,,,,
58.280,lost,,,,
58.293,lost,,,,
58.305,lost,,,,
58.321,lost,,,,
58.332,lost,,,,
58.358,lost,,,,
58.367,lost,,,,
58.377,lost,,,,
58.388,lost,,,,
58.396,lost,,,,
58.405,lost,,,,
58.417,lost,,,,
58.425,lost,,,,
58.433,lost,,,,
58.441,lost,,,,
58.454,lost,,,,
58.465,lost,,,,
58.480,lost,,,,
58.490,lost,,,,
58.502,lost,,,,
58.517,lost,,,,
58.532,lost,,,,
58.547,lost,,,,
58.557,lost,,,,
58.565,lost,,,,
58.574,lost,,,,
58.586,lost,,,,
58.597,lost,,,,
58.608,lost,,,,
58.618,lost,,,,
58.626,lost,,,,
58.637,lost,,,,
58.646,lost,,,,
58.656,lost,,,,
58.670,lost,,,,
58.684,lost,,,,
58.695,lost,,,,
58.708,lost,,,,
58.719,lost,,,,
58.730,lost,,,,
58.741,lost,,,,
58.752,lost,,,,
58.763,lost,,,,
58.774,lost,,,,
58.785,lost,,,,
58.796,lost,,,,
58.808,lost,,,,
58.819,lost,,,,
58.829,lost,,,,
58.841,lost,,,,
58.851,lost,,,,
58.859,lost,,,,
58.871,lost,,,,
58.880,lost,,,,
58.888,lost,,,,
58.899,lost,,,,
58.910,lost,,,,
58.920,lost,,,,
58.932,lost,,,,
58.942,lost,,,,
58.952,lost,,,,
58.963,lost,,,,
58.973,lost,,,,
58.983,lost,,,,
58.992,lost,,,,
59.004,lost,,,,
59.016,lost,,,,
59.029,lost,,,,
59.043,lost,,,,
59.055,lost,,,,
59.067,lost,,,,
59.079,lost,,,,
59.089,lost,,,,
59.102,lost,,,,
59.111,lost,,,,
59.121,lost,,,,
59.134,lost,,,,
59.143,lost,,,,
59.152,lost,,,,
59.162,lost,,,,
59.174,lost,,,,
59.183,lost,,,,
59.193,lost,,,,
59.206,lost,,,,
59.216,lost,,,,
59.227,lost,,,,
59.238,lost,,,,
59.249,lost,,,,
59.260,lost,,,,
59.270,lost,,,,
59.280,lost,,,,
59.291,lost,,,,
59.304,lost,,,,
59.312,lost,,,,
59.322,lost,,,,
59.333,lost,,,,
59.342,lost,,,,
59.351,lost,,,,
59.362,lost,,,,
59.372,lost,,,,
59.382,lost,,,,
59.394,lost,,,,
59.408,lost,,,,
59.423,lost,,,,
59.436,lost,,,,
59.447,lost,,,,
59.459,lost,,,,
59.471,lost,,,,
59.482,lost,,,,
59.494,lost,,,,
59.505,lost,,,,
59.515,lost,,,,
59.525,lost,,,,
59.536,lost,,,,
59.548,lost,,,,
59.560,lost,,,,
59.573,lost,,,,
59.585,lost,,,,
59.599,lost,,,,
59.608,lost,,,,
59.621,lost,,,,
59.634,lost,,,,
59.642,lost,,,,
59.653,lost,,,,
59.663,lost,,,,
59.673,lost,,,,
59.686,lost,,,,
59.700,lost,,,,
59.707,lost,,,,
59.716,lost,,,,
59.726,lost,,,,
59.737,lost,,,,
59.748,lost,,,,
59.760,lost,,,,
59.773,lost,,,,
59.782,lost,,,,
59.791,lost,,,,
59.803,lost,,,,
59.812,lost,,,,
59.824,lost,,,,
59.834,lost,,,,
59.843,lost,,,,
59.855,lost,,,,
59.867,lost,,,,
59.874,lost,,,,
59.886,lost,,,,
59.898,lost,,,,
59.906,lost,,,,
59.915,lost,,,,
59.923,lost,,,,
59.934,lost,,,,
59.948,lost,,,,
59.961,lost,,,,
59.972,lost,,,,
59.981,lost,,,,
59.992,lost,,,,
60.007,lost,,,,
60.017,lost,,,,
60.025,lost,,,,
60.034,lost,,,,
60.042,lost,,,,
60.055,lost,,,,
60.067,lost,,,,
60.073,lost,,,,
60.083,lost,,,,
60.096,lost,,,,
60.109,lost,,,,
60.121,lost,,,,
60.134,lost,,,,
60.144,lost,,,,
60.154,lost,,,,
60.169,lost,,,,
60.180,lost,,,,
60.189,lost,,,,
60.200,lost,,,,
60.207,lost,,,,
60.219,lost,,,,
60.230,lost,,,,
60.239,lost,,,,
60.248,lost,,,,
60.259,lost,,,,
60.270,lost,,,,
60.280,lost,,,,
60.289,lost,,,,
60.301,lost,,,,
60.311,lost,,,,
60.322,lost,,,,
60.332,lost,,,,
60.340,lost,,,,
60.349,lost,,,,
60.359,lost,,,,
60.372,lost,,,,
60.382,lost,,,,
60.393,lost,,,,
60.403,lost,,,,
60.412,lost,,,,
60.423,lost,,,,
60.433,lost,,,,
60.441,lost,,,,
60.450,lost,,,,
60.460,lost,,,,
60.472,lost,,,,
60.481,lost,,,,
60.492,lost,,,,
60.503,lost,,,,
60.512,lost,,,,
60.524,lost,,,,
60.534,lost,,,,
60.543,lost,,,,
60.557,lost,,,,
60.568,lost,,,,
60.577,lost,,,,
60.587,lost,,,,
60.599,lost,,,,
60.607,lost,,,,
60.617,lost,,,,
60.628,lost,,,,
60.639,lost,,,,
60.650,lost,,,,
60.664,lost,,,,
60.676,lost,,,,
60.688,lost,,,,
60.699,lost,,,,
60.709,lost,,,,
60.722,lost,,,,
60.735,lost,,,,
60.744,lost,,,,
60.753,lost,,,,
60.765,lost,,,,
60.774,lost,,,,
60.783,lost,,,,
60.794,lost,,,,
60.807,lost,,,,
60.819,lost,,,,
60.830,lost,,,,
60.838,lost,,,,
60.859,lost,,,,
60.869,lost,,,,
60.878,lost,,,,
60.886,lost,,,,
60.894,lost,,,,
60.906,lost,,,,
60.916,lost,,,,
60.927,lost,,,,
60.937,lost,,,,
60.946,lost,,,,
60.956,lost,,,,
60.967,lost,,,,
60.975,lost,,,,
60.983,lost,,,,
60.992,lost,,,,
61.004,lost,,,,
61.014,lost,,,,
61.026,lost,,,,
61.036,lost,,,,
61.044,lost,,,,
61.055,lost,,,,
61.068,lost,,,,
61.078,lost,,,,
61.091,lost,,,,
61.103,lost,,,,
61.114,lost,,,,
61.129,lost,,,,
61.142,lost,,,,
61.157,lost,,,,
61.169,lost,,,,
61.179,lost,,,,
61.190,lost,,,,
61.201,lost,,,,
61.211,lost,,,,
61.223,lost,,,,
61.235,lost,,,,
61.243,lost,,,,
61.254,lost,,,,
61.264,lost,,,,
61.272,lost,,,,
61.282,lost,,,,
61.292,lost,,,,
61.303,lost,,,,
61.315,lost,,,,
61.326,lost,,,,
61.340,lost,,,,
61.355,lost,,,,
61.369,lost,,,,
61.380,lost,,,,
61.393,lost,,,,
61.408,lost,,,,
61.423,lost,,,,
61.435,lost,,,,
61.449,lost,,,,
61.457,lost,,,,
61.470,lost,,,,
61.482,lost,,,,
61.491,lost,,,,
61.500,lost,,,,
61.510,lost,,,,
61.523,lost,,,,
61.534,lost,,,,
61.546,lost,,,,
61.556,lost,,,,
61.567,lost,,,,
61.581,lost,,,,
61.591,lost,,,,
61.600,lost,,,,
61.610,lost,,,,
61.621,lost,,,,
61.632,lost,,,,
61.645,lost,,,,
61.657,lost,,,,
61.670,lost,,,,
61.684,lost,,,,
61.694,lost,,,,
61.707,lost,,,,
61.720,lost,,,,
61.730,lost,,,,
61.743,lost,,,,
61.754,lost,,,,
61.764,lost,,,,
61.773,lost,,,,
61.787,lost,,,,
61.798,lost,,,,
61.812,lost,,,,
61.822,lost,,,,
61.834,lost,,,,
61.844,lost,,,,
61.857,lost,,,,
61.869,lost,,,,
61.882,lost,,,,
61.889,lost,,,,
61.901,lost,,,,
61.910,lost,,,,
61.920,lost,,,,
61.932,lost,,,,
61.943,lost,,,,
61.956,lost,,,,
61.971,lost,,,,
61.982,lost,,,,
61.991,lost,,,,
62.001,lost,,,,
62.012,lost,,,,
62.021,lost,,,,
62.033,lost,,,,
62.044,lost,,,,
62.056,lost,,,,
62.069,lost,,,,
62.084,lost,,,,
62.096,lost,,,,
62.108,lost,,,,
62.118,lost,,,,
62.128,lost,,,,
62.138,lost,,,,
62.149,lost,,,,
62.162,lost,,,,
62.176,lost,,,,
62.188,lost,,,,
62.202,lost,,,,
62.215,lost,,,,
62.224,lost,,,,
62.237,lost,,,,
62.248,lost,,,,
62.260,lost,,,,
62.276,lost,,,,
62.287,lost,,,,
62.299,lost,,,,
62.309,lost,,,,
62.321,lost,,,,
62.333,lost,,,,
62.343,lost,,,,
62.356,lost,,,,
62.371,lost,,,,
62.381,lost,,,,
62.390,lost,,,,
62.402,lost,,,,
62.412,lost,,,,
62.423,lost,,,,
62.436,lost,,,,
62.447,lost,,,,
62.459,lost,,,,
62.471,lost,,,,
62.481,lost,,,,
62.491,lost,,,,
62.504,lost,,,,
62.515,lost,,,,
62.525,lost,,,,
62.537,lost,,,,
62.551,lost,,,,
62.565,lost,,,,
62.578,lost,,,,
62.591,lost,,,,
62.603,lost,,,,
62.615,lost,,,,
62.627,lost,,,,
62.640,lost,,,,
62.653,lost,,,,
62.668,lost,,,,
62.677,lost,,,,
62.692,lost,,,,
62.704,lost,,,,
62.716,lost,,,,
62.728,lost,,,,
62.739,lost,,,,
62.750,lost,,,,
62.764,lost,,,,
62.777,lost,,,,
62.789,lost,,,,
62.799,lost,,,,
62.811,lost,,,,
62.826,lost,,,,
62.841,lost,,,,
62.853,lost,,,,
62.866,lost,,,,
62.881,lost,,,,
62.893,lost,,,,
62.903,lost,,,,
62.915,lost,,,,
62.925,lost,,,,
62.939,lost,,,,
62.953,lost,,,,
62.967,lost,,,,
62.975,lost,,,,
62.985,lost,,,,
62.997,lost,,,,
63.007,lost,,,,
63.016,lost,,,,
63.026,lost,,,,
63.038,lost,,,,
63.050,lost,,,,
63.061,lost,,,,
63.074,lost,,,,
63.087,lost,,,,
63.101,lost,,,,
63.112,lost,,,,
63.125,lost,,,,
63.136,lost,,,,
63.145,lost,,,,
63.154,lost,,,,
63.167,lost,,,,
63.175,lost,,,,
63.186,lost,,,,
63.200,lost,,,,
63.208,lost,,,,
63.217,lost,,,,
63.226,lost,,,,
63.237,lost,,,,
63.249,lost,,,,
63.264,lost,,,,
63.277,lost,,,,
63.289,lost,,,,
63.302,lost,,,,
63.314,lost,,,,
63.325,target,-1.056,-0.059,10.450,1
63.337,target,-1.056,-0.059,10.450,1
63.347,target,-1.056,-0.059,10.450,1
63.357,target,-1.056,-0.059,10.450,1
63.369,target,-1.056,-0.059,10.450,1
63.378,target,-1.056,-0.059,10.450,1
63.387,target,-1.056,-0.059,10.450,1
63.403,target,-1.056,-0.059,10.450,1
63.414,target,-1.056,-0.059,10.450,1
63.428,target,-1.056,-0.059,10.450,1
63.439,target,-1.056,-0.059,10.450,1
63.454,target,-1.056,-0.059,10.450,1
63.466,target,-1.056,-0.059,10.450,1
63.479,target,-1.056,-0.059,10.450,1
63.493,target,-1.056,-0.059,10.450,1
63.507,target,-1.056,-0.059,10.450,1
63.520,target,-1.056,-0.059,10.450,1
63.534,target,-1.056,-0.059,10.450,1
63.548,target,-1.056,-0.059,10.450,1
63.558,target,-1.056,-0.059,10.450,1
63.570,target,-1.056,-0.059,10.450,1
63.584,target,-1.056,-0.059,10.450,1
63.600,target,-1.056,-0.059,10.450,1
63.611,target,-1.056,-0.059,10.450,1
63.623,target,-1.056,-0.059,10.450,1
63.636,target,-1.056,-0.059,10.450,1
63.646,target,-1.056,-0.059,10.450,1
63.655,target,-1.056,-0.059,10.450,1
63.667,target,-1.056,-0.059,10.450,1
63.677,target,-1.056,-0.059,10.450,1
63.687,target,-1.056,-0.059,10.450,1
63.699,target,-1.056,-0.059,10.450,1
63.706,target,-1.056,-0.059,10.450,1
63.715,target,-1.056,-0.059,10.450,1
63.722,target,-1.056,-0.059,10.450,1
63.734,target,-1.056,-0.059,10.450,1
63.742,target,-1.056,-0.059,10.450,1
63.753,target,-1.056,-0.059,10.450,1
63.768,target,-1.056,-0.059,10.450,1
63.775,target,-1.056,-0.059,10.450,1
63.785,target,-1.056,-0.059,10.450,1
63.797,target,-1.056,-0.059,10.450,1
63.805,target,-1.056,-0.059,10.450,1
63.818,target,-1.056,-0.059,10.450,1
63.832,target,-1.056,-0.059,10.450,1
63.840,target,-1.056,-0.059,10.450,1
63.848,target,-1.056,-0.059,10.450,1
63.856,target,-1.056,-0.059,10.450,1
63.868,lost,,,,
63.876,lost,,,,
63.887,lost,,,,
63.903,lost,,,,
63.914,lost,,,,
63.925,lost,,,,
63.938,lost,,,,
63.949,lost,,,,
63.960,lost,,,,
63.972,lost,,,,
63.982,lost,,,,
63.990,lost,,,,
64.000,lost,,,,
64.012,lost,,,,
64.024,lost,,,,
64.035,lost,,,,
64.046,lost,,,,
64.057,lost,,,,
64.073,lost,,,,
64.086,lost,,,,
64.099,lost,,,,
64.110,lost,,,,
64.123,lost,,,,
64.132,lost,,,,
64.138,lost,,,,
64.148,lost,,,,
64.159,lost,,,,
64.169,lost,,,,
64.179,lost,,,,
64.190,lost,,,,
64.200,lost,,,,
64.209,lost,,,,
64.220,lost,,,,
64.230,lost,,,,
64.238,lost,,,,
64.250,lost,,,,
64.258,lost,,,,
64.270,lost,,,,
64.282,lost,,,,
64.295,lost,,,,
64.304,lost,,,,
64.315,lost,,,,
64.325,lost,,,,
64.335,lost,,,,
64.345,lost,,,,
64.356,lost,,,,
64.367,lost,,,,
64.376,lost,,,,
64.385,lost,,,,
64.396,lost,,,,
64.406,lost,,,,
64.419,lost,,,,
64.431,lost,,,,
64.443,lost,,,,
64.457,lost,,,,
64.468,lost,,,,
64.482,lost,,,,
64.493,lost,,,,
64.503,lost,,,,
64.515,lost,,,,
64.524,lost,,,,
64.535,lost,,,,
64.548,lost,,,,
64.559,lost,,,,
64.571,lost,,,,
64.586,lost,,,,
64.597,lost,,,,
64.610,lost,,,,
64.622,lost,,,,
64.632,lost,,,,
64.641,lost,,,,
64.654,lost,,,,
64.663,lost,,,,
64.673,lost,,,,
64.686,lost,,,,
64.695,lost,,,,
64.705,lost,,,,
64.717,lost,,,,
64.728,lost,,,,
64.737,lost,,,,
64.751,lost,,,,
64.762,lost,,,,
64.775,lost,,,,
64.788,lost,,,,
64.797,lost,,,,
64.807,lost,,,,
64.819,lost,,,,
64.832,lost,,,,
64.847,lost,,,,
64.859,lost,,,,
64.867,lost,,,,
64.878,lost,,,,
64.889,lost,,,,
64.903,lost,,,,
64.914,lost,,,,
64.927,lost,,,,
64.938,lost,,,,
64.950,lost,,,,
64.959,lost,,,,
64.970,lost,,,,
64.982,lost,,,,
64.993,lost,,,,
65.003,lost,,,,
65.017,lost,,,,
65.030,lost,,,,
65.041,lost,,,,
65.053,lost,,,,
65.064,lost,,,,
65.078,lost,,,,
65.091,lost,,,,
65.104,lost,,,,
65.117,lost,,,,
65.128,lost,,,,
65.141,lost,,,,
65.154,lost,,,,
65.163,lost,,,,
65.174,lost,,,,
65.184,lost,,,,
65.194,lost,,,,
65.206,lost,,,,
65.217,lost,,,,
65.226,lost,,,,
65.235,lost,,,,
65.248,lost,,,,
65.257,lost,,,,
65.267,lost,,,,
65.279,lost,,,,
65.289,lost,,,,
65.299,lost,,,,
65.309,lost,,,,
65.321,lost,,,,
65.334,lost,,,,
65.348,lost,,,,
65.358,lost,,,,
65.371,lost,,,,
65.386,lost,,,,
65.397,lost,,,,
65.406,lost,,,,
65.414,lost,,,,
65.424,lost,,,,
65.435,lost,,,,
65.445,lost,,,,
65.457,lost,,,,
65.468,lost,,,,
65.484,lost,,,,
65.496,lost,,,,
65.508,lost,,,,
65.521,lost,,,,
65.535,lost,,,,
65.551,lost,,,,
65.565,lost,,,,
65.577,lost,,,,
65.589,lost,,,,
65.604,lost,,,,
65.618,lost,,,,
65.626,lost,,,,
65.636,lost,,,,
65.647,lost,,,,
65.657,lost,,,,
65.668,lost,,,,
65.681,lost,,,,
65.691,lost,,,,
65.701,lost,,,,
65.712,lost,,,,
65.722,lost,,,,
65.734,lost,,,,
65.748,lost,,,,
65.758,lost,,,,
65.769,lost,,,,
65.782,lost,,,,
65.793,lost,,,,
65.805,lost,,,,
65.819,lost,,,,
65.828,lost,,,,
65.838,lost,,,,
65.851,lost,,,,
65.861,lost,,,,
65.871,lost,,,,
65.883,lost,,,,
65.894,lost,,,,
65.907,lost,,,,
65.919,lost,,,,
65.930,lost,,,,
65.940,lost,,,,
65.952,lost,,,,
65.964,lost,,,,
65.975,lost,,,,
65.987,lost,,,,
65.999,lost,,,,
66.011,lost,,,,
66.022,lost,,,,
66.034,lost,,,,
66.047,lost,,,,
66.057,lost,,,,
66.068,lost,,,,
66.081,lost,,,,
66.094,lost,,,,
66.106,lost,,,,
66.118,lost,,,,
66.131,lost,,,,
66.144,lost,,,,
66.155,lost,,,,
66.167,lost,,,,
66.178,lost,,,,
66.188,lost,,,,
66.200,lost,,,,
66.210,lost,,,,
66.221,lost,,,,
66.233,lost,,,,
66.246,lost,,,,
66.257,lost,,,,
66.270,lost,,,,
66.282,lost,,,,
66.291,lost,,,,
66.303,lost,,,,
66.312,lost,,,,
66.322,lost,,,,
66.333,lost,,,,
66.345,lost,,,,
66.355,lost,,,,
66.369,lost,,,,
66.379,lost,,,,
66.388,lost,,,,
66.400,lost,,,,
66.410,lost,,,,
66.422,lost,,,,
66.437,lost,,,,
66.449,lost,,,,
66.462,lost,,,,
66.475,lost,,,,
66.485,lost,,,,
66.496,lost,,,,
66.507,lost,,,,
66.516,lost,,,,
66.526,lost,,,,
66.539,lost,,,,
66.550,lost,,,,
66.563,lost,,,,
66.575,lost,,,,
66.586,lost,,,,
66.598,lost,,,,
66.608,lost,,,,
66.618,lost,,,,
66.630,lost,,,,
66.640,lost,,,,
66.651,lost,,,,
66.663,lost,,,,
66.675,lost,,,,
66.686,lost,,,,
66.700,lost,,,,
66.709,lost,,,,
66.720,lost,,,,
66.734,lost,,,,
66.744,lost,,,,
66.755,lost,,,,
66.768,lost,,,,
66.781,lost,,,,
66.793,lost,,,,
66.805,lost,,,,
66.816,lost,,,,
66.827,lost,,,,
66.839,lost,,,,
66.850,lost,,,,
66.861,lost,,,,
66.871,lost,,,,
66.881,lost,,,,
66.892,lost,,,,
66.902,lost,,,,
66.912,lost,,,,
66.923,lost,,,,
66.935,lost,,,,
66.943,lost,,,,
66.953,lost,,,,
66.965,lost,,,,
66.974,lost,,,,
66.982,lost,,,,
66.993,lost,,,,
67.005,lost,,,,
67.017,lost,,,,
67.028,lost,,,,
67.039,lost,,,,
67.049,lost,,,,
67.060,lost,,,,
67.071,lost,,,,
67.083,lost,,,,
67.097,lost,,,,
67.109,lost,,,,
67.121,lost,,,,
67.134,lost,,,,
67.142,lost,,,,
67.152,lost,,,,
67.161,lost,,,,
67.173,lost,,,,
67.183,lost,,,,
67.194,lost,,,,
67.205,lost,,,,
67.214,lost,,,,
67.226,lost,,,,
67.235,lost,,,,
67.244,lost,,,,
67.255,lost,,,,
67.265,lost,,,,
67.274,lost,,,,
67.284,lost,,,,
67.296,lost,,,,
67.306,lost,,,,
67.317,lost,,,,
67.330,lost,,,,
67.343,lost,,,,
67.354,lost,,,,
67.364,lost,,,,
67.376,lost,,,,
67.388,lost,,,,
67.403,lost,,,,
67.411,lost,,,,
67.420,lost,,,,
67.433,lost,,,,
67.441,lost,,,,
67.452,lost,,,,
67.463,lost,,,,
67.474,lost,,,,
67.484,lost,,,,
67.493,lost,,,,
67.507,lost,,,,
67.518,lost,,,,
67.531,lost,,,,
67.541,lost,,,,
67.551,lost,,,,
67.564,lost,,,,
67.573,lost,,,,
67.583,lost,,,,
67.598,lost,,,,
67.609,lost,,,,
67.624,lost,,,,
67.637,lost,,,,
67.650,lost,,,,
67.663,lost,,,,
67.674,lost,,,,
67.684,lost,,,,
67.697,lost,,,,
67.708,lost,,,,
67.718,lost,,,,
67.731,lost,,,,
67.740,lost,,,,
67.750,lost,,,,
67.762,lost,,,,
67.773,lost,,,,
67.783,lost,,,,
67.794,lost,,,,
67.805,lost,,,,
67.816,lost,,,,
67.829,lost,,,,
67.843,lost,,,,
67.856,lost,,,,
67.869,lost,,,,
67.878,lost,,,,
67.889,lost,,,,
67.901,lost,,,,
67.913,lost,,,,
67.926,lost,,,,
67.940,lost,,,,
67.950,lost,,,,
67.962,lost,,,,
67.972,lost,,,,
67.983,lost,,,,
67.997,lost,,,,
68.007,lost,,,,
68.017,lost,,,,
68.029,lost,,,,
68.039,lost,,,,
68.048,lost,,,,
68.057,lost,,,,
68.069,lost,,,,
68.082,lost,,,,
68.099,lost,,,,
68.109,lost,,,,
68.119,lost,,,,
68.132,lost,,,,
68.142,lost,,,,
68.153,lost,,,,
68.167,lost,,,,
68.175,lost,,,,
68.185,lost,,,,
68.194,lost,,,,
68.205,lost,,,,
68.217,lost,,,,
68.231,lost,,,,
68.241,lost,,,,
68.250,lost,,,,
68.260,lost,,,,
68.272,lost,,,,
68.281,lost,,,,
68.292,lost,,,,
68.302,lost,,,,
68.314,lost,,,,
68.323,lost,,,,
68.337,lost,,,,
68.350,lost,,,,
68.361,lost,,,,
68.371,lost,,,,
68.382,lost,,,,
68.395,lost,,,,
68.407,lost,,,,
68.416,lost,,,,
68.427,lost,,,,
68.437,lost,,,,
68.445,lost,,,,
68.454,lost,,,,
68.466,lost,,,,
68.476,lost,,,,
68.485,lost,,,,
68.494,lost,,,,
68.505,lost,,,,
68.517,lost,,,,
68.532,lost,,,,
68.541,lost,,,,
68.550,lost,,,,
68.561,lost,,,,
68.570,lost,,,,
68.580,lost,,,,
68.592,lost,,,,
68.605,lost,,,,
68.618,lost,,,,
68.630,lost,,,,
68.641,lost,,,,
68.651,lost,,,,
68.662,lost,,,,
68.672,lost,,,,
68.683,lost,,,,
68.694,lost,,,,
68.704,lost,,,,
68.714,lost,,,,
68.724,lost,,,,
68.733,lost,,,,
68.742,lost,,,,
68.753,lost,,,,
68.765,lost,,,,
68.774,lost,,,,
68.785,lost,,,,
68.796,lost,,,,
68.806,lost,,,,
68.816,lost,,,,
68.827,lost,,,,
68.837,lost,,,,
68.852,lost,,,,
68.861,lost,,,,
68.871,lost,,,,
68.882,lost,,,,
68.893,lost,,,,
68.903,lost,,,,
68.914,lost,,,,
68.925,lost,,,,
68.936,lost,,,,
68.949,lost,,,,
68.962,lost,,,,
68.972,lost,,,,
68.984,lost,,,,
68.994,lost,,,,
69.004,lost,,,,
69.017,lost,,,,
69.029,lost,,,,
69.041,lost,,,,
69.056,lost,,,,
69.067,lost,,,,
69.080,lost,,,,
69.094,lost,,,,
69.105,lost,,,,
69.118,lost,,,,
69.127,lost,,,,
69.137,lost,,,,
69.149,lost,,,,
69.161,lost,,,,
69.172,lost,,,,
69.188,lost,,,,
69.199,lost,,,,
69.209,lost,,,,
69.220,lost,,,,
69.229,lost,,,,
69.239,lost,,,,
69.252,lost,,,,
69.264,lost,,,,
69.276,lost,,,,
69.290,lost,,,,
69.300,lost,,,,
69.310,lost,,,,
69.321,lost,,,,
69.331,lost,,,,
69.342,lost,,,,
69.356,lost,,,,
69.366,lost,,,,
69.378,lost,,,,
69.388,lost,,,,
69.400,lost,,,,
69.413,lost,,,,
69.426,lost,,,,
69.436,lost,,,,
69.449,lost,,,,
69.458,lost,,,,
69.470,lost,,,,
69.484,lost,,,,
69.492,lost,,,,
69.502,lost,,,,
69.513,lost,,,,
69.522,lost,,,,
69.532,lost,,,,
69.542,lost,,,,
69.553,lost,,,,
69.564,lost,,,,
69.578,lost,,,,
69.590,lost,,,,
69.600,lost,,,,
69.611,lost,,,,
69.621,lost,,,,
69.633,lost,,,,
69.647,lost,,,,
69.656,lost,,,,
69.665,lost,,,,
69.673,lost,,,,
69.684,lost,,,,
69.696,lost,,,,
69.711,lost,,,,
69.723,lost,,,,
69.734,lost,,,,
69.747,lost,,,,
69.760,lost,,,,
69.770,lost,,,,
69.782,lost,,,,
69.791,lost,,,,
69.801,lost,,,,
69.812,lost,,,,
69.822,lost,,,,
69.831,lost,,,,
69.844,lost,,,,
69.855,lost,,,,
69.867,lost,,,,
69.881,lost,,,,
69.892,lost,,,,
69.904,lost,,,,
69.919,lost,,,,
69.931,lost,,,,
69.944,lost,,,,
69.955,lost,,,,
69.963,lost,,,,
69.971,lost,,,,
69.981,lost,,,,
69.992,lost,,,,
70.003,lost,,,,
70.015,lost,,,,
70.026,lost,,,,
70.038,lost,,,,
70.052,lost,,,,
70.060,lost,,,,
70.069,lost,,,,
70.081,lost,,,,
70.093,lost,,,,
70.105,lost,,,,
70.116,lost,,,,
70.124,lost,,,,
70.134,lost,,,,
70.145,lost,,,,
70.155,lost,,,,
70.166,lost,,,,
70.176,lost,,,,
70.185,lost,,,,
70.194,lost,,,,
70.203,lost,,,,
70.217,lost,,,,
70.226,lost,,,,
70.236,lost,,,,
70.248,lost,,,,
70.259,lost,,,,
70.270,lost,,,,
70.286,lost,,,,
70.295,lost,,,,
70.307,lost,,,,
70.317,lost,,,,
70.328,lost,,,,
70.342,lost,,,,
70.355,lost,,,,
70.367,lost,,,,
70.377,lost,,,,
70.386,lost,,,,
70.398,lost,,,,
70.408,lost,,,,
70.421,lost,,,,
70.432,lost,,,,
70.443,lost,,,,
70.453,lost,,,,
70.465,lost,,,,
70.476,lost,,,,
70.489,lost,,,,
70.499,lost,,,,
70.510,lost,,,,
70.521,lost,,,,
70.532,lost,,,,
70.543,lost,,,,
70.554,lost,,,,
70.565,lost,,,,
70.577,lost,,,,
70.589,lost,,,,
70.600,lost,,,,
70.612,lost,,,,
70.622,lost,,,,
70.633,lost,,,,
70.645,lost,,,,
70.657,lost,,,,
70.669,lost,,,,
70.684,lost,,,,
70.696,lost,,,,
70.706,lost,,,,
70.717,lost,,,,
70.727,lost,,,,
70.738,lost,,,,
70.747,lost,,,,
70.755,lost,,,,
70.767,lost,,,,
70.777,lost,,,,
70.787,lost,,,,
70.798,lost,,,,
70.809,lost,,,,
70.821,lost,,,,
70.835,lost,,,,
70.847,lost,,,,
70.859,lost,,,,
70.874,lost,,,,
70.886,lost,,,,
70.899,lost,,,,
70.910,lost,,,,
70.920,lost,,,,
70.931,lost,,,,
70.942,lost,,,,
70.951,lost,,,,
70.961,lost,,,,
70.972,lost,,,,
70.984,lost,,,,
70.997,lost,,,,
71.009,lost,,,,
71.021,lost,,,,
71.035,lost,,,,
71.047,lost,,,,
71.059,lost,,,,
71.073,lost,,,,
71.082,lost,,,,
71.095,lost,,,,
71.108,lost,,,,
71.118,lost,,,,
71.129,lost,,,,
71.139,lost,,,,
71.150,lost,,,,
71.164,lost,,,,
71.176,lost,,,,
71.189,lost,,,,
71.204,lost,,,,
71.213,lost,,,,
71.223,lost,,,,
71.234,lost,,,,
71.246,lost,,,,
71.258,lost,,,,
71.272,lost,,,,
71.283,lost,,,,
71.295,lost,,,,
71.307,lost,,,,
71.320,lost,,,,
71.334,lost,,,,
71.343,lost,,,,
71.356,lost,,,,
71.368,lost,,,,
71.377,lost,,,,
71.387,lost,,,,
71.399,lost,,,,
71.408,lost,,,,
71.418,lost,,,,
71.429,lost,,,,
71.439,lost,,,,
71.448,lost,,,,
71.459,lost,,,,
71.469,lost,,,,
71.477,lost,,,,
71.487,lost,,,,
71.500,lost,,,,
71.509,lost,,,,
71.520,lost,,,,
71.532,lost,,,,
71.541,lost,,,,
71.549,lost,,,,
71.556,lost,,,,
71.569,lost,,,,
71.579,lost,,,,
71.592,lost,,,,
71.603,lost,,,,
71.612,lost,,,,
71.624,lost,,,,
71.634,lost,,,,
71.647,lost,,,,
71.661,lost,,,,
71.672,lost,,,,
71.684,lost,,,,
71.696,lost,,,,
71.707,lost,,,,
71.720,lost,,,,
71.734,lost,,,,
71.743,lost,,,,
71.753,lost,,,,
71.765,lost,,,,
71.774,lost,,,,
71.784,lost,,,,
71.795,lost,,,,
71.805,lost,,,,
71.818,lost,,,,
71.832,lost,,,,
71.842,lost,,,,
71.855,lost,,,,
71.870,lost,,,,
71.884,lost,,,,
71.895,lost,,,,
71.906,lost,,,,
71.917,lost,,,,
71.928,lost,,,,
71.938,lost,,,,
71.950,lost,,,,
71.961,lost,,,,
71.976,lost,,,,
71.988,lost,,,,
72.001,lost,,,,
72.013,lost,,,,
72.024,lost,,,,
72.037,lost,,,,
72.046,lost,,,,
72.056,lost,,,,
72.068,lost,,,,
72.080,lost,,,,
72.094,lost,,,,
72.107,lost,,,,
72.119,lost,,,,
72.134,lost,,,,
72.144,lost,,,,
72.154,lost,,,,
72.166,lost,,,,
72.174,lost,,,,
72.183,lost,,,,
72.192,lost,,,,
72.203,lost,,,,
72.214,lost,,,,
72.226,lost,,,,
72.234,lost,,,,
72.244,lost,,,,
72.253,lost,,,,
72.265,lost,,,,
72.274,lost,,,,
72.284,lost,,,,
72.296,lost,,,,
72.306,lost,,,,
72.316,lost,,,,
72.327,lost,,,,
72.337,lost,,,,
72.349,lost,,,,
72.363,lost,,,,
72.373,lost,,,,
72.384,lost,,,,
72.396,lost,,,,
72.406,lost,,,,
72.418,lost,,,,
72.428,lost,,,,
72.439,lost,,,,
72.451,lost,,,,
72.464,lost,,,,
72.476,lost,,,,
72.488,lost,,,,
72.497,lost,,,,
72.505,lost,,,,
72.516,lost,,,,
72.528,lost,,,,
72.537,lost,,,,
72.547,lost,,,,
72.556,lost,,,,
72.568,lost,,,,
72.583,lost,,,,
72.597,lost,,,,
72.610,lost,,,,
72.622,lost,,,,
72.632,lost,,,,
72.641,lost,,,,
72.652,lost,,,,
72.662,lost,,,,
72.675,lost,,,,
72.690,lost,,,,
72.700,lost,,,,
72.710,lost,,,,
72.721,lost,,,,
72.733,lost,,,,
72.746,lost,,,,
72.759,lost,,,,
72.769,lost,,,,
72.779,lost,,,,
72.789,lost,,,,
72.800,lost,,,,
72.809,lost,,,,
72.821,lost,,,,
72.832,lost,,,,
72.845,lost,,,,
72.860,lost,,,,
72.871,lost,,,,
72.889,lost,,,,
72.900,lost,,,,
72.913,lost,,,,
72.925,lost,,,,
72.935,lost,,,,
72.948,lost,,,,
72.959,lost,,,,
72.970,lost,,,,
72.982,lost,,,,
72.992,lost,,,,
73.004,lost,,,,
73.018,lost,,,,
73.027,lost,,,,
73.037,lost,,,,
73.050,lost,,,,
73.062,lost,,,,
73.075,lost,,,,
73.088,lost,,,,
73.100,lost,,,,
73.114,lost,,,,
73.124,lost,,,,
73.135,lost,,,,
73.147,lost,,,,
73.156,lost,,,,
73.169,lost,,,,
73.183,lost,,,,
73.196,lost,,,,
73.207,lost,,,,
73.223,lost,,,,
73.233,lost,,,,
73.245,lost,,,,
73.256,lost,,,,
73.266,lost,,,,
73.280,lost,,,,
73.290,lost,,,,
73.303,lost,,,,
73.317,lost,,,,
73.326,lost,,,,
73.338,lost,,,,
73.354,lost,,,,
73.367,lost,,,,
73.382,lost,,,,
73.391,lost,,,,
73.401,lost,,,,
73.411,lost,,,,
73.423,lost,,,,
73.434,lost,,,,
73.447,lost,,,,
73.457,lost,,,,
73.468,lost,,,,
73.482,lost,,,,
73.492,lost,,,,
73.504,lost,,,,
73.517,lost,,,,
73.526,lost,,,,
73.537,lost,,,,
73.550,lost,,,,
73.560,lost,,,,
73.573,lost,,,,
73.586,lost,,,,
73.597,lost,,,,
73.611,lost,,,,
73.622,lost,,,,
73.635,lost,,,,
73.649,lost,,,,
73.662,lost,,,,
73.673,lost,,,,
73.684,lost,,,,
73.695,lost,,,,
73.704,lost,,,,
73.718,lost,,,,
73.731,lost,,,,
73.745,lost,,,,
73.758,lost,,,,
73.770,lost,,,,
73.784,lost,,,,
73.798,lost,,,,
73.813,lost,,,,
73.826,lost,,,,
73.839,lost,,,,
73.855,lost,,,,
73.869,lost,,,,
73.884,lost,,,,
73.895,lost,,,,
73.907,lost,,,,
73.919,lost,,,,
73.930,lost,,,,
73.943,lost,,,,
73.955,lost,,,,
73.968,lost,,,,
73.984,lost,,,,
73.994,lost,,,,
74.005,lost,,,,
74.020,lost,,,,
74.033,lost,,,,
74.047,lost,,,,
74.059,lost,,,,
74.070,lost,,,,
74.085,lost,,,,
74.099,lost,,,,
74.115,lost,,,,
74.127,lost,,,,
74.141,lost,,,,
74.154,lost,,,,
74.169,lost,,,,
74.184,lost,,,,
74.196,lost,,,,
74.211,lost,,,,
74.225,lost,,,,
74.239,lost,,,,
74.252,lost,,,,
74.267,lost,,,,
74.282,lost,,,,
74.294,lost,,,,
74.309,lost,,,,
74.323,lost,,,,
74.338,lost,,,,
74.353,lost,,,,
74.371,lost,,,,
74.385,lost,,,,
74.399,lost,,,,
74.415,lost,,,,
74.431,lost,,,,
74.444,lost,,,,
74.460,lost,,,,
74.476,lost,,,,
74.489,lost,,,,
74.507,lost,,,,
74.520,lost,,,,
74.536,lost,,,,
74.550,lost,,,,
74.566,lost,,,,
74.579,lost,,,,
74.593,lost,,,,
74.610,lost,,,,
74.626,lost,,,,
74.641,lost,,,,
74.658,lost,,,,
74.676,lost,,,,
74.691,lost,,,,
74.707,lost,,,,
74.721,lost,,,,
74.738,lost,,,,
74.752,lost,,,,
74.768,lost,,,,
74.783,lost,,,,
74.801,lost,,,,
74.816,lost,,,,
74.835,lost,,,,
74.851,lost,,,,
74.870,lost,,,,
74.884,lost,,,,
74.901,lost,,,,
74.914,lost,,,,
74.930,lost,,,,
74.944,lost,,,,
74.963,lost,,,,
74.977,lost,,,,
74.992,lost,,,,
75.009,lost,,,,
75.025,lost,,,,
75.040,lost,,,,
75.057,lost,,,,
75.073,lost,,,,
75.087,lost,,,,
75.109,lost,,,,
75.127,lost,,,,
75.140,lost,,,,
75.155,lost,,,,
75.172,lost,,,,
75.187,lost,,,,
75.203,lost,,,,
75.216,lost,,,,
75.233,lost,,,,
75.246,lost,,,,
75.262,lost,,,,
75.275,lost,,,,
75.290,lost,,,,
75.307,lost,,,,
75.321,lost,,,,
75.338,lost,,,,
75.354,lost,,,,
75.371,lost,,,,
75.386,lost,,,,
75.402,lost,,,,
75.416,lost,,,,
75.432,lost,,,,
75.444,lost,,,,
75.460,lost,,,,
75.473,lost,,,,
75.489,lost,,,,
75.504,lost,,,,
75.517,lost,,,,
75.534,lost,,,,
75.549,lost,,,,
75.564,lost,,,,
75.575,lost,,,,
75.587,lost,,,,
75.604,lost,,,,
75.619,lost,,,,
75.634,lost,,,,
75.646,lost,,,,
75.658,lost,,,,
75.674,lost,,,,
75.688,lost,,,,
75.703,lost,,,,
75.716,lost,,,,
75.731,lost,,,,
75.744,lost,,,,
75.757,lost,,,,
75.776,lost,,,,
75.788,lost,,,,
75.804,lost,,,,
75.817,lost,,,,
75.832,lost,,,,
75.843,lost,,,,
75.856,lost,,,,
75.872,lost,,,,
75.885,lost,,,,
75.900,lost,,,,
75.913,lost,,,,
75.926,lost,,,,
75.940,lost,,,,
75.956,lost,,,,
75.969,lost,,,,
75.981,lost,,,,
75.995,lost,,,,
76.007,lost,,,,
76.021,lost,,,,
76.034,lost,,,,
76.048,lost,,,,
76.063,lost,,,,
76.077,lost,,,,
76.091,lost,,,,
76.104,lost,,,,
76.118,lost,,,,
76.131,lost,,,,
76.142,lost,,,,
76.157,lost,,,,
76.167,lost,,,,
76.178,lost,,,,
76.190,lost,,,,
76.202,lost,,,,
76.216,lost,,,,
76.229,lost,,,,
76.240,lost,,,,
76.254,lost,,,,
76.266,lost,,,,
76.278,lost,,,,
76.290,lost,,,,
76.300,lost,,,,
76.311,lost,,,,
76.323,lost,,,,
76.333,lost,,,,
76.347,lost,,,,
76.358,lost,,,,
76.369,lost,,,,
76.382,lost,,,,
76.392,lost,,,,
76.403,lost,,,,
76.416,lost,,,,
76.426,lost,,,,
76.437,lost,,,,
76.451,lost,,,,
76.461,lost,,,,
76.472,lost,,,,
76.485,lost,,,,
76.495,lost,,,,
76.506,lost,,,,
76.519,lost,,,,
76.532,lost,,,,
76.546,lost,,,,
76.559,lost,,,,
76.573,lost,,,,
76.586,lost,,,,
76.595,lost,,,,
76.607,lost,,,,
76.618,lost,,,,
76.631,lost,,,,
76.643,lost,,,,
76.653,lost,,,,
76.662,lost,,,,
76.673,lost,,,,
76.684,lost,,,,
76.695,lost,,,,
76.706,lost,,,,
76.718,lost,,,,
76.727,lost,,,,
76.738,lost,,,,
76.749,lost,,,,
76.761,lost,,,,
76.775,lost,,,,
76.788,lost,,,,
76.800,lost,,,,
76.813,lost,,,,
76.823,lost,,,,
76.833,lost,,,,
76.846,lost,,,,
76.857,lost,,,,
76.866,lost,,,,
76.878,lost,,,,
76.888,lost,,,,
76.899,lost,,,,
76.912,lost,,,,
76.923,lost,,,,
76.933,lost,,,,
76.945,lost,,,,
76.956,lost,,,,
76.968,lost,,,,
76.981,lost,,,,
76.992,lost,,,,
77.004,lost,,,,
77.019,lost,,,,
77.027,lost,,,,
77.035,lost,,,,
77.043,lost,,,,
77.055,lost,,,,
77.068,lost,,,,
77.083,lost,,,,
77.093,lost,,,,
77.104,lost,,,,
77.117,lost,,,,
77.127,lost,,,,
77.139,lost,,,,
77.152,lost,,,,
77.163,lost,,,,
77.174,lost,,,,
77.188,lost,,,,
77.199,lost,,,,
77.210,lost,,,,
77.219,lost,,,,
77.228,lost,,,,
77.237,lost,,,,
77.249,lost,,,,
77.258,lost,,,,
77.269,lost,,,,
77.280,lost,,,,
77.289,lost,,,,
77.298,lost,,,,
77.306,lost,,,,
77.318,lost,,,,
77.330,lost,,,,
77.342,lost,,,,
77.355,lost,,,,
77.365,lost,,,,
77.373,lost,,,,
77.385,lost,,,,
77.397,lost,,,,
77.410,lost,,,,
77.421,lost,,,,
77.429,lost,,,,
77.439,lost,,,,
77.450,lost,,,,
77.458,lost,,,,
77.467,lost,,,,
77.479,lost,,,,
77.487,lost,,,,
77.499,lost,,,,
77.512,lost,,,,
77.523,lost,,,,
77.536,lost,,,,
77.548,lost,,,,
77.558,lost,,,,
77.570,lost,,,,
77.585,lost,,,,
77.598,lost,,,,
77.614,lost,,,,
77.626,lost,,,,
77.640,lost,,,,
77.650,lost,,,,
77.657,lost,,,,
77.669,lost,,,,
77.680,lost,,,,
77.691,lost,,,,
77.705,lost,,,,
77.714,lost,,,,
77.723,lost,,,,
77.736,lost,,,,
77.747,lost,,,,
77.759,lost,,,,
77.772,lost,,,,
77.785,lost,,,,
77.797,lost,,,,
77.811,lost,,,,
77.821,lost,,,,
77.832,lost,,,,
77.843,lost,,,,
77.861,lost,,,,
77.873,lost,,,,
77.883,lost,,,,
77.894,lost,,,,
77.908,lost,,,,
77.921,lost,,,,
77.934,lost,,,,
77.944,lost,,,,
77.956,lost,,,,
77.972,lost,,,,
77.982,lost,,,,
77.995,lost,,,,
78.007,lost,,,,
78.018,lost,,,,
78.030,lost,,,,
78.042,lost,,,,
78.055,lost,,,,
78.070,lost,,,,
78.080,lost,,,,
78.091,lost,,,,
78.106,lost,,,,
78.118,lost,,,,
78.129,lost,,,,
78.140,lost,,,,
78.150,lost,,,,
78.161,lost,,,,
78.173,lost,,,,
78.184,lost,,,,
78.197,lost,,,,
78.208,lost,,,,
78.217,lost,,,,
78.229,lost,,,,
78.240,lost,,,,
78.251,lost,,,,
78.263,lost,,,,
78.274,lost,,,,
78.284,lost,,,,
78.296,lost,,,,
78.306,lost,,,,
78.317,lost,,,,
78.328,lost,,,,
78.337,lost,,,,
78.347,lost,,,,
78.360,lost,,,,
78.370,lost,,,,
78.381,lost,,,,
78.394,lost,,,,
78.406,lost,,,,
78.418,lost,,,,
78.432,lost,,,,
78.443,lost,,,,
78.456,lost,,,,
78.469,lost,,,,
78.481,lost,,,,
78.494,lost,,,,
78.506,lost,,,,
78.516,lost,,,,
78.527,lost,,,,
78.537,lost,,,,
78.547,lost,,,,
78.561,lost,,,,
78.573,lost,,,,
78.583,lost,,,,
78.595,lost,,,,
78.606,lost,,,,
78.620,lost,,,,
78.633,lost,,,,
78.644,lost,,,,
78.657,lost,,,,
78.669,lost,,,,
78.681,lost,,,,
78.693,lost,,,,
78.705,lost,,,,
78.718,lost,,,,
78.732,lost,,,,
78.741,lost,,,,
78.751,lost,,,,
78.763,lost,,,,
78.773,lost,,,,
78.784,lost,,,,
78.798,lost,,,,
78.809,lost,,,,
78.821,lost,,,,
78.835,lost,,,,
78.846,lost,,,,
78.859,lost,,,,
78.870,lost,,,,
78.884,lost,,,,
78.896,lost,,,,
78.907,lost,,,,
78.920,lost,,,,
78.934,lost,,,,
78.944,lost,,,,
78.954,lost,,,,
78.968,lost,,,,
78.978,lost,,,,
78.987,lost,,,,
78.999,lost,,,,
79.008,lost,,,,
79.018,lost,,,,
79.031,lost,,,,
79.041,lost,,,,
79.051,lost,,,,
79.063,lost,,,,
79.073,lost,,,,
79.082,lost,,,,
79.091,lost,,,,
79.105,lost,,,,
79.117,lost,,,,
79.127,lost,,,,
79.136,lost,,,,
79.147,lost,,,,
79.159,lost,,,,
79.171,lost,,,,
79.183,lost,,,,
79.195,lost,,,,
79.207,lost,,,,
79.218,lost,,,,
79.230,lost,,,,
79.241,lost,,,,
79.251,lost,,,,
79.261,lost,,,,
79.272,lost,,,,
79.284,lost,,,,
79.296,lost,,,,
79.307,lost,,,,
79.320,lost,,,,
79.334,lost,,,,
79.344,lost,,,,
79.353,lost,,,,
79.365,lost,,,,
79.375,lost,,,,
79.386,lost,,,,
79.402,lost,,,,
79.413,lost,,,,
79.425,lost,,,,
79.436,lost,,,,
79.446,lost,,,,
79.456,lost,,,,
79.469,lost,,,,
79.479,lost,,,,
79.491,lost,,,,
79.501,lost,,,,
79.511,lost,,,,
79.523,lost,,,,
79.535,lost,,,,
79.547,lost,,,,
79.562,lost,,,,
79.573,lost,,,,
79.587,lost,,,,
79.600,lost,,,,
79.612,lost,,,,
79.625,lost,,,,
79.638,lost,,,,
79.650,lost,,,,
79.664,lost,,,,
79.672,lost,,,,
79.684,lost,,,,
79.694,lost,,,,
79.704,lost,,,,
79.717,lost,,,,
79.730,lost,,,,
79.741,lost,,,,
79.756,lost,,,,
79.768,lost,,,,
79.781,lost,,,,
79.792,lost,,,,
79.804,lost,,,,
79.820,lost,,,,
79.828,lost,,,,
79.837,lost,,,,
79.850,lost,,,,
79.860,lost,,,,
79.869,lost,,,,
79.879,lost,,,,
79.890,lost,,,,
79.900,lost,,,,
79.912,lost,,,,
79.923,lost,,,,
79.935,lost,,,,
79.948,lost,,,,
79.960,lost,,,,
79.969,lost,,,,
79.981,lost,,,,
79.991,lost,,,,
80.001,lost,,,,
80.011,lost,,,,
80.022,lost,,,,
80.033,lost,,,,
80.047,lost,,,,
80.059,lost,,,,
80.069,lost,,,,
80.079,lost,,,,
80.088,lost,,,,
80.100,lost,,,,
80.118,lost,,,,
80.128,lost,,,,
80.139,lost,,,,
80.153,lost,,,,
80.162,lost,,,,
80.174,lost,,,,
80.183,lost,,,,
80.193,lost,,,,
80.203,lost,,,,
80.214,lost,,,,
80.224,lost,,,,
80.233,lost,,,,
80.245,lost,,,,
80.255,lost,,,,
80.265,lost,,,,
80.278,lost,,,,
80.288,lost,,,,
80.297,lost,,,,
80.308,lost,,,,
80.318,lost,,,,
80.334,lost,,,,
80.351,lost,,,,
80.361,lost,,,,
80.370,lost,,,,
80.383,lost,,,,
80.393,lost,,,,
80.405,lost,,,,
80.417,lost,,,,
80.427,lost,,,,
80.439,lost,,,,
80.452,lost,,,,
80.460,lost,,,,
80.470,lost,,,,
80.483,lost,,,,
80.492,lost,,,,
80.505,lost,,,,
80.519,lost,,,,
80.526,lost,,,,
80.536,lost,,,,
80.548,lost,,,,
80.557,lost,,,,
80.568,lost,,,,
80.579,lost,,,,
80.589,lost,,,,
80.602,lost,,,,
80.617,lost,,,,
80.626,lost,,,,
80.636,lost,,,,
80.649,lost,,,,
80.659,lost,,,,
80.670,lost,,,,
80.683,lost,,,,
80.693,lost,,,,
80.704,lost,,,,
80.715,lost,,,,
80.725,lost,,,,
80.735,lost,,,,
80.747,lost,,,,
80.757,lost,,,,
80.768,lost,,,,
80.780,lost,,,,
80.791,lost,,,,
80.802,lost,,,,
80.817,lost,,,,
80.830,lost,,,,
80.840,lost,,,,
80.854,lost,,,,
80.867,lost,,,,
80.880,lost,,,,
80.890,lost,,,,
80.901,lost,,,,
80.912,lost,,,,
80.923,lost,,,,
80.935,lost,,,,
80.948,lost,,,,
80.960,lost,,,,
80.971,lost,,,,
80.983,lost,,,,
80.994,lost,,,,
81.004,lost,,,,
81.018,lost,,,,
81.028,lost,,,,
81.038,lost,,,,
81.051,lost,,,,
81.059,lost,,,,
81.068,lost,,,,
81.078,lost,,,,
81.089,lost,,,,
81.103,lost,,,,
81.117,lost,,,,
81.130,lost,,,,
81.142,lost,,,,
81.155,lost,,,,
81.165,lost,,,,
81.177,lost,,,,
81.189,lost,,,,
81.201,lost,,,,
81.215,lost,,,,
81.227,lost,,,,
81.239,lost,,,,
81.251,lost,,,,
81.263,lost,,,,
81.277,lost,,,,
81.286,lost,,,,
81.295,lost,,,,
81.305,lost,,,,
81.314,lost,,,,
81.324,lost,,,,
81.335,lost,,,,
81.346,lost,,,,
81.357,lost,,,,
81.370,lost,,,,
81.382,lost,,,,
81.394,lost,,,,
81.407,lost,,,,
81.418,lost,,,,
81.431,lost,,,,
81.442,lost,,,,
81.454,lost,,,,
81.468,lost,,,,
81.480,lost,,,,
81.493,lost,,,,
81.507,lost,,,,
81.516,lost,,,,
81.526,lost,,,,
81.538,lost,,,,
81.547,lost,,,,
81.559,lost,,,,
81.573,lost,,,,
81.586,lost,,,,
81.601,lost,,,,
81.613,lost,,,,
81.626,lost,,,,
81.637,lost,,,,
81.649,lost,,,,
81.664,lost,,,,
81.676,lost,,,,
81.687,lost,,,,
81.702,lost,,,,
81.710,lost,,,,
81.721,lost,,,,
81.733,lost,,,,
81.744,lost,,,,
81.758,lost,,,,
81.769,lost,,,,
81.780,lost,,,,
81.792,lost,,,,
81.805,lost,,,,
81.816,lost,,,,
81.827,lost,,,,
81.838,lost,,,,
81.847,lost,,,,
81.858,lost,,,,
81.870,lost,,,,
81.883,lost,,,,
81.897,lost,,,,
81.910,lost,,,,
81.923,lost,,,,
81.936,lost,,,,
81.947,lost,,,,
81.960,lost,,,,
81.970,lost,,,,
81.981,lost,,,,
81.991,lost,,,,
82.006,lost,,,,
82.017,lost,,,,
82.028,lost,,,,
82.037,lost,,,,
82.047,lost,,,,
82.057,lost,,,,
82.069,lost,,,,
82.079,lost,,,,
82.092,lost,,,,
82.105,lost,,,,
82.116,lost,,,,
82.128,lost,,,,
82.138,lost,,,,
82.150,lost,,,,
82.160,lost,,,,
82.175,lost,,,,
82.185,lost,,,,
82.196,lost,,,,
82.206,lost,,,,
82.216,lost,,,,
82.228,lost,,,,
82.241,lost,,,,
82.254,lost,,,,
82.269,lost,,,,
82.276,lost,,,,
82.288,lost,,,,
82.301,lost,,,,
82.310,lost,,,,
82.323,lost,,,,
82.338,lost,,,,
82.348,lost,,,,
82.360,lost,,,,
82.372,lost,,,,
82.381,lost,,,,
82.391,lost,,,,
82.401,lost,,,,
82.410,lost,,,,
82.420,lost,,,,
82.433,lost,,,,
82.442,lost,,,,
82.453,lost,,,,
82.466,lost,,,,
82.477,lost,,,,
82.489,lost,,,,
82.501,lost,,,,
82.512,lost,,,,
82.524,lost,,,,
82.539,lost,,,,
82.550,lost,,,,
82.562,lost,,,,
82.571,lost,,,,
82.580,lost,,,,
82.589,lost,,,,
82.602,lost,,,,
82.615,lost,,,,
82.628,lost,,,,
82.640,lost,,,,
82.652,lost,,,,
82.667,lost,,,,
82.675,lost,,,,
82.684,lost,,,,
82.693,lost,,,,
82.705,lost,,,,
82.716,lost,,,,
82.725,lost,,,,
82.737,lost,,,,
82.748,lost,,,,
82.760,lost,,,,
82.771,lost,,,,
82.783,lost,,,,
82.794,lost,,,,
82.805,lost,,,,
82.816,lost,,,,
82.827,lost,,,,
82.838,lost,,,,
82.848,lost,,,,
82.859,lost,,,,
82.870,lost,,,,
82.881,lost,,,,
82.892,lost,,,,
82.902,lost,,,,
82.910,lost,,,,
82.919,lost,,,,
82.932,lost,,,,
82.943,lost,,,,
82.955,lost,,,,
82.968,lost,,,,
82.978,lost,,,,
82.987,lost,,,,
83.001,lost,,,,
83.013,lost,,,,
83.025,lost,,,,
83.036,lost,,,,
83.049,lost,,,,
83.064,lost,,,,
83.073,lost,,,,
83.083,lost,,,,
83.095,lost,,,,
83.105,lost,,,,
83.117,lost,,,,
83.127,lost,,,,
83.138,lost,,,,
83.153,lost,,,,
83.164,lost,,,,
83.175,lost,,,,
83.187,lost,,,,
83.200,lost,,,,
83.214,lost,,,,
83.226,lost,,,,
83.238,lost,,,,
83.252,lost,,,,
83.264,lost,,,,
83.276,lost,,,,
83.290,lost,,,,
83.299,lost,,,,
83.309,lost,,,,
83.322,lost,,,,
83.333,lost,,,,
83.346,lost,,,,
83.361,lost,,,,
83.371,lost,,,,
83.384,lost,,,,
83.394,lost,,,,
83.404,lost,,,,
83.416,lost,,,,
83.424,lost,,,,
83.434,lost,,,,
83.446,lost,,,,
83.457,lost,,,,
83.466,lost,,,,
83.476,lost,,,,
83.488,lost,,,,
83.499,lost,,,,
83.514,lost,,,,
83.526,lost,,,,
83.538,lost,,,,
83.553,lost,,,,
83.564,lost,,,,
83.576,lost,,,,
83.590,lost,,,,
83.600,lost,,,,
83.612,lost,,,,
83.624,lost,,,,
83.635,lost,,,,
83.646,lost,,,,
83.657,lost,,,,
83.668,lost,,,,
83.680,lost,,,,
83.691,lost,,,,
83.702,lost,,,,
83.715,lost,,,,
83.725,lost,,,,
83.735,lost,,,,
83.748,lost,,,,
83.758,lost,,,,
83.768,lost,,,,
83.780,lost,,,,
83.791,lost,,,,
83.802,lost,,,,
83.814,lost,,,,
83.825,lost,,,,
83.835,lost,,,,
83.846,lost,,,,
83.857,lost,,,,
83.873,lost,,,,
83.887,lost,,,,
83.897,lost,,,,
83.908,lost,,,,
83.919,lost,,,,
83.932,lost,,,,
83.946,lost,,,,
83.958,lost,,,,
83.969,lost,,,,
83.981,lost,,,,
83.995,lost,,,,
84.012,lost,,,,
84.023,lost,,,,
84.035,lost,,,,
84.050,lost,,,,
84.062,lost,,,,
84.074,lost,,,,
84.092,lost,,,,
84.106,lost,,,,
84.120,lost,,,,
84.133,lost,,,,
84.146,lost,,,,
84.158,lost,,,,
84.170,lost,,,,
84.185,lost,,,,
84.199,lost,,,,
84.213,lost,,,,
84.225,lost,,,,
84.235,lost,,,,
84.246,lost,,,,
84.257,lost,,,,
84.269,lost,,,,
84.284,lost,,,,
84.295,lost,,,,
84.308,lost,,,,
84.322,lost,,,,
84.331,lost,,,,
84.341,lost,,,,
84.353,lost,,,,
84.364,lost,,,,
84.373,lost,,,,
84.385,lost,,,,
84.399,lost,,,,
84.412,lost,,,,
84.424,lost,,,,
84.435,lost,,,,
84.450,lost,,,,
84.459,lost,,,,
84.468,lost,,,,
84.476,lost,,,,
84.489,lost,,,,
84.502,lost,,,,
84.517,lost,,,,
84.525,lost,,,,
84.535,lost,,,,
84.546,lost,,,,
84.557,lost,,,,
84.568,lost,,,,
84.580,lost,,,,
84.591,lost,,,,
84.602,lost,,,,
84.615,lost,,,,
84.627,lost,,,,
84.639,lost,,,,
84.654,lost,,,,
84.663,lost,,,,
84.673,lost,,,,
84.686,lost,,,,
84.696,lost,,,,
84.706,lost,,,,
84.718,lost,,,,
84.731,lost,,,,
84.745,lost,,,,
84.756,lost,,,,
84.766,lost,,,,
84.774,lost,,,,
84.785,lost,,,,
84.796,lost,,,,
84.806,lost,,,,
84.817,lost,,,,
84.829,lost,,,,
84.841,lost,,,,
84.854,lost,,,,
84.865,lost,,,,
84.876,lost,,,,
84.886,lost,,,,
84.896,lost,,,,
84.907,lost,,,,
84.918,lost,,,,
84.931,lost,,,,
84.944,lost,,,,
84.956,lost,,,,
84.970,lost,,,,
84.984,lost,,,,
84.995,lost,,,,
85.006,lost,,,,
85.016,lost,,,,
85.027,lost,,,,
85.040,lost,,,,
85.051,lost,,,,
85.060,lost,,,,
85.071,lost,,,,
85.082,lost,,,,
85.092,lost,,,,
85.105,lost,,,,
85.118,lost,,,,
85.131,lost,,,,
85.146,lost,,,,
85.155,lost,,,,
85.169,lost,,,,
85.179,lost,,,,
85.188,lost,,,,
85.200,lost,,,,
85.211,lost,,,,
85.219,lost,,,,
85.229,lost,,,,
85.240,lost,,,,
85.249,lost,,,,
85.261,lost,,,,
85.275,lost,,,,
85.284,lost,,,,
85.295,lost,,,,
85.307,lost,,,,
85.316,lost,,,,
85.325,lost,,,,
85.337,lost,,,,
85.346,lost,,,,
85.357,lost,,,,
85.371,lost,,,,
85.383,lost,,,,
85.395,lost,,,,
85.410,lost,,,,
85.421,lost,,,,
85.436,lost,,,,
85.449,lost,,,,
85.459,lost,,,,
85.471,lost,,,,
85.487,lost,,,,
85.499,lost,,,,
85.512,lost,,,,
85.524,lost,,,,
85.536,lost,,,,
85.546,lost,,,,
85.559,lost,,,,
85.574,lost,,,,
85.583,lost,,,,
85.593,lost,,,,
85.607,lost,,,,
85.618,lost,,,,
85.632,lost,,,,
85.643,lost,,,,
85.655,lost,,,,
85.669,lost,,,,
85.681,lost,,,,
85.691,lost,,,,
85.703,lost,,,,
85.712,lost,,,,
85.723,lost,,,,
85.738,lost,,,,
85.751,lost,,,,
85.764,lost,,,,
85.778,lost,,,,
85.788,lost,,,,
85.800,lost,,,,
85.810,lost,,,,
85.820,lost,,,,
85.833,lost,,,,
85.843,lost,,,,
85.852,lost,,,,
85.863,lost,,,,
85.873,lost,,,,
85.884,lost,,,,
85.895,lost,,,,
85.905,lost,,,,
85.914,lost,,,,
85.925,lost,,,,
85.936,lost,,,,
85.946,lost,,,,
85.956,lost,,,,
85.968,lost,,,,
85.977,lost,,,,
85.986,lost,,,,
85.998,lost,,,,
86.007,lost,,,,
86.017,lost,,,,
86.029,lost,,,,
86.039,lost,,,,
86.054,lost,,,,
86.069,lost,,,,
86.078,lost,,,,
86.088,lost,,,,
86.101,lost,,,,
86.110,lost,,,,
86.124,lost,,,,
86.138,lost,,,,
86.147,lost,,,,
86.157,lost,,,,
86.169,lost,,,,
86.180,lost,,,,
86.193,lost,,,,
86.206,lost,,,,
86.216,lost,,,,
86.227,lost,,,,
86.236,lost,,,,
86.245,lost,,,,
86.255,lost,,,,
86.268,lost,,,,
86.278,lost,,,,
86.290,lost,,,,
86.304,lost,,,,
86.315,lost,,,,
86.328,lost,,,,
86.340,lost,,,,
86.351,lost,,,,
86.366,lost,,,,
86.379,lost,,,,
86.390,lost,,,,
86.404,lost,,,,
86.416,lost,,,,
86.428,lost,,,,
86.441,lost,,,,
86.453,lost,,,,
86.469,lost,,,,
86.478,lost,,,,
86.488,lost,,,,
86.501,lost,,,,
86.510,lost,,,,
86.520,lost,,,,
86.532,lost,,,,
86.541,lost,,,,
86.553,lost,,,,
86.568,lost,,,,
86.576,lost,,,,
86.586,lost,,,,
86.598,lost,,,,
86.607,lost,,,,
86.620,lost,,,,
86.636,lost,,,,
86.645,lost,,,,
86.654,lost,,,,
86.666,lost,,,,
86.676,lost,,,,
86.689,lost,,,,
86.704,lost,,,,
86.716,lost,,,,
86.729,lost,,,,
86.740,lost,,,,
86.752,lost,,,,
86.765,lost,,,,
86.775,lost,,,,
86.787,lost,,,,
86.802,lost,,,,
86.815,lost,,,,
86.828,lost,,,,
86.840,lost,,,,
86.850,lost,,,,
86.860,lost,,,,
86.873,lost,,,,
86.885,lost,,,,
86.900,lost,,,,
86.910,lost,,,,
86.922,lost,,,,
86.937,lost,,,,
86.946,lost,,,,
86.955,lost,,,,
86.967,lost,,,,
86.976,lost,,,,
86.986,lost,,,,
86.998,lost,,,,
87.008,lost,,,,
87.018,lost,,,,
87.031,lost,,,,
87.040,lost,,,,
87.052,lost,,,,
87.067,lost,,,,
87.076,lost,,,,
87.085,lost,,,,
87.096,lost,,,,
87.106,lost,,,,
87.118,lost,,,,
87.132,lost,,,,
87.142,lost,,,,
87.153,lost,,,,
87.167,lost,,,,
87.178,lost,,,,
87.191,lost,,,,
87.205,lost,,,,
87.217,lost,,,,
87.231,lost,,,,
87.242,lost,,,,
87.276,lost,,,,
87.290,lost,,,,
87.304,lost,,,,
87.314,lost,,,,
87.326,lost,,,,
87.340,lost,,,,
87.352,lost,,,,
87.368,lost,,,,
87.381,lost,,,,
87.393,lost,,,,
87.407,lost,,,,
87.423,lost,,,,
87.439,lost,,,,
87.450,lost,,,,
87.460,lost,,,,
87.471,lost,,,,
87.486,lost,,,,
87.502,lost,,,,
87.515,lost,,,,
87.526,lost,,,,
87.538,lost,,,,
87.549,lost,,,,
87.561,lost,,,,
87.573,lost,,,,
87.585,lost,,,,
87.599,lost,,,,
87.610,lost,,,,
87.624,lost,,,,
87.638,lost,,,,
87.654,lost,,,,
87.671,lost,,,,
87.682,lost,,,,
87.691,lost,,,,
87.702,lost,,,,
87.711,lost,,,,
87.722,lost,,,,
87.734,lost,,,,
87.742,lost,,,,
87.753,lost,,,,
87.765,lost,,,,
87.775,lost,,,,
87.786,lost,,,,
87.800,lost,,,,
87.811,lost,,,,
87.824,lost,,,,
87.837,lost,,,,
87.847,lost,,,,
87.857,lost,,,,
87.868,lost,,,,
87.877,lost,,,,
87.887,lost,,,,
87.899,lost,,,,
87.909,lost,,,,
87.921,lost,,,,
87.937,lost,,,,
87.946,lost,,,,
87.956,lost,,,,
87.967,lost,,,,
87.977,lost,,,,
87.986,lost,,,,
87.998,lost,,,,
88.008,lost,,,,
88.018,lost,,,,
88.032,lost,,,,
88.046,lost,,,,
88.062,lost,,,,
88.076,lost,,,,
88.086,lost,,,,
88.099,lost,,,,
88.108,lost,,,,
88.118,lost,,,,
88.128,lost,,,,
88.139,lost,,,,
88.150,lost,,,,
88.160,lost,,,,
88.172,lost,,,,
88.182,lost,,,,
88.191,lost,,,,
88.204,lost,,,,
88.214,lost,,,,
88.224,lost,,,,
88.236,lost,,,,
88.245,lost,,,,
88.255,lost,,,,
88.267,lost,,,,
88.277,lost,,,,
88.286,lost,,,,
88.294,lost,,,,
88.305,lost,,,,
88.318,lost,,,,
88.329,lost,,,,
88.341,lost,,,,
88.349,lost,,,,
88.358,lost,,,,
88.370,lost,,,,
88.380,lost,,,,
88.391,lost,,,,
88.404,lost,,,,
88.414,lost,,,,
88.423,lost,,,,
88.436,lost,,,,
88.445,lost,,,,
88.455,lost,,,,
88.466,lost,,,,
88.475,lost,,,,
88.485,lost,,,,
88.496,lost,,,,
88.506,lost,,,,
88.515,lost,,,,
88.524,lost,,,,
88.535,lost,,,,
88.543,lost,,,,
88.553,lost,,,,
88.566,lost,,,,
88.574,lost,,,,
88.584,lost,,,,
88.595,lost,,,,
88.604,lost,,,,
88.614,lost,,,,
88.624,lost,,,,
88.636,lost,,,,
88.646,lost,,,,
88.657,lost,,,,
88.669,lost,,,,
88.677,lost,,,,
88.687,lost,,,,
88.698,lost,,,,
88.708,lost,,,,
88.718,lost,,,,
88.730,lost,,,,
88.740,lost,,,,
88.749,lost,,,,
88.757,lost,,,,
88.769,lost,,,,
88.780,lost,,,,
88.788,lost,,,,
88.801,lost,,,,
88.809,lost,,,,
88.820,lost,,,,
88.833,lost,,,,
88.842,lost,,,,
88.852,lost,,,,
88.864,lost,,,,
88.875,lost,,,,
88.885,lost,,,,
88.898,lost,,,,
88.908,lost,,,,
88.917,lost,,,,
88.929,lost,,,,
88.939,lost,,,,
88.948,lost,,,,
88.958,lost,,,,
88.968,lost,,,,
88.980,lost,,,,
88.992,lost,,,,
89.005,lost,,,,
89.015,lost,,,,
89.026,lost,,,,
89.036,lost,,,,
89.047,lost,,,,
89.060,lost,,,,
89.071,lost,,,,
89.084,lost,,,,
89.097,lost,,,,
89.110,lost,,,,
89.122,lost,,,,
89.138,lost,,,,
89.149,lost,,,,
89.158,lost,,,,
89.169,lost,,,,
89.178,lost,,,,
89.188,lost,,,,
89.200,lost,,,,
89.208,lost,,,,
89.218,lost,,,,
89.229,lost,,,,
89.237,lost,,,,
89.246,lost,,,,
89.256,lost,,,,
89.269,lost,,,,
89.279,lost,,,,
89.288,lost,,,,
89.300,lost,,,,
89.309,lost,,,,
89.319,lost,,,,
89.331,lost,,,,
89.340,lost,,,,
89.350,lost,,,,
89.359,lost,,,,
89.370,lost,,,,
89.378,lost,,,,
89.388,lost,,,,
89.402,lost,,,,
89.411,lost,,,,
89.421,lost,,,,
89.433,lost,,,,
89.442,lost,,,,
89.452,lost,,,,
89.463,lost,,,,
89.473,lost,,,,
89.482,lost,,,,
89.493,lost,,,,
89.503,lost,,,,
89.515,lost,,,,
89.528,lost,,,,
89.537,lost,,,,
89.550,lost,,,,
89.563,lost,,,,
89.576,lost,,,,
89.587,lost,,,,
89.600,lost,,,,
89.609,lost,,,,
89.619,lost,,,,
89.630,lost,,,,
89.640,lost,,,,
89.651,lost,,,,
89.664,lost,,,,
89.673,lost,,,,
89.683,lost,,,,
89.692,lost,,,,
89.703,lost,,,,
89.715,lost,,,,
89.728,lost,,,,
89.740,lost,,,,
89.753,lost,,,,
89.768,lost,,,,
89.776,lost,,,,
89.786,lost,,,,
89.799,lost,,,,
89.808,lost,,,,
89.817,lost,,,,
89.827,lost,,,,
89.836,lost,,,,
89.845,lost,,,,
89.855,lost,,,,
89.868,lost,,,,
89.877,lost,,,,
89.887,lost,,,,
89.900,lost,,,,
89.911,lost,,,,
89.921,lost,,,,
89.934,lost,,,,
89.943,lost,,,,
89.953,lost,,,,
89.965,lost,,,,
89.975,lost,,,,
89.985,lost,,,,
89.997,lost,,,,
90.007,lost,,,,
90.015,lost,,,,
90.026,lost,,,,
90.037,lost,,,,
90.047,lost,,,,
90.057,lost,,,,
90.070,lost,,,,
90.079,lost,,,,
90.087,lost,,,,
90.098,lost,,,,
90.108,lost,,,,
90.118,lost,,,,
90.129,lost,,,,
90.138,lost,,,,
90.148,lost,,,,
90.159,lost,,,,
90.171,lost,,,,
90.183,lost,,,,
90.198,lost,,,,
90.210,lost,,,,
90.221,lost,,,,
90.233,lost,,,,
90.245,lost,,,,
90.258,lost,,,,
90.270,lost,,,,
90.280,lost,,,,
90.289,lost,,,,
90.303,lost,,,,
90.315,lost,,,,
90.330,lost,,,,
90.341,lost,,,,
90.352,lost,,,,
90.365,lost,,,,
90.376,lost,,,,
90.389,lost,,,,
90.404,lost,,,,
90.417,lost,,,,
90.426,lost,,,,
90.435,lost,,,,
90.442,lost,,,,
90.451,lost,,,,
90.461,lost,,,,
90.469,lost,,,,
90.476,lost,,,,
90.484,lost,,,,
90.491,lost,,,,
90.501,lost,,,,
90.511,lost,,,,
90.522,lost,,,,
90.537,lost,,,,
90.551,lost,,,,
90.560,lost,,,,
90.573,lost,,,,
90.588,lost,,,,
90.601,lost,,,,
90.613,lost,,,,
90.624,lost,,,,
90.638,lost,,,,
90.648,lost,,,,
90.661,lost,,,,
90.674,lost,,,,
90.684,lost,,,,
90.694,lost,,,,
90.704,lost,,,,
90.713,lost,,,,
90.721,lost,,,,
90.732,lost,,,,
90.740,lost,,,,
90.750,lost,,,,
90.760,lost,,,,
90.770,lost,,,,
90.778,lost,,,,
90.787,lost,,,,
90.798,lost,,,,
90.808,lost,,,,
90.818,lost,,,,
90.829,lost,,,,
90.837,lost,,,,
90.846,lost,,,,
90.855,lost,,,,
90.868,lost,,,,
90.877,lost,,,,
90.887,lost,,,,
90.899,lost,,,,
90.910,lost,,,,
90.920,lost,,,,
90.931,lost,,,,
90.940,lost,,,,
90.949,lost,,,,
90.958,lost,,,,
90.970,lost,,,,
90.979,lost,,,,
90.988,lost,,,,
91.000,lost,,,,
91.008,lost,,,,
91.018,lost,,,,
91.029,lost,,,,
91.039,lost,,,,
91.051,lost,,,,
91.063,lost,,,,
91.074,lost,,,,
91.086,lost,,,,
91.099,lost,,,,
91.108,lost,,,,
91.116,lost,,,,
91.124,lost,,,,
91.137,lost,,,,
91.147,lost,,,,
91.157,lost,,,,
91.170,lost,,,,
91.179,lost,,,,
91.188,lost,,,,
91.201,lost,,,,
91.210,lost,,,,
91.220,lost,,,,
91.232,lost,,,,
91.240,lost,,,,
91.251,lost,,,,
91.260,lost,,,,
91.271,lost,,,,
91.283,lost,,,,
91.295,lost,,,,
91.306,lost,,,,
91.316,lost,,,,
91.328,lost,,,,
91.337,lost,,,,
91.345,lost,,,,
91.355,lost,,,,
91.367,lost,,,,
91.376,lost,,,,
91.385,lost,,,,
91.395,lost,,,,
91.405,lost,,,,
91.416,lost,,,,
91.427,lost,,,,
91.437,lost,,,,
91.446,lost,,,,
91.457,lost,,,,
91.466,lost,,,,
91.474,lost,,,,
91.484,lost,,,,
91.495,lost,,,,
91.504,lost,,,,
91.513,lost,,,,
91.523,lost,,,,
91.533,lost,,,,
91.543,lost,,,,
91.554,lost,,,,
91.564,lost,,,,
91.573,lost,,,,
91.584,lost,,,,
91.596,lost,,,,
91.604,lost,,,,
91.614,lost,,,,
91.623,lost,,,,
91.633,lost,,,,
91.641,lost,,,,
91.653,lost,,,,
91.663,lost,,,,
91.673,lost,,,,
91.684,lost,,,,
91.695,lost,,,,
91.705,lost,,,,
91.718,lost,,,,
91.730,lost,,,,
91.742,lost,,,,
91.754,lost,,,,
91.766,lost,,,,
91.777,lost,,,,
91.790,lost,,,,
91.800,lost,,,,
91.811,lost,,,,
91.824,lost,,,,
91.833,lost,,,,
91.842,lost,,,,
91.854,lost,,,,
91.863,lost,,,,
91.872,lost,,,,
91.886,lost,,,,
91.894,lost,,,,
91.905,lost,,,,
91.919,lost,,,,
91.928,lost,,,,
91.936,lost,,,,
91.946,lost,,,,
91.955,lost,,,,
91.963,lost,,,,
91.972,lost,,,,
91.984,lost,,,,
91.993,lost,,,,
92.002,lost,,,,
92.013,lost,,,,
92.023,lost,,,,
92.031,lost,,,,
92.041,lost,,,,
92.053,lost,,,,
92.063,lost,,,,
92.072,lost,,,,
92.084,lost,,,,
92.092,lost,,,,
92.101,lost,,,,
92.112,lost,,,,
92.122,lost,,,,
92.130,lost,,,,
92.139,lost,,,,
92.151,lost,,,,
92.161,lost,,,,
92.171,lost,,,,
92.182,lost,,,,
92.190,lost,,,,
92.199,lost,,,,
92.209,lost,,,,
92.219,lost,,,,
92.227,lost,,,,
92.238,lost,,,,
92.249,lost,,,,
92.258,lost,,,,
92.268,lost,,,,
92.279,lost,,,,
92.288,lost,,,,
92.296,lost,,,,
92.305,lost,,,,
92.316,lost,,,,
92.325,lost,,,,
92.333,lost,,,,
92.343,lost,,,,
92.353,lost,,,,
92.362,lost,,,,
92.372,lost,,,,
92.383,lost,,,,
92.391,lost,,,,
92.400,lost,,,,
92.411,lost,,,,
92.421,lost,,,,
92.431,lost,,,,
92.441,lost,,,,
92.452,lost,,,,
92.460,lost,,,,
92.471,lost,,,,
92.483,lost,,,,
92.491,lost,,,,
92.501,lost,,,,
92.512,lost,,,,
92.522,lost,,,,
92.533,lost,,,,
92.543,lost,,,,
92.553,lost,,,,
92.561,lost,,,,
92.571,lost,,,,
92.583,lost,,,,
92.591,lost,,,,
92.601,lost,,,,
92.610,lost,,,,
92.619,lost,,,,
92.628,lost,,,,
92.638,lost,,,,
92.650,lost,,,,
92.659,lost,,,,
92.671,lost,,,,
92.682,lost,,,,
92.690,lost,,,,
92.700,lost,,,,
92.711,lost,,,,
92.720,lost,,,,
92.728,lost,,,,
92.738,lost,,,,
92.750,lost,,,,
92.760,lost,,,,
92.771,lost,,,,
92.783,lost,,,,
92.793,lost,,,,
92.804,lost,,,,
92.818,lost,,,,
92.827,lost,,,,
92.836,lost,,,,
92.845,lost,,,,
92.856,lost,,,,
92.868,lost,,,,
92.881,lost,,,,
92.892,lost,,,,
92.904,lost,,,,
92.919,lost,,,,
92.928,lost,,,,
92.937,lost,,,,
92.951,lost,,,,
92.959,lost,,,,
92.969,lost,,,,
92.981,lost,,,,
92.990,lost,,,,
93.002,lost,,,,
93.015,lost,,,,
93.025,lost,,,,
93.035,lost,,,,
93.046,lost,,,,
93.058,lost,,,,
93.067,lost,,,,
93.077,lost,,,,
93.087,lost,,,,
93.097,lost,,,,
93.108,lost,,,,
93.118,lost,,,,
93.126,lost,,,,
93.136,lost,,,,
93.147,lost,,,,
93.157,lost,,,,
93.168,lost,,,,
93.181,lost,,,,
93.190,lost,,,,
93.199,lost,,,,
93.208,lost,,,,
93.220,lost,,,,
93.230,lost,,,,
93.240,lost,,,,
93.251,lost,,,,
93.261,lost,,,,
93.271,lost,,,,
93.282,lost,,,,
93.291,lost,,,,
93.301,lost,,,,
93.311,lost,,,,
93.321,lost,,,,
93.330,lost,,,,
93.341,lost,,,,
93.353,lost,,,,
93.363,lost,,,,
93.374,lost,,,,
93.386,lost,,,,
93.397,lost,,,,
93.411,lost,,,,
93.422,lost,,,,
93.433,lost,,,,
93.444,lost,,,,
93.452,lost,,,,
93.459,lost,,,,
93.468,lost,,,,
93.480,lost,,,,
93.490,lost,,,,
93.502,lost,,,,
93.512,lost,,,,
93.521,lost,,,,
93.534,lost,,,,
93.545,lost,,,,
93.555,lost,,,,
93.565,lost,,,,
93.577,lost,,,,
93.588,lost,,,,
93.599,lost,,,,
93.611,lost,,,,
93.620,lost,,,,
93.631,lost,,,,
93.643,lost,,,,
93.653,lost,,,,
93.662,lost,,,,
93.674,lost,,,,
93.684,lost,,,,
93.693,lost,,,,
93.704,lost,,,,
93.714,lost,,,,
93.726,lost,,,,
93.739,lost,,,,
93.749,lost,,,,
93.758,lost,,,,
93.769,lost,,,,
93.778,lost,,,,
93.787,lost,,,,
93.797,lost,,,,
93.807,lost,,,,
93.816,lost,,,,
93.824,lost,,,,
93.836,lost,,,,
93.845,lost,,,,
93.856,lost,,,,
93.871,lost,,,,
93.880,lost,,,,
93.889,lost,,,,
93.902,lost,,,,
93.912,lost,,,,
93.923,lost,,,,
93.935,lost,,,,
93.944,lost,,,,
93.954,lost,,,,
93.964,lost,,,,
93.974,lost,,,,
93.983,lost,,,,
93.993,lost,,,,
94.004,lost,,,,
94.014,lost,,,,
94.024,lost,,,,
94.037,lost,,,,
94.046,lost,,,,
94.054,lost,,,,
94.064,lost,,,,
94.074,lost,,,,
94.085,lost,,,,
94.094,lost,,,,
94.105,lost,,,,
94.116,lost,,,,
94.127,lost,,,,
94.139,lost,,,,
94.150,lost,,,,
94.162,lost,,,,
94.174,lost,,,,
94.184,lost,,,,
94.196,lost,,,,
94.207,lost,,,,
94.216,lost,,,,
94.226,lost,,,,
94.236,lost,,,,
94.245,lost,,,,
94.255,lost,,,,
94.267,lost,,,,
94.276,lost,,,,
94.284,lost,,,,
94.291,lost,,,,
94.300,lost,,,,
94.309,lost,,,,
94.321,lost,,,,
94.333,lost,,,,
94.346,lost,,,,
94.358,lost,,,,
94.368,lost,,,,
94.378,lost,,,,
94.389,lost,,,,
94.402,lost,,,,
94.412,lost,,,,
94.423,lost,,,,
94.435,lost,,,,
94.444,lost,,,,
94.454,lost,,,,
94.465,lost,,,,
94.474,lost,,,,
94.485,lost,,,,
94.497,lost,,,,
94.506,lost,,,,
94.515,lost,,,,
94.526,lost,,,,
94.537,lost,,,,
94.545,lost,,,,
94.555,lost,,,,
94.567,lost,,,,
94.576,lost,,,,
94.587,lost,,,,
94.599,lost,,,,
94.609,lost,,,,
94.618,lost,,,,
94.630,lost,,,,
94.639,lost,,,,
94.648,lost,,,,
94.658,lost,,,,
94.670,lost,,,,
94.681,lost,,,,
94.691,lost,,,,
94.702,lost,,,,
94.712,lost,,,,
94.722,lost,,,,
94.734,lost,,,,
94.744,lost,,,,
94.754,lost,,,,
94.767,lost,,,,
94.775,lost,,,,
94.786,lost,,,,
94.797,lost,,,,
94.805,lost,,,,
94.814,lost,,,,
94.823,lost,,,,
94.835,lost,,,,
94.844,lost,,,,
94.855,lost,,,,
94.868,lost,,,,
94.876,lost,,,,
94.887,lost,,,,
94.900,lost,,,,
94.910,lost,,,,
94.922,lost,,,,
94.935,lost,,,,
94.944,lost,,,,
94.955,lost,,,,
94.968,lost,,,,
94.977,lost,,,,
94.987,lost,,,,
94.998,lost,,,,
95.007,lost,,,,
95.017,lost,,,,
95.027,lost,,,,
95.038,lost,,,,
95.048,lost,,,,
95.057,lost,,,,
95.069,lost,,,,
95.079,lost,,,,
95.088,lost,,,,
95.102,lost,,,,
95.111,lost,,,,
95.121,lost,,,,
95.133,lost,,,,
95.142,lost,,,,
95.151,lost,,,,
95.162,lost,,,,
95.173,lost,,,,
95.184,lost,,,,
95.196,lost,,,,
95.205,lost,,,,
95.215,lost,,,,
95.224,lost,,,,
95.236,lost,,,,
95.245,lost,,,,
95.255,lost,,,,
95.266,lost,,,,
95.276,lost,,,,
95.287,lost,,,,
95.297,lost,,,,
95.306,lost,,,,
95.317,lost,,,,
95.327,lost,,,,
95.337,lost,,,,
95.348,lost,,,,
95.359,lost,,,,
95.369,lost,,,,
95.381,lost,,,,
95.391,lost,,,,
95.400,lost,,,,
95.410,lost,,,,
95.423,lost,,,,
95.433,lost,,,,
95.442,lost,,,,
95.453,lost,,,,
95.463,lost,,,,
95.473,lost,,,,
95.484,lost,,,,
95.495,lost,,,,
95.504,lost,,,,
95.514,lost,,,,
95.525,lost,,,,
95.534,lost,,,,
95.545,lost,,,,
95.556,lost,,,,
95.565,lost,,,,
95.575,lost,,,,
95.586,lost,,,,
95.595,lost,,,,
95.604,lost,,,,
95.614,lost,,,,
95.624,lost,,,,
95.633,lost,,,,
95.642,lost,,,,
95.654,lost,,,,
95.665,lost,,,,
95.676,lost,,,,
95.688,lost,,,,
95.698,lost,,,,
95.708,lost,,,,
95.720,lost,,,,
95.731,lost,,,,
95.740,lost,,,,
95.753,lost,,,,
95.763,lost,,,,
95.774,lost,,,,
95.785,lost,,,,
95.795,lost,,,,
95.805,lost,,,,
95.818,lost,,,,
95.827,lost,,,,
95.836,lost,,,,
95.848,lost,,,,
95.858,lost,,,,
95.866,lost,,,,
95.877,lost,,,,
95.887,lost,,,,
95.899,lost,,,,
95.913,lost,,,,
95.926,lost,,,,
95.936,lost,,,,
95.948,lost,,,,
95.957,lost,,,,
95.966,lost,,,,
95.977,lost,,,,
95.987,lost,,,,
95.996,lost,,,,
96.006,lost,,,,
96.018,lost,,,,
96.027,lost,,,,
96.037,lost,,,,
96.048,lost,,,,
96.058,lost,,,,
96.069,lost,,,,
96.080,lost,,,,
96.091,lost,,,,
96.100,lost,,,,
96.111,lost,,,,
96.122,lost,,,,
96.130,lost,,,,
96.141,lost,,,,
96.153,lost,,,,
96.164,lost,,,,
96.176,lost,,,,
96.187,lost,,,,
96.197,lost,,,,
96.208,lost,,,,
96.219,lost,,,,
96.229,lost,,,,
96.239,lost,,,,
96.251,lost,,,,
96.261,lost,,,,
96.271,lost,,,,
96.283,lost,,,,
96.293,lost,,,,
96.303,lost,,,,
96.315,lost,,,,
96.324,lost,,,,
96.336,lost,,,,
96.351,lost,,,,
96.361,lost,,,,
96.371,lost,,,,
96.383,lost,,,,
96.393,lost,,,,
96.404,lost,,,,
96.416,lost,,,,
96.431,lost,,,,
96.443,lost,,,,
96.456,lost,,,,
96.467,lost,,,,
96.477,lost,,,,
96.487,lost,,,,
96.499,lost,,,,
96.512,lost,,,,
96.522,lost,,,,
96.534,lost,,,,
96.546,lost,,,,
96.558,lost,,,,
96.567,lost,,,,
96.577,lost,,,,
96.587,lost,,,,
96.599,lost,,,,
96.610,lost,,,,
96.621,lost,,,,
96.631,lost,,,,
96.641,lost,,,,
96.654,lost,,,,
96.668,lost,,,,
96.683,lost,,,,
96.693,lost,,,,
96.703,lost,,,,
96.714,lost,,,,
96.723,lost,,,,
96.735,lost,,,,
96.747,lost,,,,
96.759,lost,,,,
96.770,lost,,,,
96.784,lost,,,,
96.797,lost,,,,
96.807,lost,,,,
96.820,lost,,,,
96.829,lost,,,,
96.839,lost,,,,
96.853,lost,,,,
96.865,lost,,,,
96.878,lost,,,,
96.890,lost,,,,
96.899,lost,,,,
96.909,lost,,,,
96.922,lost,,,,
96.932,lost,,,,
96.941,lost,,,,
96.954,lost,,,,
96.964,lost,,,,
96.974,lost,,,,
96.985,lost,,,,
96.995,lost,,,,
97.006,lost,,,,
97.019,lost,,,,
97.029,lost,,,,
97.038,lost,,,,
97.050,lost,,,,
97.060,lost,,,,
97.072,lost,,,,
97.087,lost,,,,
97.100,lost,,,,
97.113,lost,,,,
97.124,lost,,,,
97.136,lost,,,,
97.149,lost,,,,
97.160,lost,,,,
97.170,lost,,,,
97.183,lost,,,,
97.193,lost,,,,
97.206,lost,,,,
97.220,lost,,,,
97.235,lost,,,,
97.247,lost,,,,
97.258,lost,,,,
97.272,lost,,,,
97.286,lost,,,,
97.299,lost,,,,
97.311,lost,,,,
97.321,lost,,,,
97.332,lost,,,,
97.342,lost,,,,
97.356,lost,,,,
97.369,lost,,,,
97.381,lost,,,,
97.392,lost,,,,
97.403,lost,,,,
97.413,lost,,,,
97.427,lost,,,,
97.443,lost,,,,
97.456,lost,,,,
97.470,lost,,,,
97.481,lost,,,,
97.491,lost,,,,
97.504,lost,,,,
97.517,lost,,,,
97.529,lost,,,,
97.542,lost,,,,
97.556,lost,,,,
97.571,lost,,,,
97.584,lost,,,,
97.598,lost,,,,
97.610,lost,,,,
97.620,lost,,,,
97.632,lost,,,,
97.642,lost,,,,
97.652,lost,,,,
97.664,lost,,,,
97.675,lost,,,,
97.685,lost,,,,
97.696,lost,,,,
97.706,lost,,,,
97.715,lost,,,,
97.727,lost,,,,
97.737,lost,,,,
97.750,lost,,,,
97.763,lost,,,,
97.776,lost,,,,
97.787,lost,,,,
97.800,lost,,,,
97.810,lost,,,,
97.824,lost,,,,
97.841,lost,,,,
97.853,lost,,,,
97.866,lost,,,,
97.876,lost,,,,
97.886,lost,,,,
97.898,lost,,,,
97.907,lost,,,,
97.919,lost,,,,
97.935,lost,,,,
97.945,lost,,,,
97.956,lost,,,,
97.966,lost,,,,
97.978,lost,,,,
97.992,lost,,,,
98.004,lost,,,,
98.014,lost,,,,
98.025,lost,,,,
98.036,lost,,,,
98.046,lost,,,,
98.056,lost,,,,
98.068,lost,,,,
98.080,lost,,,,
98.092,lost,,,,
98.106,lost,,,,
98.118,lost,,,,
98.132,lost,,,,
98.142,lost,,,,
98.152,lost,,,,
98.163,lost,,,,
98.173,lost,,,,
98.187,lost,,,,
98.204,lost,,,,
98.215,lost,,,,
98.230,lost,,,,
98.244,lost,,,,
98.258,lost,,,,
98.276,lost,,,,
98.289,lost,,,,
98.304,lost,,,,
98.316,lost,,,,
98.330,lost,,,,
98.341,target,-1.176,-0.195,2.764,1
98.352,target,-1.176,-0.195,2.764,1
98.365,target,-1.176,-0.195,2.764,1
98.376,target,-1.176,-0.195,2.764,1
98.390,target,-1.176,-0.195,2.764,1
98.406,target,-1.176,-0.195,2.764,1
98.418,target,-1.176,-0.195,2.764,1
98.437,target,-1.176,-0.195,2.764,1
98.450,target,-1.176,-0.195,2.764,1
98.465,target,-1.176,-0.195,2.764,1
98.477,target,-1.176,-0.195,2.764,1
98.491,target,-1.176,-0.195,2.764,1
98.504,target,-1.176,-0.195,2.764,1
98.517,target,-1.176,-0.195,2.764,1
98.532,target,-1.176,-0.195,2.764,1
98.545,target,-1.176,-0.195,2.764,1
98.558,target,-1.176,-0.195,2.764,1
98.573,target,-1.176,-0.195,2.764,1
98.585,target,-1.176,-0.195,2.764,1
98.600,target,-1.176,-0.195,2.764,1
98.610,target,-1.176,-0.195,2.764,1
98.622,target,-1.176,-0.195,2.764,1
98.634,target,-1.176,-0.195,2.764,1
98.645,target,-1.176,-0.195,2.764,1
98.658,target,-1.176,-0.195,2.764,1
98.673,target,-1.176,-0.195,2.764,1
98.687,target,-1.176,-0.195,2.764,1
98.703,target,-1.176,-0.195,2.764,1
98.716,target,-1.176,-0.195,2.764,1
98.728,target,-1.176,-0.195,2.764,1
98.742,target,-1.176,-0.195,2.764,1
98.753,target,-1.176,-0.195,2.764,1
98.767,target,-1.176,-0.195,2.764,1
98.779,target,-1.176,-0.195,2.764,1
98.792,target,-1.176,-0.195,2.764,1
98.807,target,-1.176,-0.195,2.764,1
98.819,target,-1.176,-0.195,2.764,1
98.831,target,-1.176,-0.195,2.764,1
98.843,target,-1.176,-0.195,2.764,1
98.856,target,-1.176,-0.195,2.764,1
98.872,lost,,,,
98.884,lost,,,,
98.897,lost,,,,
98.910,lost,,,,
98.922,lost,,,,
98.938,lost,,,,
98.952,lost,,,,
98.965,lost,,,,
98.977,lost,,,,
98.987,lost,,,,
98.998,lost,,,,
99.008,target,-1.124,-0.198,2.508,1
99.022,target,-1.124,-0.198,2.508,1
99.037,target,-1.124,-0.198,2.508,1
99.050,target,-1.124,-0.198,2.508,1
99.066,target,-1.124,-0.198,2.508,1
99.077,target,-1.124,-0.198,2.508,1
99.090,target,-1.124,-0.198,2.508,1
99.105,target,-1.124,-0.198,2.508,1
99.119,target,-1.124,-0.198,2.508,1
99.132,target,-1.124,-0.198,2.508,1
99.144,target,-1.124,-0.198,2.508,1
99.156,target,-1.124,-0.198,2.508,1
99.171,target,-1.124,-0.198,2.508,1
99.182,target,-1.124,-0.198,2.508,1
99.192,target,-1.124,-0.198,2.508,1
99.205,target,-1.160,-0.224,2.347,1
99.220,target,-1.160,-0.224,2.347,1
99.235,target,-1.160,-0.224,2.347,1
99.248,target,-1.160,-0.224,2.347,1
99.260,target,-1.160,-0.224,2.347,1
99.273,target,-1.160,-0.224,2.347,1
99.287,target,-1.160,-0.224,2.347,1
99.301,target,-1.160,-0.224,2.347,1
99.312,target,-1.160,-0.224,2.347,1
99.324,target,-1.160,-0.224,2.347,1
99.337,target,-1.160,-0.224,2.347,1
99.350,target,-1.160,-0.224,2.347,1
99.362,target,-1.160,-0.224,2.347,1
99.375,target,-1.160,-0.224,2.347,1
99.388,target,-1.160,-0.224,2.347,1
99.403,target,-1.160,-0.224,2.347,1
99.416,target,-1.160,-0.224,2.347,1
99.428,target,-1.160,-0.224,2.347,1
99.442,target,-1.160,-0.224,2.347,1
99.455,target,-1.160,-0.224,2.347,1
99.470,target,-1.160,-0.224,2.347,1
99.484,target,-1.160,-0.224,2.347,1
99.498,target,-1.160,-0.224,2.347,1
99.511,target,-1.160,-0.224,2.347,1
99.524,target,-1.160,-0.224,2.347,1
99.540,target,-1.160,-0.224,2.347,1
99.553,target,-1.160,-0.224,2.347,1
99.567,target,-1.160,-0.224,2.347,1
99.582,target,-1.160,-0.224,2.347,1
99.593,target,-1.160,-0.224,2.347,1
99.606,target,-1.160,-0.224,2.347,1
99.620,target,-1.160,-0.224,2.347,1
99.633,target,-1.160,-0.224,2.347,1
99.646,target,-1.160,-0.224,2.347,1
99.658,target,-1.160,-0.224,2.347,1
99.674,target,-1.160,-0.224,2.347,1
99.689,target,-1.160,-0.224,2.347,1
99.704,target,-1.160,-0.224,2.347,1
99.716,target,-1.160,-0.224,2.347,1
99.729,target,-1.120,0.882,1.570,1
99.742,target,-1.120,0.882,1.570,1
99.756,target,-1.120,0.882,1.570,1
99.769,target,-1.120,0.882,1.570,1
99.784,target,-1.120,0.882,1.570,1
99.798,target,-1.120,0.882,1.570,1
99.810,target,-1.120,0.882,1.570,1
99.824,target,-1.137,0.886,1.637,1
99.837,target,-1.137,0.886,1.637,1
99.851,target,-1.137,0.886,1.637,1
99.863,target,-1.137,0.886,1.637,1
99.875,target,-1.137,0.886,1.637,1
99.887,target,-1.106,0.839,1.600,1
99.901,target,-1.106,0.839,1.600,1
99.914,target,-1.106,0.839,1.600,1
99.929,target,-1.098,0.823,1.634,1
99.947,target,-1.098,0.823,1.634,1
99.958,target,-1.098,0.823,1.634,1
99.971,target,-1.098,0.823,1.634,1
99.985,target,-1.098,0.823,1.634,1
100.000,target,-1.098,0.823,1.634,1
100.013,target,-1.098,0.823,1.634,1
100.027,target,-1.087,0.822,1.570,1
100.039,target,-1.087,0.822,1.570,1
100.053,target,-1.087,0.822,1.570,1
100.068,target,-1.087,0.822,1.570,1
100.079,target,-1.087,0.822,1.570,1
100.091,target,-1.087,0.822,1.570,1
100.104,target,-1.087,0.822,1.570,1
100.117,target,-1.087,0.822,1.570,1
100.131,target,-1.109,0.868,1.529,1
100.146,target,-1.109,0.868,1.529,1
100.160,target,-1.109,0.868,1.529,1
100.173,target,-1.109,0.868,1.529,1
100.187,target,-1.109,0.868,1.529,1
100.200,target,-1.109,0.868,1.529,1
100.211,target,-1.109,0.868,1.529,1
100.221,target,-1.109,0.868,1.529,1
100.231,target,-1.109,0.868,1.529,1
100.241,target,-1.109,0.868,1.529,1
100.251,target,-1.109,0.868,1.529,1
100.261,target,-1.109,0.868,1.529,1
100.271,target,-1.109,0.868,1.529,1
100.281,target,-1.109,0.868,1.529,1
100.289,target,-1.109,0.868,1.529,1
100.300,target,-1.109,0.868,1.529,1
100.312,target,-1.109,0.868,1.529,1
100.321,target,-1.109,0.868,1.529,1
100.332,target,-1.109,0.868,1.529,1
100.342,target,-1.109,0.868,1.529,1
100.352,target,-1.109,0.868,1.529,1
100.363,target,-1.109,0.868,1.529,1
100.372,target,-1.109,0.868,1.529,1
100.381,target,-1.109,0.868,1.529,1
100.390,target,-1.109,0.868,1.529,1
100.397,target,-1.109,0.868,1.529,1
100.407,target,-1.109,0.868,1.529,1
100.416,target,-1.109,0.868,1.529,1
100.426,target,-1.109,0.868,1.529,1
100.436,target,-1.109,0.868,1.529,1
100.447,target,-1.109,0.868,1.529,1
100.457,target,-1.109,0.868,1.529,1
100.466,target,-1.109,0.868,1.529,1
100.476,target,-1.109,0.868,1.529,1
100.487,target,-1.109,0.868,1.529,1
100.495,target,-1.109,0.868,1.529,1
100.504,target,-1.109,0.868,1.529,1
100.514,target,-1.109,0.868,1.529,1
100.522,target,-1.109,0.868,1.529,1
100.530,target,-1.109,0.868,1.529,1
100.540,target,-1.109,0.868,1.529,1
100.551,target,-1.109,0.868,1.529,1
100.561,target,-1.109,0.868,1.529,1
100.570,target,-1.109,0.868,1.529,1
100.579,target,-1.109,0.868,1.529,1
100.589,target,-1.109,0.868,1.529,1
100.597,target,-1.109,0.868,1.529,1
100.606,target,-1.109,0.868,1.529,1
100.616,target,-1.109,0.868,1.529,1
100.624,target,-1.109,0.868,1.529,1
100.633,target,-1.109,0.868,1.529,1
100.643,target,-1.109,0.868,1.529,1
100.653,lost,,,,
100.662,lost,,,,
100.672,lost,,,,
100.683,lost,,,,
100.693,lost,,,,
100.703,lost,,,,
100.713,lost,,,,
100.723,lost,,,,
100.731,lost,,,,
100.740,lost,,,,
100.749,lost,,,,
100.757,lost,,,,
100.766,lost,,,,
100.776,lost,,,,
100.787,lost,,,,
100.796,lost,,,,
100.806,lost,,,,
100.816,lost,,,,
100.825,lost,,,,
100.835,lost,,,,
100.844,lost,,,,
100.854,lost,,,,
100.862,lost,,,,
100.871,lost,,,,
100.880,lost,,,,
100.890,lost,,,,
100.899,lost,,,,
100.908,lost,,,,
100.919,lost,,,,
100.929,lost,,,,
100.939,lost,,,,
100.948,lost,,,,
100.957,lost,,,,
100.966,lost,,,,
100.974,lost,,,,
100.984,lost,,,,
100.992,lost,,,,
101.001,lost,,,,
101.010,lost,,,,
101.020,lost,,,,
101.027,lost,,,,
101.037,lost,,,,
101.046,lost,,,,
101.056,lost,,,,
101.065,lost,,,,
101.073,lost,,,,
101.085,lost,,,,
101.093,lost,,,,
101.103,lost,,,,
101.112,lost,,,,
101.122,lost,,,,
101.130,lost,,,,
101.138,lost,,,,
101.149,lost,,,,
101.158,lost,,,,
101.166,lost,,,,
101.175,lost,,,,
101.187,lost,,,,
101.196,lost,,,,
101.205,lost,,,,
101.217,lost,,,,
101.226,lost,,,,
101.234,lost,,,,
101.243,lost,,,,
101.253,lost,,,,
101.261,lost,,,,
101.270,lost,,,,
101.279,lost,,,,
101.288,lost,,,,
101.297,lost,,,,
101.305,lost,,,,
101.317,lost,,,,
101.326,lost,,,,
101.336,lost,,,,
101.344,lost,,,,
101.353,lost,,,,
101.362,lost,,,,
101.371,lost,,,,
101.383,lost,,,,
101.391,lost,,,,
101.401,lost,,,,
101.409,lost,,,,
101.419,lost,,,,
101.429,lost,,,,
101.439,lost,,,,
101.451,lost,,,,
101.460,lost,,,,
101.470,lost,,,,
101.481,lost,,,,
101.490,lost,,,,
101.500,lost,,,,
101.510,lost,,,,
101.518,lost,,,,
101.527,lost,,,,
101.536,lost,,,,
101.547,lost,,,,
101.556,lost,,,,
101.566,lost,,,,
101.574,lost,,,,
101.584,lost,,,,
101.594,lost,,,,
101.603,lost,,,,
101.613,lost,,,,
101.622,lost,,,,
101.632,lost,,,,
101.640,lost,,,,
101.651,lost,,,,
101.660,lost,,,,
101.668,lost,,,,
101.678,lost,,,,
101.688,lost,,,,
101.698,lost,,,,
101.708,lost,,,,
101.717,lost,,,,
101.726,lost,,,,
101.735,lost,,,,
101.745,lost,,,,
101.754,lost,,,,
101.764,lost,,,,
101.773,lost,,,,
101.781,lost,,,,
101.790,lost,,,,
101.799,lost,,,,
101.808,lost,,,,
101.816,lost,,,,
101.825,lost,,,,
101.835,lost,,,,
101.843,lost,,,,
101.852,lost,,,,
101.861,lost,,,,
101.871,lost,,,,
101.880,lost,,,,
101.889,lost,,,,
101.899,lost,,,,
101.908,lost,,,,
101.917,lost,,,,
101.928,lost,,,,
101.938,lost,,,,
101.947,lost,,,,
101.956,lost,,,,
101.966,lost,,,,
101.974,lost,,,,
101.983,lost,,,,
101.994,lost,,,,
102.003,lost,,,,
102.010,lost,,,,
102.019,lost,,,,
102.028,lost,,,,
102.036,lost,,,,
102.043,lost,,,,
102.052,lost,,,,
102.061,lost,,,,
102.070,lost,,,,
102.077,lost,,,,
102.085,lost,,,,
102.093,lost,,,,
102.104,lost,,,,
102.112,lost,,,,
102.121,lost,,,,
102.129,lost,,,,
102.138,lost,,,,
102.146,lost,,,,
102.154,lost,,,,
102.165,lost,,,,
102.174,lost,,,,
102.184,lost,,,,
102.194,lost,,,,
102.203,lost,,,,
102.210,lost,,,,
102.219,lost,,,,
102.228,lost,,,,
102.236,lost,,,,
102.244,lost,,,,
102.254,lost,,,,
102.264,lost,,,,
102.271,lost,,,,
102.278,lost,,,,
102.286,lost,,,,
102.296,lost,,,,
102.305,lost,,,,
102.313,lost,,,,
102.322,lost,,,,
102.332,lost,,,,
102.341,lost,,,,
102.349,lost,,,,
102.356,lost,,,,
102.366,lost,,,,
102.374,lost,,,,
102.383,lost,,,,
102.392,lost,,,,
102.400,lost,,,,
102.408,lost,,,,
102.417,lost,,,,
102.428,lost,,,,
102.438,lost,,,,
102.446,lost,,,,
102.454,lost,,,,
102.465,lost,,,,
102.473,lost,,,,
102.481,lost,,,,
102.490,lost,,,,
102.501,lost,,,,
102.509,lost,,,,
102.518,lost,,,,
102.528,lost,,,,
102.536,lost,,,,
102.544,lost,,,,
102.553,lost,,,,
102.563,lost,,,,
102.571,lost,,,,
102.579,lost,,,,
102.588,lost,,,,
102.599,lost,,,,
102.607,lost,,,,
102.616,lost,,,,
102.624,lost,,,,
102.634,lost,,,,
102.642,lost,,,,
102.651,lost,,,,
102.658,lost,,,,
102.669,lost,,,,
102.679,lost,,,,
102.689,lost,,,,
102.700,lost,,,,
102.708,lost,,,,
102.718,lost,,,,
102.726,lost,,,,
102.736,lost,,,,
102.743,lost,,,,
102.751,lost,,,,
102.758,lost,,,,
102.771,lost,,,,
102.779,lost,,,,
102.788,lost,,,,
102.798,lost,,,,
102.806,lost,,,,
102.815,lost,,,,
102.823,lost,,,,
102.832,lost,,,,
102.840,lost,,,,
102.848,lost,,,,
102.856,lost,,,,
102.865,lost,,,,
102.873,lost,,,,
102.881,lost,,,,
102.888,lost,,,,
102.899,lost,,,,
102.908,lost,,,,
102.915,lost,,,,
102.923,lost,,,,
102.936,lost,,,,
102.945,lost,,,,
102.954,lost,,,,
102.964,lost,,,,
102.972,lost,,,,
102.979,lost,,,,
102.988,lost,,,,
103.000,lost,,,,
103.008,lost,,,,
103.017,lost,,,,
103.025,lost,,,,
103.034,lost,,,,
103.042,lost,,,,
103.051,lost,,,,
103.060,lost,,,,
103.068,lost,,,,
103.076,lost,,,,
103.085,lost,,,,
103.094,lost,,,,
103.103,lost,,,,
103.110,lost,,,,
103.118,lost,,,,
103.126,lost,,,,
103.137,lost,,,,
103.146,lost,,,,
103.155,lost,,,,
103.165,lost,,,,
103.173,lost,,,,
103.181,lost,,,,
103.190,lost,,,,
103.200,lost,,,,
103.209,lost,,,,
103.218,lost,,,,
103.227,lost,,,,
103.235,lost,,,,
103.244,lost,,,,
103.252,lost,,,,
103.259,lost,,,,
103.271,lost,,,,
103.279,lost,,,,
103.289,lost,,,,
103.299,lost,,,,
103.307,lost,,,,
103.316,lost,,,,
103.325,lost,,,,
103.334,lost,,,,
103.342,lost,,,,
103.351,lost,,,,
103.359,lost,,,,
103.368,lost,,,,
103.376,lost,,,,
103.386,lost,,,,
103.397,lost,,,,
103.406,lost,,,,
103.416,lost,,,,
103.425,lost,,,,
103.434,lost,,,,
103.443,lost,,,,
103.452,lost,,,,
103.462,lost,,,,
103.471,lost,,,,
103.480,lost,,,,
103.490,lost,,,,
103.498,lost,,,,
103.506,lost,,,,
103.516,lost,,,,
103.525,lost,,,,
103.534,lost,,,,
103.542,lost,,,,
103.552,lost,,,,
103.561,lost,,,,
103.570,lost,,,,
103.579,lost,,,,
103.588,lost,,,,
103.597,lost,,,,
103.606,lost,,,,
103.616,lost,,,,
103.624,lost,,,,
103.633,lost,,,,
103.642,lost,,,,
103.651,lost,,,,
103.659,lost,,,,
103.668,lost,,,,
103.677,lost,,,,
103.689,lost,,,,
103.699,lost,,,,
103.708,lost,,,,
103.717,lost,,,,
103.726,lost,,,,
103.735,lost,,,,
103.744,lost,,,,
103.753,lost,,,,
103.761,lost,,,,
103.769,lost,,,,
103.778,lost,,,,
103.787,lost,,,,
103.795,lost,,,,
103.803,lost,,,,
103.811,lost,,,,
103.821,lost,,,,
103.828,lost,,,,
103.836,lost,,,,
103.845,lost,,,,
103.854,lost,,,,
103.862,lost,,,,
103.871,lost,,,,
103.881,lost,,,,
103.890,lost,,,,
103.899,lost,,,,
103.908,lost,,,,
103.920,lost,,,,
103.928,lost,,,,
103.939,lost,,,,
103.951,lost,,,,
103.959,lost,,,,
103.967,lost,,,,
103.977,lost,,,,
103.987,lost,,,,
103.994,lost,,,,
104.003,lost,,,,
104.013,lost,,,,
104.021,lost,,,,
104.029,lost,,,,
104.039,lost,,,,
104.049,lost,,,,
104.057,lost,,,,
104.065,lost,,,,
104.074,lost,,,,
104.085,lost,,,,
104.094,lost,,,,
104.103,lost,,,,
104.112,lost,,,,
104.120,lost,,,,
104.127,lost,,,,
104.136,lost,,,,
104.145,lost,,,,
104.156,lost,,,,
104.165,lost,,,,
104.175,lost,,,,
104.186,lost,,,,
104.194,lost,,,,
104.204,lost,,,,
104.213,lost,,,,
104.221,lost,,,,
104.229,lost,,,,
104.238,lost,,,,
104.249,lost,,,,
104.258,lost,,,,
104.267,lost,,,,
104.276,lost,,,,
104.286,lost,,,,
104.294,lost,,,,
104.303,lost,,,,
104.313,lost,,,,
104.321,lost,,,,
104.328,lost,,,,
104.337,lost,,,,
104.349,lost,,,,
104.359,lost,,,,
104.367,lost,,,,
104.378,lost,,,,
104.388,lost,,,,
104.396,lost,,,,
104.404,lost,,,,
104.414,lost,,,,
104.424,lost,,,,
104.434,lost,,,,
104.445,lost,,,,
104.454,lost,,,,
104.462,lost,,,,
104.471,lost,,,,
104.481,lost,,,,
104.490,lost,,,,
104.498,lost,,,,
104.507,lost,,,,
104.518,lost,,,,
104.526,lost,,,,
104.535,lost,,,,
104.545,lost,,,,
104.555,lost,,,,
104.563,lost,,,,
104.572,lost,,,,
104.582,lost,,,,
104.591,lost,,,,
104.599,lost,,,,
104.607,lost,,,,
104.618,lost,,,,
104.627,lost,,,,
104.637,lost,,,,
104.647,lost,,,,
104.656,lost,,,,
104.665,lost,,,,
104.672,lost,,,,
104.686,lost,,,,
104.696,lost,,,,
104.705,lost,,,,
104.715,lost,,,,
104.724,lost,,,,
104.733,lost,,,,
104.740,lost,,,,
104.752,lost,,,,
104.760,lost,,,,
104.769,lost,,,,
104.777,lost,,,,
104.786,lost,,,,
104.795,lost,,,,
104.805,lost,,,,
104.816,lost,,,,
104.824,lost,,,,
104.834,lost,,,,
104.842,lost,,,,
104.853,lost,,,,
104.862,lost,,,,
104.871,lost,,,,
104.882,lost,,,,
104.891,lost,,,,
104.900,lost,,,,
104.909,lost,,,,
104.922,lost,,,,
104.934,lost,,,,
104.945,lost,,,,
104.955,lost,,,,
104.964,lost,,,,
104.973,lost,,,,
104.984,lost,,,,
104.993,lost,,,,
105.003,lost,,,,
105.015,lost,,,,
105.025,lost,,,,
105.035,lost,,,,
105.046,lost,,,,
105.056,lost,,,,
105.067,lost,,,,
105.077,lost,,,,
105.086,lost,,,,
105.097,lost,,,,
105.105,lost,,,,
105.118,lost,,,,
105.128,lost,,,,
105.137,lost,,,,
105.148,lost,,,,
105.158,lost,,,,
105.168,lost,,,,
105.179,lost,,,,
105.190,lost,,,,
105.202,lost,,,,
105.213,lost,,,,
105.222,lost,,,,
105.234,lost,,,,
105.244,lost,,,,
105.253,lost,,,,
105.264,lost,,,,
105.273,lost,,,,
105.283,lost,,,,
105.293,lost,,,,
105.305,lost,,,,
105.314,lost,,,,
105.324,lost,,,,
105.334,lost,,,,
105.344,lost,,,,
105.354,lost,,,,
105.365,lost,,,,
105.376,lost,,,,
105.385,lost,,,,
105.396,lost,,,,
105.405,lost,,,,
105.417,lost,,,,
105.430,lost,,,,
105.443,lost,,,,
105.453,lost,,,,
105.463,lost,,,,
105.473,lost,,,,
105.482,lost,,,,
105.492,lost,,,,
105.504,lost,,,,
105.512,lost,,,,
105.521,lost,,,,
105.531,lost,,,,
105.540,lost,,,,
105.549,lost,,,,
105.562,lost,,,,
105.574,lost,,,,
105.583,lost,,,,
105.595,lost,,,,
105.606,lost,,,,
105.617,lost,,,,
105.631,lost,,,,
105.643,lost,,,,
105.654,lost,,,,
105.666,lost,,,,
105.676,lost,,,,
105.686,lost,,,,
105.699,lost,,,,
105.708,lost,,,,
105.718,lost,,,,
105.728,lost,,,,
105.738,lost,,,,
105.746,lost,,,,
105.757,lost,,,,
105.769,lost,,,,
105.778,lost,,,,
105.787,lost,,,,
105.799,lost,,,,
105.809,lost,,,,
105.818,lost,,,,
105.830,lost,,,,
105.841,lost,,,,
105.854,lost,,,,
105.868,lost,,,,
105.883,lost,,,,
105.893,lost,,,,
105.904,lost,,,,
105.915,lost,,,,
105.928,lost,,,,
105.942,lost,,,,
105.953,lost,,,,
105.964,lost,,,,
105.974,lost,,,,
105.985,lost,,,,
105.996,lost,,,,
106.006,lost,,,,
106.019,lost,,,,
106.028,lost,,,,
106.037,lost,,,,
106.047,lost,,,,
106.057,lost,,,,
106.067,lost,,,,
106.076,lost,,,,
106.085,lost,,,,
106.095,lost,,,,
106.106,lost,,,,
106.114,lost,,,,
106.124,lost,,,,
106.134,lost,,,,
106.145,lost,,,,
106.155,lost,,,,
106.164,lost,,,,
106.175,lost,,,,
106.186,lost,,,,
106.198,lost,,,,
106.207,lost,,,,
106.217,lost,,,,
106.228,lost,,,,
106.240,lost,,,,
106.250,lost,,,,
106.262,lost,,,,
106.272,lost,,,,
106.281,lost,,,,
106.291,lost,,,,
106.300,lost,,,,
106.309,lost,,,,
106.322,lost,,,,
106.333,lost,,,,
106.341,lost,,,,
106.351,lost,,,,
106.360,lost,,,,
106.371,lost,,,,
106.381,lost,,,,
106.392,lost,,,,
106.401,lost,,,,
106.410,lost,,,,
106.422,lost,,,,
106.433,lost,,,,
106.444,lost,,,,
106.455,lost,,,,
106.468,lost,,,,
106.479,lost,,,,
106.491,lost,,,,
106.506,lost,,,,
106.517,lost,,,,
106.527,lost,,,,
106.536,lost,,,,
106.549,lost,,,,
106.559,lost,,,,
106.568,lost,,,,
106.577,lost,,,,
106.587,lost,,,,
106.596,lost,,,,
106.606,lost,,,,
106.619,lost,,,,
106.632,lost,,,,
106.647,lost,,,,
106.664,lost,,,,
106.674,lost,,,,
106.683,lost,,,,
106.693,lost,,,,
106.704,lost,,,,
106.717,lost,,,,
106.728,lost,,,,
106.740,lost,,,,
106.751,lost,,,,
106.763,lost,,,,
106.780,lost,,,,
106.789,lost,,,,
106.798,lost,,,,
106.808,lost,,,,
106.819,lost,,,,
106.830,lost,,,,
106.840,lost,,,,
106.850,lost,,,,
106.860,lost,,,,
106.872,lost,,,,
106.883,lost,,,,
106.892,lost,,,,
106.900,lost,,,,
106.910,lost,,,,
106.921,lost,,,,
106.931,lost,,,,
106.940,lost,,,,
106.950,lost,,,,
106.958,lost,,,,
106.968,lost,,,,
106.977,lost,,,,
106.987,lost,,,,
106.998,lost,,,,
107.008,lost,,,,
107.019,lost,,,,
107.030,lost,,,,
107.041,lost,,,,
107.050,lost,,,,
107.058,lost,,,,
107.067,lost,,,,
107.079,lost,,,,
107.091,lost,,,,
107.100,lost,,,,
107.109,lost,,,,
107.118,lost,,,,
107.128,lost,,,,
107.137,lost,,,,
107.149,lost,,,,
107.158,lost,,,,
107.168,lost,,,,
107.177,lost,,,,
107.187,lost,,,,
107.197,lost,,,,
107.207,lost,,,,
107.217,lost,,,,
107.226,lost,,,,
107.234,lost,,,,
107.244,lost,,,,
107.255,lost,,,,
107.265,lost,,,,
107.275,lost,,,,
107.285,lost,,,,
107.294,lost,,,,
107.303,lost,,,,
107.312,lost,,,,
107.324,lost,,,,
107.334,lost,,,,
107.343,lost,,,,
107.354,lost,,,,
107.365,lost,,,,
107.375,lost,,,,
107.385,lost,,,,
107.394,lost,,,,
107.403,lost,,,,
107.414,lost,,,,
107.425,lost,,,,
107.434,lost,,,,
107.442,lost,,,,
107.451,lost,,,,
107.461,lost,,,,
107.471,lost,,,,
107.483,lost,,,,
107.492,lost,,,,
107.503,lost,,,,
107.513,lost,,,,
107.523,lost,,,,
107.534,lost,,,,
107.543,lost,,,,
107.552,lost,,,,
107.560,lost,,,,
107.570,lost,,,,
107.580,lost,,,,
107.591,lost,,,,
107.602,lost,,,,
107.611,lost,,,,
107.620,lost,,,,
107.630,lost,,,,
107.639,lost,,,,
107.652,lost,,,,
107.661,lost,,,,
107.670,lost,,,,
107.679,lost,,,,
107.689,lost,,,,
107.699,lost,,,,
107.709,lost,,,,
107.720,lost,,,,
107.729,lost,,,,
107.738,lost,,,,
107.750,lost,,,,
107.761,lost,,,,
107.770,lost,,,,
107.780,lost,,,,
107.790,lost,,,,
107.801,lost,,,,
107.812,lost,,,,
107.823,lost,,,,
107.835,lost,,,,
107.847,lost,,,,
107.861,lost,,,,
107.872,lost,,,,
107.885,lost,,,,
107.894,lost,,,,
107.907,lost,,,,
107.920,lost,,,,
107.932,lost,,,,
107.941,lost,,,,
107.952,lost,,,,
107.962,lost,,,,
107.973,lost,,,,
107.984,lost,,,,
107.994,lost,,,,
108.004,lost,,,,
108.012,lost,,,,
108.022,lost,,,,
108.033,lost,,,,
108.043,lost,,,,
108.052,lost,,,,
108.061,lost,,,,
108.070,lost,,,,
108.080,lost,,,,
108.090,lost,,,,
108.099,lost,,,,
108.108,lost,,,,
108.116,lost,,,,
108.125,lost,,,,
108.135,lost,,,,
108.144,lost,,,,
108.155,lost,,,,
108.165,lost,,,,
108.175,lost,,,,
108.185,lost,,,,
108.196,lost,,,,
108.207,lost,,,,
108.219,lost,,,,
108.227,lost,,,,
108.237,lost,,,,
108.248,lost,,,,
108.258,lost,,,,
108.267,lost,,,,
108.276,lost,,,,
108.285,lost,,,,
108.294,lost,,,,
108.304,lost,,,,
108.315,lost,,,,
108.326,lost,,,,
108.338,lost,,,,
108.351,lost,,,,
108.364,lost,,,,
108.375,lost,,,,
108.385,lost,,,,
108.394,lost,,,,
108.405,lost,,,,
108.416,lost,,,,
108.425,lost,,,,
108.436,lost,,,,
108.444,lost,,,,
108.454,lost,,,,
108.466,lost,,,,
108.477,lost,,,,
108.490,lost,,,,
108.501,lost,,,,
108.510,lost,,,,
108.521,lost,,,,
108.532,lost,,,,
108.543,lost,,,,
108.552,lost,,,,
108.561,lost,,,,
108.570,lost,,,,
108.579,lost,,,,
108.589,lost,,,,
108.601,lost,,,,
108.610,lost,,,,
108.621,lost,,,,
108.630,lost,,,,
108.640,lost,,,,
108.652,lost,,,,
108.663,lost,,,,
108.673,lost,,,,
108.683,lost,,,,
108.692,lost,,,,
108.701,lost,,,,
108.711,lost,,,,
108.725,lost,,,,
108.736,lost,,,,
108.745,lost,,,,
108.756,lost,,,,
108.769,lost,,,,
108.780,lost,,,,
108.791,lost,,,,
108.801,lost,,,,
108.813,lost,,,,
108.824,lost,,,,
108.834,lost,,,,
108.843,lost,,,,
108.851,lost,,,,
108.861,lost,,,,
108.873,lost,,,,
108.884,lost,,,,
108.894,lost,,,,
108.904,lost,,,,
108.912,lost,,,,
108.920,lost,,,,
108.929,lost,,,,
108.940,lost,,,,
108.951,lost,,,,
108.961,lost,,,,
108.970,lost,,,,
108.982,lost,,,,
108.993,lost,,,,
109.002,lost,,,,
109.011,lost,,,,
109.020,lost,,,,
109.030,lost,,,,
109.040,lost,,,,
109.052,lost,,,,
109.062,lost,,,,
109.071,lost,,,,
109.079,lost,,,,
109.089,lost,,,,
109.102,lost,,,,
109.114,lost,,,,
109.124,lost,,,,
109.136,lost,,,,
109.149,lost,,,,
109.159,lost,,,,
109.171,lost,,,,
109.185,lost,,,,
109.196,lost,,,,
109.206,lost,,,,
109.220,lost,,,,
109.231,lost,,,,
109.241,lost,,,,
109.254,lost,,,,
109.264,lost,,,,
109.274,lost,,,,
109.285,lost,,,,
109.295,lost,,,,
109.305,lost,,,,
109.315,lost,,,,
109.328,lost,,,,
109.339,lost,,,,
109.354,lost,,,,
109.366,lost,,,,
109.377,lost,,,,
109.389,lost,,,,
109.400,lost,,,,
109.409,lost,,,,
109.422,lost,,,,
109.434,lost,,,,
109.444,lost,,,,
109.456,lost,,,,
109.469,lost,,,,
109.480,lost,,,,
109.491,lost,,,,
109.501,lost,,,,
109.510,lost,,,,
109.520,lost,,,,
109.531,lost,,,,
109.541,lost,,,,
109.554,lost,,,,
109.564,lost,,,,
109.574,lost,,,,
109.586,lost,,,,
109.597,lost,,,,
109.607,lost,,,,
109.619,lost,,,,
109.629,lost,,,,
109.639,lost,,,,
109.650,lost,,,,
109.660,lost,,,,
109.670,lost,,,,
109.683,lost,,,,
109.694,lost,,,,
109.704,lost,,,,
109.716,lost,,,,
109.726,lost,,,,
109.737,lost,,,,
109.748,lost,,,,
109.758,lost,,,,
109.769,lost,,,,
109.779,lost,,,,
109.791,lost,,,,
109.804,lost,,,,
109.819,lost,,,,
109.830,lost,,,,
109.840,lost,,,,
109.851,lost,,,,
109.862,lost,,,,
109.871,lost,,,,
109.882,lost,,,,
109.893,lost,,,,
109.903,lost,,,,
109.914,lost,,,,
109.924,lost,,,,
109.935,lost,,,,
109.946,lost,,,,
109.955,lost,,,,
109.966,lost,,,,
109.977,lost,,,,
109.985,lost,,,,
109.996,lost,,,,
110.007,lost,,,,
110.016,lost,,,,
110.026,lost,,,,
110.037,lost,,,,
110.046,lost,,,,
110.056,lost,,,,
110.067,lost,,,,
110.076,lost,,,,
110.086,lost,,,,
110.097,lost,,,,
110.106,lost,,,,
110.114,lost,,,,
110.125,lost,,,,
110.137,lost,,,,
110.145,lost,,,,
110.155,lost,,,,
110.166,lost,,,,
110.177,lost,,,,
110.187,lost,,,,
110.196,lost,,,,
110.205,lost,,,,
110.214,lost,,,,
110.224,lost,,,,
110.234,lost,,,,
110.243,lost,,,,
110.252,lost,,,,
110.263,lost,,,,
110.274,lost,,,,
110.282,lost,,,,
110.291,lost,,,,
110.302,lost,,,,
110.312,lost,,,,
110.322,lost,,,,
110.333,lost,,,,
110.342,lost,,,,
110.350,lost,,,,
110.360,lost,,,,
110.370,lost,,,,
110.379,lost,,,,
110.389,lost,,,,
110.399,lost,,,,
110.408,lost,,,,
110.417,lost,,,,
110.428,lost,,,,
110.438,lost,,,,
110.446,lost,,,,
110.455,lost,,,,
110.465,lost,,,,
110.474,lost,,,,
110.483,lost,,,,
110.492,lost,,,,
110.501,lost,,,,
110.510,lost,,,,
110.519,lost,,,,
110.529,lost,,,,
110.539,lost,,,,
110.546,lost,,,,
110.554,lost,,,,
110.564,lost,,,,
110.574,lost,,,,
110.582,lost,,,,
110.590,lost,,,,
110.600,lost,,,,
110.608,lost,,,,
110.617,lost,,,,
110.626,lost,,,,
110.635,lost,,,,
110.644,lost,,,,
110.654,lost,,,,
110.664,lost,,,,
110.675,lost,,,,
110.685,lost,,,,
110.695,lost,,,,
110.706,lost,,,,
110.715,lost,,,,
110.724,lost,,,,
110.735,lost,,,,
110.744,lost,,,,
110.754,lost,,,,
110.762,lost,,,,
110.773,lost,,,,
110.782,lost,,,,
110.790,lost,,,,
110.801,lost,,,,
110.809,lost,,,,
110.819,lost,,,,
110.826,lost,,,,
110.838,lost,,,,
110.847,lost,,,,
110.856,lost,,,,
110.865,lost,,,,
110.874,lost,,,,
110.882,lost,,,,
110.890,lost,,,,
110.901,lost,,,,
110.909,lost,,,,
110.920,lost,,,,
110.931,lost,,,,
110.940,lost,,,,
110.949,lost,,,,
110.958,lost,,,,
110.969,lost,,,,
110.977,lost,,,,
110.987,lost,,,,
110.995,lost,,,,
111.006,lost,,,,
111.015,lost,,,,
111.024,lost,,,,
111.035,lost,,,,
111.044,lost,,,,
111.053,lost,,,,
111.063,lost,,,,
111.073,lost,,,,
111.082,lost,,,,
111.090,lost,,,,
111.101,lost,,,,
111.110,lost,,,,
111.118,lost,,,,
111.127,lost,,,,
111.139,lost,,,,
111.149,lost,,,,
111.157,lost,,,,
111.169,lost,,,,
111.179,lost,,,,
111.189,lost,,,,
111.199,lost,,,,
111.208,lost,,,,
111.217,lost,,,,
111.227,lost,,,,
111.238,lost,,,,
111.247,lost,,,,
111.256,lost,,,,
111.266,lost,,,,
111.275,lost,,,,
111.284,lost,,,,
111.294,lost,,,,
111.304,lost,,,,
111.313,lost,,,,
111.323,lost,,,,
111.334,lost,,,,
111.343,lost,,,,
111.352,lost,,,,
111.360,lost,,,,
111.372,lost,,,,
111.381,lost,,,,
111.390,lost,,,,
111.402,lost,,,,
111.412,lost,,,,
111.423,lost,,,,
111.436,lost,,,,
111.447,lost,,,,
111.456,lost,,,,
111.468,lost,,,,
111.477,lost,,,,
111.486,lost,,,,
111.495,lost,,,,
111.506,lost,,,,
111.518,lost,,,,
111.530,lost,,,,
111.543,lost,,,,
111.555,lost,,,,
111.569,lost,,,,
111.580,lost,,,,
111.593,lost,,,,
111.604,lost,,,,
111.616,lost,,,,
111.628,lost,,,,
111.638,lost,,,,
111.652,lost,,,,
111.666,lost,,,,
111.679,lost,,,,
111.692,lost,,,,
111.702,lost,,,,
111.714,lost,,,,
111.726,lost,,,,
111.736,lost,,,,
111.748,lost,,,,
111.760,lost,,,,
111.770,lost,,,,
111.780,lost,,,,
111.791,lost,,,,
111.800,lost,,,,
111.810,lost,,,,
111.821,lost,,,,
111.832,lost,,,,
111.844,lost,,,,
111.857,lost,,,,
111.868,lost,,,,
111.881,lost,,,,
111.891,lost,,,,
111.902,lost,,,,
111.912,lost,,,,
111.923,lost,,,,
111.934,lost,,,,
111.946,lost,,,,
111.957,lost,,,,
111.966,lost,,,,
111.977,lost,,,,
111.987,lost,,,,
111.998,lost,,,,
112.010,lost,,,,
112.022,lost,,,,
112.031,lost,,,,
112.041,lost,,,,
112.053,lost,,,,
112.061,lost,,,,
112.070,lost,,,,
112.082,lost,,,,
112.091,lost,,,,
112.102,lost,,,,
112.114,lost,,,,
112.124,lost,,,,
112.133,lost,,,,
112.144,lost,,,,
112.154,lost,,,,
112.163,lost,,,,
112.174,lost,,,,
112.186,lost,,,,
112.195,lost,,,,
112.207,lost,,,,
112.218,lost,,,,
112.227,lost,,,,
112.239,lost,,,,
112.251,lost,,,,
112.260,lost,,,,
112.268,lost,,,,
112.277,lost,,,,
112.289,lost,,,,
112.301,lost,,,,
112.313,lost,,,,
112.325,lost,,,,
112.334,lost,,,,
112.344,lost,,,,
112.353,lost,,,,
112.364,lost,,,,
112.378,lost,,,,
112.390,lost,,,,
112.399,lost,,,,
112.408,lost,,,,
112.420,lost,,,,
112.430,lost,,,,
112.442,lost,,,,
112.453,lost,,,,
112.462,lost,,,,
112.471,lost,,,,
112.482,lost,,,,
112.492,lost,,,,
112.503,lost,,,,
112.513,lost,,,,
112.522,lost,,,,
112.534,lost,,,,
112.547,lost,,,,
112.558,lost,,,,
112.571,lost,,,,
112.584,lost,,,,
112.593,lost,,,,
112.604,lost,,,,
112.614,lost,,,,
112.624,lost,,,,
112.637,lost,,,,
112.651,lost,,,,
112.662,lost,,,,
112.673,lost,,,,
112.687,lost,,,,
112.698,lost,,,,
112.708,lost,,,,
112.719,lost,,,,
112.728,lost,,,,
112.737,lost,,,,
112.747,lost,,,,
112.757,lost,,,,
112.766,lost,,,,
112.776,lost,,,,
112.788,lost,,,,
112.798,lost,,,,
112.810,lost,,,,
112.823,lost,,,,
112.833,lost,,,,
112.842,lost,,,,
112.853,lost,,,,
112.861,lost,,,,
112.870,lost,,,,
112.881,lost,,,,
112.891,lost,,,,
112.902,lost,,,,
112.914,lost,,,,
112.924,lost,,,,
112.935,lost,,,,
112.945,lost,,,,
112.955,lost,,,,
112.963,lost,,,,
112.973,lost,,,,
112.986,lost,,,,
112.995,lost,,,,
113.005,lost,,,,
113.017,lost,,,,
113.028,lost,,,,
113.040,lost,,,,
113.053,lost,,,,
113.066,lost,,,,
113.078,lost,,,,
113.087,lost,,,,
113.096,lost,,,,
113.106,lost,,,,
113.118,lost,,,,
113.130,lost,,,,
113.141,lost,,,,
113.154,lost,,,,
113.166,lost,,,,
113.178,lost,,,,
113.192,lost,,,,
113.205,lost,,,,
113.219,lost,,,,
113.228,lost,,,,
113.238,lost,,,,
113.249,lost,,,,
113.261,lost,,,,
113.273,lost,,,,
113.286,lost,,,,
113.297,lost,,,,
113.308,lost,,,,
113.323,lost,,,,
113.333,lost,,,,
113.345,lost,,,,
113.357,lost,,,,
113.369,lost,,,,
113.381,lost,,,,
113.394,lost,,,,
113.406,lost,,,,
113.418,lost,,,,
113.431,lost,,,,
113.445,lost,,,,
113.457,lost,,,,
113.470,lost,,,,
113.482,lost,,,,
113.494,lost,,,,
113.506,target,-1.525,1.665,2.604,1
113.516,target,-1.525,1.665,2.604,1
113.528,target,-1.525,1.665,2.604,1
113.540,target,-1.525,1.665,2.604,1
113.551,target,-1.525,1.665,2.604,1
113.563,target,-1.525,1.665,2.604,1
113.575,target,-1.525,1.665,2.604,1
113.585,target,-1.525,1.665,2.604,1
113.597,target,-1.525,1.665,2.604,1
113.609,target,-1.525,1.665,2.604,1
113.619,target,-1.525,1.665,2.604,1
113.628,target,-1.525,1.665,2.604,1
113.639,target,-1.525,1.665,2.604,1
113.648,target,-1.525,1.665,2.604,1
113.658,target,-1.525,1.665,2.604,1
113.670,target,-1.525,1.665,2.604,1
113.683,target,-1.525,1.665,2.604,1
113.695,target,-1.525,1.665,2.604,1
113.707,target,-1.525,1.665,2.604,1
113.716,target,-1.525,1.665,2.604,1
113.726,target,-1.525,1.665,2.604,1
113.737,target,-1.525,1.665,2.604,1
113.747,target,-1.525,1.665,2.604,1
113.757,target,-1.525,1.665,2.604,1
113.768,target,-1.525,1.665,2.604,1
113.777,target,-1.525,1.665,2.604,1
113.786,target,-1.525,1.665,2.604,1
113.795,target,-1.525,1.665,2.604,1
113.805,target,-1.525,1.665,2.604,1
113.813,target,-1.525,1.665,2.604,1
113.822,target,-1.525,1.665,2.604,1
113.832,target,-1.525,1.665,2.604,1
113.841,target,-1.525,1.665,2.604,1
113.849,target,-1.525,1.665,2.604,1
113.859,target,-1.525,1.665,2.604,1
113.868,target,-1.525,1.665,2.604,1
113.877,target,-1.525,1.665,2.604,1
113.887,target,-1.525,1.665,2.604,1
113.896,target,-1.525,1.665,2.604,1
113.906,target,-1.525,1.665,2.604,1
113.914,target,-1.525,1.665,2.604,1
113.924,target,-1.525,1.665,2.604,1
113.934,target,-1.525,1.665,2.604,1
113.943,target,-1.525,1.665,2.604,1
113.952,target,-1.525,1.665,2.604,1
113.962,target,-1.525,1.665,2.604,1
113.973,target,-1.525,1.665,2.604,1
113.981,target,-1.525,1.665,2.604,1
113.992,target,-1.525,1.665,2.604,1
114.002,target,-1.525,1.665,2.604,1
114.011,target,-1.525,1.665,2.604,1
114.020,target,-1.525,1.665,2.604,1
114.031,target,-1.525,1.665,2.604,1
114.040,lost,,,,
114.048,lost,,,,
114.057,lost,,,,
114.067,lost,,,,
114.075,lost,,,,
114.084,lost,,,,
114.093,lost,,,,
114.104,lost,,,,
114.113,lost,,,,
114.123,lost,,,,
114.133,lost,,,,
114.143,lost,,,,
114.151,lost,,,,
114.161,lost,,,,
114.171,lost,,,,
114.181,lost,,,,
114.192,lost,,,,
114.202,lost,,,,
114.210,lost,,,,
114.219,lost,,,,
114.228,lost,,,,
114.239,lost,,,,
114.247,lost,,,,
114.256,lost,,,,
114.265,lost,,,,
114.274,lost,,,,
114.282,lost,,,,
114.291,lost,,,,
114.301,lost,,,,
114.308,lost,,,,
114.316,lost,,,,
114.325,lost,,,,
114.334,lost,,,,
114.343,lost,,,,
114.350,lost,,,,
114.359,lost,,,,
114.368,lost,,,,
114.376,lost,,,,
114.384,lost,,,,
114.393,lost,,,,
114.402,lost,,,,
114.410,lost,,,,
114.419,lost,,,,
114.429,lost,,,,
114.439,lost,,,,
114.448,lost,,,,
114.456,lost,,,,
114.465,lost,,,,
114.474,lost,,,,
114.484,lost,,,,
114.493,lost,,,,
114.504,lost,,,,
114.512,lost,,,,
114.521,lost,,,,
114.530,lost,,,,
114.539,lost,,,,
114.548,lost,,,,
114.556,lost,,,,
114.566,lost,,,,
114.575,lost,,,,
114.584,lost,,,,
114.593,lost,,,,
114.603,lost,,,,
114.611,lost,,,,
114.620,lost,,,,
114.630,lost,,,,
114.637,lost,,,,
114.644,lost,,,,
114.653,lost,,,,
114.662,lost,,,,
114.671,lost,,,,
114.680,lost,,,,
114.689,lost,,,,
114.699,lost,,,,
114.708,lost,,,,
114.717,lost,,,,
114.725,lost,,,,
114.736,lost,,,,
114.744,lost,,,,
114.753,lost,,,,
114.763,lost,,,,
114.772,lost,,,,
114.781,lost,,,,
114.790,lost,,,,
114.801,lost,,,,
114.809,lost,,,,
114.818,lost,,,,
114.825,lost,,,,
114.837,lost,,,,
114.845,lost,,,,
114.854,lost,,,,
114.864,lost,,,,
114.875,lost,,,,
114.883,lost,,,,
114.890,lost,,,,
114.901,lost,,,,
114.909,lost,,,,
114.919,lost,,,,
114.929,lost,,,,
114.940,lost,,,,
114.949,lost,,,,
114.958,lost,,,,
114.970,lost,,,,
114.978,lost,,,,
114.988,lost,,,,
114.998,lost,,,,
115.008,lost,,,,
115.016,lost,,,,
115.023,lost,,,,
115.031,lost,,,,
115.040,lost,,,,
115.052,lost,,,,
115.061,lost,,,,
115.071,lost,,,,
115.080,lost,,,,
115.089,lost,,,,
115.099,lost,,,,
115.107,lost,,,,
115.117,lost,,,,
115.124,lost,,,,
115.135,lost,,,,
115.144,lost,,,,
115.153,lost,,,,
115.161,lost,,,,
115.172,lost,,,,
115.182,lost,,,,
115.192,lost,,,,
115.203,lost,,,,
115.211,lost,,,,
115.219,lost,,,,
115.228,lost,,,,
115.238,lost,,,,
115.248,lost,,,,
115.257,lost,,,,
115.268,lost,,,,
115.276,lost,,,,
115.284,lost,,,,
115.293,lost,,,,
115.304,lost,,,,
115.313,lost,,,,
115.322,lost,,,,
115.334,lost,,,,
115.342,lost,,,,
115.351,lost,,,,
115.359,lost,,,,
115.370,lost,,,,
115.379,lost,,,,
115.389,lost,,,,
115.399,lost,,,,
115.408,lost,,,,
115.417,lost,,,,
115.425,lost,,,,
115.437,lost,,,,
115.447,lost,,,,
115.457,lost,,,,
115.469,lost,,,,
115.479,lost,,,,
115.488,lost,,,,
115.499,lost,,,,
115.508,lost,,,,
115.518,lost,,,,
115.529,lost,,,,
115.538,lost,,,,
115.546,lost,,,,
115.554,lost,,,,
115.562,lost,,,,
115.572,lost,,,,
115.581,lost,,,,
115.591,lost,,,,
115.601,lost,,,,
115.611,lost,,,,
115.621,lost,,,,
115.631,lost,,,,
115.639,lost,,,,
115.648,lost,,,,
115.657,lost,,,,
115.667,lost,,,,
115.676,lost,,,,
115.685,lost,,,,
115.697,lost,,,,
115.707,lost,,,,
115.716,lost,,,,
115.724,lost,,,,
115.734,lost,,,,
115.743,lost,,,,
115.756,lost,,,,
115.770,lost,,,,
115.778,lost,,,,
115.788,lost,,,,
115.797,lost,,,,
115.807,lost,,,,
115.815,lost,,,,
115.824,lost,,,,
115.834,lost,,,,
115.843,lost,,,,
115.852,lost,,,,
115.861,lost,,,,
115.871,lost,,,,
115.879,lost,,,,
115.888,lost,,,,
115.899,lost,,,,
115.908,lost,,,,
115.918,lost,,,,
115.928,lost,,,,
115.937,lost,,,,
115.947,lost,,,,
115.955,lost,,,,
115.967,lost,,,,
115.976,lost,,,,
115.985,lost,,,,
115.995,lost,,,,
116.004,lost,,,,
116.011,lost,,,,
116.019,lost,,,,
116.029,lost,,,,
116.038,lost,,,,
116.046,lost,,,,
116.055,lost,,,,
116.065,lost,,,,
116.074,lost,,,,
116.083,lost,,,,
116.092,lost,,,,
116.101,lost,,,,
116.109,lost,,,,
116.117,lost,,,,
116.126,lost,,,,
116.137,lost,,,,
116.146,lost,,,,
116.156,lost,,,,
116.166,lost,,,,
116.174,lost,,,,
116.184,lost,,,,
116.194,lost,,,,
116.203,lost,,,,
116.212,lost,,,,
116.221,lost,,,,
116.231,lost,,,,
116.239,lost,,,,
116.248,lost,,,,
116.257,lost,,,,
116.268,lost,,,,
116.277,lost,,,,
116.286,lost,,,,
116.295,lost,,,,
116.304,lost,,,,
116.312,lost,,,,
116.322,lost,,,,
116.331,lost,,,,
116.339,lost,,,,
116.350,lost,,,,
116.359,lost,,,,
116.367,lost,,,,
116.375,lost,,,,
116.385,lost,,,,
116.394,lost,,,,
116.403,lost,,,,
116.411,lost,,,,
116.420,lost,,,,
116.430,lost,,,,
116.440,lost,,,,
116.451,lost,,,,
116.460,lost,,,,
116.469,lost,,,,
116.479,lost,,,,
116.489,lost,,,,
116.497,lost,,,,
116.506,lost,,,,
116.517,lost,,,,
116.525,lost,,,,
116.534,lost,,,,
116.543,lost,,,,
116.554,lost,,,,
116.562,lost,,,,
116.570,lost,,,,
116.581,lost,,,,
116.591,lost,,,,
116.600,lost,,,,
116.608,lost,,,,
116.620,lost,,,,
116.629,lost,,,,
116.638,lost,,,,
116.647,lost,,,,
116.657,lost,,,,
116.666,lost,,,,
116.676,lost,,,,
116.687,lost,,,,
116.698,lost,,,,
116.709,lost,,,,
116.720,lost,,,,
116.729,lost,,,,
116.739,lost,,,,
116.750,lost,,,,
116.759,lost,,,,
116.769,lost,,,,
116.780,lost,,,,
116.790,lost,,,,
116.799,lost,,,,
116.809,lost,,,,
116.820,lost,,,,
116.828,lost,,,,
116.838,lost,,,,
116.848,lost,,,,
116.857,lost,,,,
116.866,lost,,,,
116.877,lost,,,,
116.887,lost,,,,
116.896,lost,,,,
116.905,lost,,,,
116.916,lost,,,,
116.925,lost,,,,
116.934,lost,,,,
116.946,lost,,,,
116.955,lost,,,,
116.964,lost,,,,
116.975,lost,,,,
116.985,lost,,,,
116.994,lost,,,,
117.004,lost,,,,
117.013,lost,,,,
117.021,lost,,,,
117.030,lost,,,,
117.040,lost,,,,
117.052,lost,,,,
117.060,lost,,,,
117.068,lost,,,,
117.078,lost,,,,
117.088,lost,,,,
117.097,lost,,,,
117.107,lost,,,,
117.119,lost,,,,
117.128,lost,,,,
117.139,lost,,,,
117.150,lost,,,,
117.158,lost,,,,
117.167,lost,,,,
117.176,lost,,,,
117.187,lost,,,,
117.197,lost,,,,
117.207,lost,,,,
117.219,lost,,,,
117.227,lost,,,,
117.237,lost,,,,
117.246,lost,,,,
117.256,lost,,,,
117.263,lost,,,,
117.273,lost,,,,
117.283,lost,,,,
117.292,lost,,,,
117.301,lost,,,,
117.311,lost,,,,
117.320,lost,,,,
117.329,lost,,,,
117.338,lost,,,,
117.349,lost,,,,
117.358,lost,,,,
117.372,lost,,,,
117.386,lost,,,,
117.395,lost,,,,
117.406,lost,,,,
117.417,lost,,,,
117.426,lost,,,,
117.436,lost,,,,
117.449,lost,,,,
117.459,lost,,,,
117.471,lost,,,,
117.483,lost,,,,
117.492,lost,,,,
117.502,lost,,,,
117.513,lost,,,,
117.522,lost,,,,
117.533,lost,,,,
117.544,lost,,,,
117.556,lost,,,,
117.565,lost,,,,
117.574,lost,,,,
117.586,lost,,,,
117.596,lost,,,,
117.606,lost,,,,
117.618,lost,,,,
117.627,lost,,,,
117.637,lost,,,,
117.648,lost,,,,
117.658,lost,,,,
117.668,lost,,,,
117.678,lost,,,,
117.688,lost,,,,
117.699,lost,,,,
117.710,lost,,,,
117.720,lost,,,,
117.729,lost,,,,
117.739,lost,,,,
117.751,lost,,,,
117.762,lost,,,,
117.773,lost,,,,
117.786,lost,,,,
117.799,lost,,,,
117.807,lost,,,,
117.816,lost,,,,
117.825,lost,,,,
117.834,lost,,,,
117.843,lost,,,,
117.855,lost,,,,
117.866,lost,,,,
117.875,lost,,,,
117.885,lost,,,,
117.894,lost,,,,
117.906,lost,,,,
117.917,lost,,,,
117.926,lost,,,,
117.935,lost,,,,
117.944,lost,,,,
117.956,lost,,,,
117.967,lost,,,,
117.977,lost,,,,
117.985,lost,,,,
117.996,lost,,,,
118.005,lost,,,,
118.014,lost,,,,
118.024,lost,,,,
118.035,lost,,,,
118.048,lost,,,,
118.060,lost,,,,
118.072,lost,,,,
118.087,lost,,,,
118.096,lost,,,,
118.107,lost,,,,
118.117,lost,,,,
118.126,lost,,,,
118.136,lost,,,,
118.149,lost,,,,
118.160,lost,,,,
118.171,lost,,,,
118.185,lost,,,,
118.194,lost,,,,
118.204,lost,,,,
118.215,lost,,,,
118.224,lost,,,,
118.234,lost,,,,
118.242,lost,,,,
118.252,lost,,,,
118.262,lost,,,,
118.272,lost,,,,
118.284,lost,,,,
118.296,lost,,,,
118.308,lost,,,,
118.318,lost,,,,
118.327,lost,,,,
118.337,lost,,,,
118.348,lost,,,,
118.357,lost,,,,
118.367,lost,,,,
118.377,lost,,,,
118.386,lost,,,,
118.396,lost,,,,
118.406,lost,,,,
118.415,lost,,,,
118.424,lost,,,,
118.434,lost,,,,
118.445,lost,,,,
118.455,lost,,,,
118.463,lost,,,,
118.472,lost,,,,
118.482,lost,,,,
118.492,lost,,,,
118.502,lost,,,,
118.511,lost,,,,
118.523,lost,,,,
118.535,lost,,,,
118.543,lost,,,,
118.553,lost,,,,
118.561,lost,,,,
118.571,lost,,,,
118.582,lost,,,,
118.592,lost,,,,
118.601,lost,,,,
118.610,lost,,,,
118.621,lost,,,,
118.631,lost,,,,
118.640,lost,,,,
118.648,lost,,,,
118.658,lost,,,,
118.670,lost,,,,
118.680,lost,,,,
118.689,lost,,,,
118.698,lost,,,,
118.711,lost,,,,
118.719,lost,,,,
118.731,lost,,,,
118.744,lost,,,,
118.757,lost,,,,
118.770,lost,,,,
118.781,lost,,,,
118.791,lost,,,,
118.801,lost,,,,
118.809,lost,,,,
118.819,lost,,,,
118.829,lost,,,,
118.838,lost,,,,
118.847,lost,,,,
118.856,lost,,,,
118.866,lost,,,,
118.876,lost,,,,
118.887,lost,,,,
118.899,lost,,,,
118.912,lost,,,,
118.925,lost,,,,
118.939,lost,,,,
118.949,lost,,,,
118.958,lost,,,,
118.966,lost,,,,
118.975,lost,,,,
118.987,lost,,,,
118.996,lost,,,,
119.006,lost,,,,
119.015,lost,,,,
119.025,lost,,,,
119.038,lost,,,,
119.047,lost,,,,
119.057,lost,,,,
119.066,lost,,,,
119.075,lost,,,,
119.085,lost,,,,
119.097,lost,,,,
119.105,lost,,,,
119.115,lost,,,,
119.123,lost,,,,
119.134,lost,,,,
119.146,lost,,,,
119.156,lost,,,,
119.165,lost,,,,
119.175,lost,,,,
119.185,lost,,,,
119.197,lost,,,,
119.208,lost,,,,
119.217,lost,,,,
119.225,lost,,,,
119.234,lost,,,,
119.244,lost,,,,
119.254,lost,,,,
119.265,lost,,,,
119.274,lost,,,,
119.283,lost,,,,
119.292,lost,,,,
119.301,lost,,,,
119.311,lost,,,,
119.321,lost,,,,
119.330,lost,,,,
119.340,lost,,,,
119.349,lost,,,,
119.358,lost,,,,
119.370,lost,,,,
119.379,lost,,,,
119.389,lost,,,,
119.398,lost,,,,
119.408,lost,,,,
119.418,lost,,,,
119.430,lost,,,,
119.441,lost,,,,
119.449,lost,,,,
119.458,lost,,,,
119.467,lost,,,,
119.477,lost,,,,
119.487,lost,,,,
119.497,lost,,,,
119.506,lost,,,,
119.516,lost,,,,
119.527,lost,,,,
119.537,lost,,,,
119.547,lost,,,,
119.556,lost,,,,
119.566,lost,,,,
119.575,lost,,,,
119.585,lost,,,,
119.596,lost,,,,
119.606,lost,,,,
119.615,lost,,,,
119.625,lost,,,,
119.634,lost,,,,
119.644,lost,,,,
119.655,lost,,,,
119.664,lost,,,,
119.673,lost,,,,
119.681,lost,,,,
119.691,lost,,,,
119.700,lost,,,,
119.709,lost,,,,
119.720,lost,,,,
119.730,lost,,,,
119.740,lost,,,,
119.750,lost,,,,
119.759,lost,,,,
119.770,lost,,,,
119.779,lost,,,,
119.788,lost,,,,
119.798,lost,,,,
119.809,lost,,,,
119.822,lost,,,,
119.830,lost,,,,
119.840,lost,,,,
119.850,lost,,,,
119.862,lost,,,,
119.872,lost,,,,
119.884,lost,,,,
119.895,lost,,,,
119.907,lost,,,,
119.918,lost,,,,
119.929,lost,,,,
119.942,lost,,,,
119.955,lost,,,,
119.966,lost,,,,
119.976,lost,,,,
119.985,lost,,,,
119.997,lost,,,,
120.010,lost,,,,
120.019,lost,,,,
120.029,lost,,,,
120.039,lost,,,,
120.050,lost,,,,
120.060,lost,,,,
120.070,lost,,,,
120.079,lost,,,,
120.089,lost,,,,
120.099,lost,,,,
120.109,lost,,,,
120.118,lost,,,,
120.127,lost,,,,
120.137,lost,,,,
120.145,lost,,,,
120.154,lost,,,,
120.164,lost,,,,
120.175,lost,,,,
120.186,lost,,,,
120.196,lost,,,,
120.205,lost,,,,
120.216,lost,,,,
120.227,lost,,,,
120.241,lost,,,,
120.253,lost,,,,
120.266,lost,,,,
120.279,lost,,,,
120.291,lost,,,,
120.302,lost,,,,
120.311,lost,,,,
120.321,lost,,,,
120.331,lost,,,,
120.342,lost,,,,
120.351,lost,,,,
120.360,lost,,,,
120.369,lost,,,,
120.378,lost,,,,
120.388,lost,,,,
120.400,lost,,,,
120.409,lost,,,,
120.422,lost,,,,
120.433,lost,,,,
120.445,lost,,,,
120.457,lost,,,,
120.467,lost,,,,
120.476,lost,,,,
120.484,lost,,,,
120.494,lost,,,,
120.505,lost,,,,
120.514,lost,,,,
120.523,lost,,,,
120.533,lost,,,,
120.542,lost,,,,
120.551,lost,,,,
120.561,lost,,,,
120.572,lost,,,,
120.584,lost,,,,
120.593,lost,,,,
120.604,lost,,,,
120.617,lost,,,,
120.626,lost,,,,
120.636,lost,,,,
120.646,lost,,,,
120.657,lost,,,,
120.668,lost,,,,
120.677,lost,,,,
120.685,lost,,,,
120.695,lost,,,,
120.703,lost,,,,
120.715,lost,,,,
120.725,lost,,,,
120.735,lost,,,,
120.746,lost,,,,
120.757,lost,,,,
120.771,lost,,,,
120.781,lost,,,,
120.790,lost,,,,
120.800,lost,,,,
120.809,lost,,,,
120.817,lost,,,,
120.830,lost,,,,
120.841,lost,,,,
120.851,lost,,,,
120.860,lost,,,,
120.871,lost,,,,
120.883,lost,,,,
120.892,lost,,,,
120.900,lost,,,,
120.909,lost,,,,
120.917,lost,,,,
120.927,lost,,,,
120.938,lost,,,,
120.946,lost,,,,
120.956,lost,,,,
120.966,lost,,,,
120.975,lost,,,,
120.987,lost,,,,
120.997,lost,,,,
121.006,lost,,,,
121.015,lost,,,,
121.024,lost,,,,
121.034,lost,,,,
121.043,lost,,,,
121.054,lost,,,,
121.063,lost,,,,
121.071,lost,,,,
121.081,lost,,,,
121.091,lost,,,,
121.102,lost,,,,
121.110,lost,,,,
121.119,lost,,,,
121.127,lost,,,,
121.136,lost,,,,
121.146,lost,,,,
121.157,lost,,,,
121.166,lost,,,,
121.175,lost,,,,
121.184,lost,,,,
121.193,lost,,,,
121.205,lost,,,,
121.214,lost,,,,
121.223,lost,,,,
121.233,lost,,,,
121.244,lost,,,,
121.255,lost,,,,
121.262,lost,,,,
121.271,lost,,,,
121.279,lost,,,,
121.288,lost,,,,
121.300,lost,,,,
121.309,lost,,,,
121.318,lost,,,,
121.327,lost,,,,
121.336,lost,,,,
121.348,lost,,,,
121.360,lost,,,,
121.369,lost,,,,
121.378,lost,,,,
121.387,lost,,,,
121.396,lost,,,,
121.406,lost,,,,
121.418,lost,,,,
121.427,lost,,,,
121.437,lost,,,,
121.445,lost,,,,
121.453,lost,,,,
121.463,lost,,,,
121.473,lost,,,,
121.482,lost,,,,
121.490,lost,,,,
121.499,lost,,,,
121.508,lost,,,,
121.521,lost,,,,
121.531,lost,,,,
121.541,lost,,,,
121.549,lost,,,,
121.558,lost,,,,
121.569,lost,,,,
121.579,lost,,,,
121.588,lost,,,,
121.596,lost,,,,
121.605,lost,,,,
121.614,lost,,,,
121.621,lost,,,,
121.630,lost,,,,
121.640,lost,,,,
121.650,lost,,,,
121.663,lost,,,,
121.673,lost,,,,
121.685,lost,,,,
121.696,lost,,,,
121.706,lost,,,,
121.715,lost,,,,
121.724,lost,,,,
121.734,lost,,,,
121.744,lost,,,,
121.753,lost,,,,
121.762,lost,,,,
121.773,lost,,,,
121.783,lost,,,,
121.794,lost,,,,
121.802,lost,,,,
121.811,lost,,,,
121.820,lost,,,,
121.830,lost,,,,
121.839,lost,,,,
121.851,lost,,,,
121.859,lost,,,,
121.868,lost,,,,
121.877,lost,,,,
121.886,lost,,,,
121.897,lost,,,,
121.906,lost,,,,
121.915,lost,,,,
121.924,lost,,,,
121.933,lost,,,,
121.941,lost,,,,
121.951,lost,,,,
121.960,lost,,,,
121.970,lost,,,,
121.978,lost,,,,
121.988,lost,,,,
121.997,lost,,,,
122.006,lost,,,,
122.015,lost,,,,
122.024,lost,,,,
122.033,lost,,,,
122.044,lost,,,,
122.055,lost,,,,
122.065,lost,,,,
122.075,lost,,,,
122.083,lost,,,,
122.092,lost,,,,
122.104,lost,,,,
122.114,lost,,,,
122.123,lost,,,,
122.132,lost,,,,
122.141,lost,,,,
122.151,lost,,,,
122.161,lost,,,,
122.172,lost,,,,
122.180,lost,,,,
122.189,lost,,,,
122.198,lost,,,,
122.207,lost,,,,
122.217,lost,,,,
122.226,lost,,,,
122.235,lost,,,,
122.244,lost,,,,
122.253,lost,,,,
122.264,lost,,,,
122.275,lost,,,,
122.284,lost,,,,
122.293,lost,,,,
122.301,lost,,,,
122.311,lost,,,,
122.322,lost,,,,
122.330,lost,,,,
122.339,lost,,,,
122.347,lost,,,,
122.356,lost,,,,
122.368,lost,,,,
122.377,lost,,,,
122.387,lost,,,,
122.395,lost,,,,
122.404,lost,,,,
122.413,lost,,,,
122.422,lost,,,,
122.434,lost,,,,
122.443,lost,,,,
122.454,lost,,,,
122.462,lost,,,,
122.472,lost,,,,
122.483,lost,,,,
122.492,lost,,,,
122.502,lost,,,,
122.510,lost,,,,
122.519,lost,,,,
122.529,lost,,,,
122.541,lost,,,,
122.551,lost,,,,
122.560,lost,,,,
122.569,lost,,,,
122.578,lost,,,,
122.586,lost,,,,
122.595,lost,,,,
122.606,lost,,,,
122.616,lost,,,,
122.624,lost,,,,
122.633,lost,,,,
122.643,lost,,,,
122.654,lost,,,,
122.662,lost,,,,
122.670,lost,,,,
122.678,lost,,,,
122.688,lost,,,,
122.699,lost,,,,
122.711,lost,,,,
122.720,lost,,,,
122.728,lost,,,,
122.736,lost,,,,
122.746,lost,,,,
122.757,lost,,,,
122.766,lost,,,,
122.776,lost,,,,
122.785,lost,,,,
122.794,lost,,,,
122.803,lost,,,,
122.813,lost,,,,
122.823,lost,,,,
122.831,lost,,,,
122.840,lost,,,,
122.848,lost,,,,
122.859,lost,,,,
122.872,lost,,,,
122.881,lost,,,,
122.890,lost,,,,
122.900,lost,,,,
122.910,lost,,,,
122.921,lost,,,,
122.931,lost,,,,
122.941,lost,,,,
122.951,lost,,,,
122.959,lost,,,,
122.971,lost,,,,
122.982,lost,,,,
122.991,lost,,,,
123.000,lost,,,,
123.009,lost,,,,
123.019,lost,,,,
123.030,lost,,,,
123.040,lost,,,,
123.050,lost,,,,
123.058,lost,,,,
123.067,lost,,,,
123.076,lost,,,,
123.089,lost,,,,
123.100,lost,,,,
123.110,lost,,,,
123.119,lost,,,,
123.127,lost,,,,
123.138,lost,,,,
123.149,lost,,,,
123.158,lost,,,,
123.167,lost,,,,
123.175,lost,,,,
123.185,lost,,,,
123.195,lost,,,,
123.207,lost,,,,
123.217,lost,,,,
123.226,lost,,,,
123.236,lost,,,,
123.244,lost,,,,
123.255,lost,,,,
123.267,lost,,,,
123.276,lost,,,,
123.286,lost,,,,
123.296,lost,,,,
123.306,lost,,,,
123.317,lost,,,,
123.328,lost,,,,
123.338,lost,,,,
123.346,lost,,,,
123.356,lost,,,,
123.366,lost,,,,
123.375,lost,,,,
123.385,lost,,,,
123.394,lost,,,,
123.404,lost,,,,
123.413,lost,,,,
123.423,lost,,,,
123.434,lost,,,,
123.444,lost,,,,
123.453,lost,,,,
123.462,lost,,,,
123.473,lost,,,,
123.483,lost,,,,
123.492,lost,,,,
123.501,lost,,,,
123.511,lost,,,,
123.521,lost,,,,
123.530,lost,,,,
123.541,lost,,,,
123.551,lost,,,,
123.559,lost,,,,
123.569,lost,,,,
123.578,lost,,,,
123.588,lost,,,,
123.599,lost,,,,
123.607,lost,,,,
123.617,lost,,,,
123.625,lost,,,,
123.633,lost,,,,
123.643,lost,,,,
123.656,lost,,,,
123.665,lost,,,,
123.674,lost,,,,
123.683,lost,,,,
123.691,lost,,,,
123.701,lost,,,,
123.711,lost,,,,
123.722,lost,,,,
123.732,lost,,,,
123.742,lost,,,,
123.751,lost,,,,
123.761,lost,,,,
123.771,lost,,,,
123.780,lost,,,,
123.790,lost,,,,
123.800,lost,,,,
123.808,lost,,,,
123.820,lost,,,,
123.829,lost,,,,
123.839,lost,,,,
123.847,lost,,,,
123.855,lost,,,,
123.865,lost,,,,
123.877,lost,,,,
123.888,lost,,,,
123.898,lost,,,,
123.908,lost,,,,
123.918,lost,,,,
123.926,lost,,,,
123.939,lost,,,,
123.949,lost,,,,
123.958,lost,,,,
123.968,lost,,,,
123.978,lost,,,,
123.988,lost,,,,
124.000,lost,,,,
124.010,lost,,,,
124.020,lost,,,,
124.029,lost,,,,
124.040,lost,,,,
124.051,lost,,,,
124.060,lost,,,,
124.070,lost,,,,
124.080,lost,,,,
124.090,lost,,,,
124.100,lost,,,,
124.111,lost,,,,
124.122,lost,,,,
124.132,lost,,,,
124.142,lost,,,,
124.151,lost,,,,
124.162,lost,,,,
124.173,lost,,,,
124.186,lost,,,,
124.196,lost,,,,
124.205,lost,,,,
124.214,lost,,,,
124.224,lost,,,,
124.236,lost,,,,
124.245,lost,,,,
124.255,lost,,,,
124.264,lost,,,,
124.274,lost,,,,
124.283,lost,,,,
124.293,lost,,,,
124.305,lost,,,,
124.316,lost,,,,
124.326,lost,,,,
124.335,lost,,,,
124.345,lost,,,,
124.355,lost,,,,
124.369,lost,,,,
124.378,lost,,,,
124.388,lost,,,,
124.397,lost,,,,
124.407,lost,,,,
124.419,lost,,,,
124.429,lost,,,,
124.440,lost,,,,
124.448,lost,,,,
124.458,lost,,,,
124.469,lost,,,,
124.478,lost,,,,
124.489,lost,,,,
124.499,lost,,,,
124.509,lost,,,,
124.519,lost,,,,
124.530,lost,,,,
124.540,lost,,,,
124.551,lost,,,,
124.560,lost,,,,
124.570,lost,,,,
124.580,lost,,,,
124.590,lost,,,,
124.602,lost,,,,
124.612,lost,,,,
124.624,lost,,,,
124.634,lost,,,,
124.644,lost,,,,
124.655,lost,,,,
124.665,lost,,,,
124.675,lost,,,,
124.685,lost,,,,
124.695,lost,,,,
124.706,lost,,,,
124.718,lost,,,,
124.727,lost,,,,
124.735,lost,,,,
124.743,lost,,,,
124.753,lost,,,,
124.763,lost,,,,
124.774,lost,,,,
124.786,lost,,,,
124.795,lost,,,,
124.806,lost,,,,
124.816,lost,,,,
124.825,lost,,,,
124.834,lost,,,,
124.844,lost,,,,
124.856,lost,,,,
124.868,lost,,,,
124.877,lost,,,,
124.886,lost,,,,
124.897,lost,,,,
124.907,lost,,,,
124.917,lost,,,,
124.926,lost,,,,
124.936,lost,,,,
124.945,lost,,,,
124.956,lost,,,,
124.968,lost,,,,
124.977,lost,,,,
124.989,lost,,,,
124.998,lost,,,,
125.008,lost,,,,
125.021,lost,,,,
125.030,lost,,,,
125.040,lost,,,,
125.050,lost,,,,
125.059,lost,,,,
125.070,lost,,,,
125.080,lost,,,,
125.091,lost,,,,
125.101,lost,,,,
125.110,lost,,,,
125.119,lost,,,,
125.130,lost,,,,
125.141,lost,,,,
125.151,lost,,,,
125.160,lost,,,,
125.170,lost,,,,
125.179,lost,,,,
125.190,lost,,,,
125.202,lost,,,,
125.211,lost,,,,
125.221,lost,,,,
125.230,lost,,,,
125.239,lost,,,,
125.250,lost,,,,
125.259,lost,,,,
125.269,lost,,,,
125.278,lost,,,,
125.288,lost,,,,
125.298,lost,,,,
125.309,lost,,,,
125.321,lost,,,,
125.331,lost,,,,
125.341,lost,,,,
125.351,lost,,,,
125.361,lost,,,,
125.372,lost,,,,
125.384,lost,,,,
125.395,lost,,,,
125.405,lost,,,,
125.414,lost,,,,
125.423,lost,,,,
125.431,lost,,,,
125.440,lost,,,,
125.452,lost,,,,
125.463,lost,,,,
125.473,lost,,,,
125.482,lost,,,,
125.491,lost,,,,
125.501,lost,,,,
125.510,lost,,,,
125.521,lost,,,,
125.531,lost,,,,
125.542,lost,,,,
125.553,lost,,,,
125.561,lost,,,,
125.571,lost,,,,
125.579,lost,,,,
125.589,lost,,,,
125.602,lost,,,,
125.611,lost,,,,
125.620,lost,,,,
125.628,lost,,,,
125.636,lost,,,,
125.646,lost,,,,
125.658,lost,,,,
125.669,lost,,,,
125.678,lost,,,,
125.688,lost,,,,
125.696,lost,,,,
125.706,lost,,,,
125.718,lost,,,,
125.728,lost,,,,
125.737,lost,,,,
125.745,lost,,,,
125.754,lost,,,,
125.765,lost,,,,
125.775,lost,,,,
125.784,lost,,,,
125.792,lost,,,,
125.801,lost,,,,
125.810,lost,,,,
125.819,lost,,,,
125.829,lost,,,,
125.839,lost,,,,
125.848,lost,,,,
125.856,lost,,,,
125.866,lost,,,,
125.874,lost,,,,
125.885,lost,,,,
125.894,lost,,,,
125.905,lost,,,,
125.913,lost,,,,
125.925,lost,,,,
125.938,lost,,,,
125.947,lost,,,,
125.955,lost,,,,
125.964,lost,,,,
125.974,lost,,,,
125.983,lost,,,,
125.991,lost,,,,
126.001,lost,,,,
126.012,lost,,,,
126.022,lost,,,,
126.032,lost,,,,
126.041,lost,,,,
126.051,lost,,,,
126.061,lost,,,,
126.071,lost,,,,
126.079,lost,,,,
126.089,lost,,,,
126.100,lost,,,,
126.112,lost,,,,
126.121,lost,,,,
126.130,lost,,,,
126.138,lost,,,,
126.150,lost,,,,
126.159,lost,,,,
126.169,lost,,,,
126.178,lost,,,,
126.187,lost,,,,
126.197,lost,,,,
126.207,lost,,,,
126.217,lost,,,,
126.226,lost,,,,
126.235,lost,,,,
126.244,lost,,,,
126.255,lost,,,,
126.266,lost,,,,
126.275,lost,,,,
126.283,lost,,,,
126.291,lost,,,,
126.301,lost,,,,
126.309,lost,,,,
126.322,lost,,,,
126.331,lost,,,,
126.341,lost,,,,
126.352,lost,,,,
126.363,lost,,,,
126.373,lost,,,,
126.383,lost,,,,
126.391,lost,,,,
126.401,lost,,,,
126.409,lost,,,,
126.419,lost,,,,
126.429,lost,,,,
126.439,lost,,,,
126.449,lost,,,,
126.458,lost,,,,
126.468,lost,,,,
126.479,lost,,,,
126.490,lost,,,,
126.500,lost,,,,
126.509,lost,,,,
126.518,lost,,,,
126.528,lost,,,,
126.537,lost,,,,
126.546,lost,,,,
126.556,lost,,,,
126.567,lost,,,,
126.579,lost,,,,
126.589,lost,,,,
126.601,lost,,,,
126.610,lost,,,,
126.620,lost,,,,
126.628,lost,,,,
126.638,lost,,,,
126.649,lost,,,,
126.660,lost,,,,
126.670,lost,,,,
126.680,lost,,,,
126.689,lost,,,,
126.698,lost,,,,
126.707,lost,,,,
126.719,lost,,,,
126.729,lost,,,,
126.738,lost,,,,
126.747,lost,,,,
126.756,lost,,,,
126.767,lost,,,,
126.778,lost,,,,
126.790,lost,,,,
126.801,lost,,,,
126.810,lost,,,,
126.820,lost,,,,
126.832,lost,,,,
126.842,lost,,,,
126.851,lost,,,,
126.860,lost,,,,
126.870,lost,,,,
126.879,lost,,,,
126.888,lost,,,,
126.900,lost,,,,
126.909,lost,,,,
126.919,lost,,,,
126.928,lost,,,,
126.938,lost,,,,
126.950,lost,,,,
126.960,lost,,,,
126.969,lost,,,,
126.978,lost,,,,
126.987,lost,,,,
126.996,lost,,,,
127.007,lost,,,,
127.019,lost,,,,
127.028,lost,,,,
127.037,lost,,,,
127.046,lost,,,,
127.057,lost,,,,
127.069,lost,,,,
127.078,lost,,,,
127.087,lost,,,,
127.095,lost,,,,
127.105,lost,,,,
127.116,lost,,,,
127.126,lost,,,,
127.136,lost,,,,
127.145,lost,,,,
127.155,lost,,,,
127.163,lost,,,,
127.174,lost,,,,
127.186,lost,,,,
127.195,lost,,,,
127.205,lost,,,,
127.215,lost,,,,
127.226,lost,,,,
127.240,lost,,,,
127.252,lost,,,,
127.261,lost,,,,
127.271,lost,,,,
127.280,lost,,,,
127.290,lost,,,,
127.302,lost,,,,
127.311,lost,,,,
127.321,lost,,,,
127.328,lost,,,,
127.339,lost,,,,
127.351,lost,,,,
127.364,lost,,,,
127.373,lost,,,,
127.383,lost,,,,
127.392,lost,,,,
127.401,lost,,,,
127.413,lost,,,,
127.422,lost,,,,
127.431,lost,,,,
127.441,lost,,,,
127.451,lost,,,,
127.461,lost,,,,
127.470,lost,,,,
127.480,lost,,,,
127.491,lost,,,,
127.501,lost,,,,
127.509,lost,,,,
127.519,lost,,,,
127.530,lost,,,,
127.539,lost,,,,
127.548,lost,,,,
127.557,lost,,,,
127.566,lost,,,,
127.574,lost,,,,
127.584,lost,,,,
127.594,lost,,,,
127.604,lost,,,,
127.615,lost,,,,
127.625,lost,,,,
127.634,lost,,,,
127.646,lost,,,,
127.659,lost,,,,
127.672,lost,,,,
127.683,lost,,,,
127.693,lost,,,,
127.703,lost,,,,
127.714,lost,,,,
127.725,lost,,,,
127.736,lost,,,,
127.745,lost,,,,
127.756,lost,,,,
127.768,lost,,,,
127.781,lost,,,,
127.791,lost,,,,
127.801,lost,,,,
127.810,lost,,,,
127.822,lost,,,,
127.835,lost,,,,
127.843,lost,,,,
127.853,lost,,,,
127.863,lost,,,,
127.872,lost,,,,
127.883,lost,,,,
127.892,lost,,,,
127.904,lost,,,,
127.913,lost,,,,
127.922,lost,,,,
127.931,lost,,,,
127.942,lost,,,,
127.953,lost,,,,
127.963,lost,,,,
127.973,lost,,,,
127.982,lost,,,,
127.991,lost,,,,
128.003,lost,,,,
128.013,lost,,,,
128.021,lost,,,,
128.029,lost,,,,
128.038,lost,,,,
128.047,lost,,,,
128.058,lost,,,,
128.070,lost,,,,
128.079,lost,,,,
128.090,lost,,,,
128.099,lost,,,,
128.109,lost,,,,
128.122,lost,,,,
128.134,lost,,,,
128.144,lost,,,,
128.153,lost,,,,
128.162,lost,,,,
128.172,lost,,,,
128.181,lost,,,,
128.192,lost,,,,
128.201,lost,,,,
128.209,lost,,,,
128.218,lost,,,,
128.226,lost,,,,
128.236,lost,,,,
128.246,lost,,,,
128.256,lost,,,,
128.265,lost,,,,
128.275,lost,,,,
128.284,lost,,,,
128.292,lost,,,,
128.303,lost,,,,
