elapsed_s,event,body_x,body_y,dist,tags_used
2.458,lost,,,,
2.508,lost,,,,
2.524,lost,,,,
2.540,lost,,,,
2.554,lost,,,,
2.568,lost,,,,
2.583,lost,,,,
2.596,lost,,,,
2.608,lost,,,,
2.620,lost,,,,
2.633,lost,,,,
2.648,lost,,,,
2.660,lost,,,,
2.673,lost,,,,
2.687,lost,,,,
2.700,lost,,,,
2.714,lost,,,,
2.726,lost,,,,
2.736,lost,,,,
2.750,lost,,,,
2.763,lost,,,,
2.775,lost,,,,
2.787,lost,,,,
2.800,lost,,,,
2.812,lost,,,,
2.823,lost,,,,
2.836,lost,,,,
2.849,lost,,,,
2.861,lost,,,,
2.873,lost,,,,
2.885,lost,,,,
2.900,lost,,,,
2.913,lost,,,,
2.925,lost,,,,
2.939,lost,,,,
2.955,lost,,,,
2.968,lost,,,,
2.982,lost,,,,
2.995,lost,,,,
3.008,lost,,,,
3.020,lost,,,,
3.033,lost,,,,
3.047,lost,,,,
3.059,lost,,,,
3.072,lost,,,,
3.086,lost,,,,
3.102,lost,,,,
3.115,lost,,,,
3.129,lost,,,,
3.144,lost,,,,
3.156,lost,,,,
3.171,lost,,,,
3.187,lost,,,,
3.205,lost,,,,
3.221,lost,,,,
3.236,lost,,,,
3.249,lost,,,,
3.262,lost,,,,
3.279,lost,,,,
3.293,lost,,,,
3.309,lost,,,,
3.323,lost,,,,
3.336,lost,,,,
3.350,lost,,,,
3.364,lost,,,,
3.376,lost,,,,
3.389,lost,,,,
3.403,lost,,,,
3.419,lost,,,,
3.432,lost,,,,
3.444,lost,,,,
3.460,lost,,,,
3.473,lost,,,,
3.486,lost,,,,
3.498,lost,,,,
3.513,lost,,,,
3.528,lost,,,,
3.540,lost,,,,
3.552,lost,,,,
3.567,lost,,,,
3.581,lost,,,,
3.593,lost,,,,
3.605,lost,,,,
3.620,lost,,,,
3.634,lost,,,,
3.649,lost,,,,
3.661,lost,,,,
3.675,lost,,,,
3.690,lost,,,,
3.703,lost,,,,
3.716,lost,,,,
3.730,lost,,,,
3.742,lost,,,,
3.754,lost,,,,
3.769,lost,,,,
3.784,lost,,,,
3.797,lost,,,,
3.810,lost,,,,
3.828,lost,,,,
3.841,lost,,,,
3.854,lost,,,,
3.866,lost,,,,
3.880,lost,,,,
3.894,lost,,,,
3.907,lost,,,,
3.919,lost,,,,
3.934,lost,,,,
3.950,lost,,,,
3.962,lost,,,,
3.975,lost,,,,
3.989,lost,,,,
4.002,lost,,,,
4.016,lost,,,,
4.031,lost,,,,
4.044,lost,,,,
4.057,lost,,,,
4.070,lost,,,,
4.086,lost,,,,
4.098,lost,,,,
4.112,lost,,,,
4.127,lost,,,,
4.141,lost,,,,
4.153,lost,,,,
4.165,lost,,,,
4.180,lost,,,,
4.195,lost,,,,
4.209,lost,,,,
4.222,lost,,,,
4.236,lost,,,,
4.250,lost,,,,
4.264,lost,,,,
4.276,lost,,,,
4.290,lost,,,,
4.305,lost,,,,
4.319,lost,,,,
4.334,lost,,,,
4.349,lost,,,,
4.363,lost,,,,
4.377,lost,,,,
4.392,lost,,,,
4.405,lost,,,,
4.418,lost,,,,
4.432,lost,,,,
4.447,lost,,,,
4.461,lost,,,,
4.473,lost,,,,
4.486,lost,,,,
4.501,lost,,,,
4.515,lost,,,,
4.528,lost,,,,
4.540,lost,,,,
4.554,lost,,,,
4.566,lost,,,,
4.578,lost,,,,
4.591,lost,,,,
4.607,lost,,,,
4.622,lost,,,,
4.635,lost,,,,
4.649,lost,,,,
4.665,lost,,,,
4.679,lost,,,,
4.692,lost,,,,
4.703,lost,,,,
4.717,lost,,,,
4.731,lost,,,,
4.745,lost,,,,
4.759,lost,,,,
4.772,lost,,,,
4.786,lost,,,,
4.800,lost,,,,
4.814,lost,,,,
4.826,lost,,,,
4.840,lost,,,,
4.855,lost,,,,
4.870,lost,,,,
4.884,lost,,,,
4.900,lost,,,,
4.916,lost,,,,
4.933,lost,,,,
4.944,lost,,,,
4.960,lost,,,,
4.974,lost,,,,
4.986,lost,,,,
4.998,lost,,,,
5.011,lost,,,,
5.024,lost,,,,
5.036,lost,,,,
5.048,lost,,,,
5.060,lost,,,,
5.072,lost,,,,
5.088,lost,,,,
5.099,lost,,,,
5.112,lost,,,,
5.123,lost,,,,
5.139,lost,,,,
5.155,lost,,,,
5.170,lost,,,,
5.185,lost,,,,
5.198,lost,,,,
5.211,lost,,,,
5.226,lost,,,,
5.241,lost,,,,
5.253,lost,,,,
5.268,lost,,,,
5.284,lost,,,,
5.300,lost,,,,
5.316,lost,,,,
5.330,lost,,,,
5.341,lost,,,,
5.354,lost,,,,
5.369,lost,,,,
5.384,lost,,,,
5.398,lost,,,,
5.411,lost,,,,
5.423,lost,,,,
5.436,lost,,,,
5.453,lost,,,,
5.466,lost,,,,
5.478,lost,,,,
5.489,lost,,,,
5.503,lost,,,,
5.516,lost,,,,
5.528,lost,,,,
5.540,lost,,,,
5.553,lost,,,,
5.566,lost,,,,
5.579,lost,,,,
5.589,lost,,,,
5.602,lost,,,,
5.616,lost,,,,
5.627,lost,,,,
5.639,lost,,,,
5.652,lost,,,,
5.667,lost,,,,
5.679,lost,,,,
5.691,lost,,,,
5.705,lost,,,,
5.719,lost,,,,
5.732,lost,,,,
5.744,lost,,,,
5.756,lost,,,,
5.770,lost,,,,
5.783,lost,,,,
5.794,lost,,,,
5.808,lost,,,,
5.820,lost,,,,
5.833,lost,,,,
5.845,lost,,,,
5.857,lost,,,,
5.870,lost,,,,
5.882,lost,,,,
5.894,lost,,,,
5.906,lost,,,,
5.919,lost,,,,
5.933,lost,,,,
5.945,lost,,,,
5.956,lost,,,,
5.969,lost,,,,
5.983,lost,,,,
5.995,lost,,,,
6.007,lost,,,,
6.019,lost,,,,
6.034,lost,,,,
6.046,lost,,,,
6.059,lost,,,,
6.071,lost,,,,
6.085,lost,,,,
6.098,lost,,,,
6.112,lost,,,,
6.125,lost,,,,
6.136,lost,,,,
6.149,lost,,,,
6.160,lost,,,,
6.172,lost,,,,
6.186,lost,,,,
6.199,lost,,,,
6.210,lost,,,,
6.223,lost,,,,
6.235,lost,,,,
6.248,lost,,,,
6.260,lost,,,,
6.275,lost,,,,
6.287,lost,,,,
6.299,lost,,,,
6.312,lost,,,,
6.325,lost,,,,
6.337,lost,,,,
6.347,lost,,,,
6.358,lost,,,,
6.372,lost,,,,
6.384,lost,,,,
6.397,lost,,,,
6.410,lost,,,,
6.421,lost,,,,
6.433,lost,,,,
6.447,lost,,,,
6.461,lost,,,,
6.471,lost,,,,
6.485,lost,,,,
6.498,lost,,,,
6.511,lost,,,,
6.523,lost,,,,
6.533,lost,,,,
6.545,lost,,,,
6.558,lost,,,,
6.571,lost,,,,
6.585,lost,,,,
6.598,lost,,,,
6.610,lost,,,,
6.621,lost,,,,
6.634,lost,,,,
6.647,lost,,,,
6.660,lost,,,,
6.673,lost,,,,
6.686,lost,,,,
6.698,lost,,,,
6.711,lost,,,,
6.723,lost,,,,
6.734,lost,,,,
6.746,lost,,,,
6.761,lost,,,,
6.773,lost,,,,
6.784,lost,,,,
6.797,lost,,,,
6.810,lost,,,,
6.822,lost,,,,
6.834,lost,,,,
6.846,lost,,,,
6.859,lost,,,,
6.873,lost,,,,
6.885,lost,,,,
6.897,lost,,,,
6.910,lost,,,,
6.922,lost,,,,
6.935,lost,,,,
6.946,lost,,,,
6.960,lost,,,,
6.972,lost,,,,
6.983,lost,,,,
6.994,lost,,,,
7.007,lost,,,,
7.019,lost,,,,
7.033,lost,,,,
7.044,lost,,,,
7.058,lost,,,,
7.071,lost,,,,
7.083,lost,,,,
7.095,lost,,,,
7.107,lost,,,,
7.121,lost,,,,
7.132,lost,,,,
7.144,lost,,,,
7.156,lost,,,,
7.170,lost,,,,
7.185,lost,,,,
7.198,lost,,,,
7.211,lost,,,,
7.222,lost,,,,
7.238,lost,,,,
7.252,lost,,,,
7.264,lost,,,,
7.277,lost,,,,
7.290,lost,,,,
7.302,lost,,,,
7.315,lost,,,,
7.331,lost,,,,
7.344,lost,,,,
7.355,lost,,,,
7.367,lost,,,,
7.382,lost,,,,
7.395,lost,,,,
7.406,lost,,,,
7.418,lost,,,,
7.430,lost,,,,
7.444,lost,,,,
7.457,lost,,,,
7.468,lost,,,,
7.480,lost,,,,
7.491,lost,,,,
7.503,lost,,,,
7.515,lost,,,,
7.527,lost,,,,
7.539,lost,,,,
7.551,lost,,,,
7.564,lost,,,,
7.574,lost,,,,
7.585,lost,,,,
7.599,lost,,,,
7.612,lost,,,,
7.621,lost,,,,
7.634,lost,,,,
7.649,lost,,,,
7.664,lost,,,,
7.675,lost,,,,
7.688,lost,,,,
7.702,lost,,,,
7.715,lost,,,,
7.727,lost,,,,
7.740,lost,,,,
7.754,lost,,,,
7.765,lost,,,,
7.777,lost,,,,
7.789,lost,,,,
7.801,lost,,,,
7.817,lost,,,,
7.830,lost,,,,
7.841,lost,,,,
7.854,lost,,,,
7.868,lost,,,,
7.881,lost,,,,
7.892,lost,,,,
7.905,lost,,,,
7.919,lost,,,,
7.932,lost,,,,
7.944,lost,,,,
7.955,lost,,,,
7.968,lost,,,,
7.980,lost,,,,
7.992,lost,,,,
8.005,lost,,,,
8.021,lost,,,,
8.034,lost,,,,
8.047,lost,,,,
8.060,lost,,,,
8.072,lost,,,,
8.085,lost,,,,
8.098,lost,,,,
8.113,lost,,,,
8.125,lost,,,,
8.137,lost,,,,
8.149,lost,,,,
8.163,lost,,,,
8.177,lost,,,,
8.189,lost,,,,
8.201,lost,,,,
8.216,lost,,,,
8.232,lost,,,,
8.245,lost,,,,
8.257,lost,,,,
8.268,lost,,,,
8.282,lost,,,,
8.295,lost,,,,
8.307,lost,,,,
8.320,lost,,,,
8.335,lost,,,,
8.348,lost,,,,
8.361,lost,,,,
8.375,lost,,,,
8.387,lost,,,,
8.400,lost,,,,
8.412,lost,,,,
8.425,lost,,,,
8.439,lost,,,,
8.453,lost,,,,
8.466,lost,,,,
8.481,lost,,,,
8.494,lost,,,,
8.506,lost,,,,
8.519,lost,,,,
8.532,lost,,,,
8.546,lost,,,,
8.558,lost,,,,
8.569,lost,,,,
8.581,lost,,,,
8.595,lost,,,,
8.606,lost,,,,
8.618,lost,,,,
8.634,lost,,,,
8.648,lost,,,,
8.661,lost,,,,
8.672,lost,,,,
8.683,lost,,,,
8.697,lost,,,,
8.710,lost,,,,
8.723,lost,,,,
8.736,lost,,,,
8.751,lost,,,,
8.764,lost,,,,
8.776,lost,,,,
8.788,lost,,,,
8.804,lost,,,,
8.817,lost,,,,
8.830,lost,,,,
8.844,lost,,,,
8.856,lost,,,,
8.869,lost,,,,
8.882,lost,,,,
8.897,lost,,,,
8.909,lost,,,,
8.923,lost,,,,
8.935,lost,,,,
8.947,lost,,,,
8.961,lost,,,,
8.972,lost,,,,
8.985,lost,,,,
8.996,lost,,,,
9.010,lost,,,,
9.023,lost,,,,
9.036,lost,,,,
9.049,lost,,,,
9.062,lost,,,,
9.073,lost,,,,
9.085,lost,,,,
9.100,lost,,,,
9.116,lost,,,,
9.128,lost,,,,
9.139,lost,,,,
9.152,lost,,,,
9.166,lost,,,,
9.178,lost,,,,
9.189,lost,,,,
9.204,lost,,,,
9.218,lost,,,,
9.230,lost,,,,
9.241,lost,,,,
9.253,lost,,,,
9.269,lost,,,,
9.281,lost,,,,
9.293,lost,,,,
9.305,lost,,,,
9.317,lost,,,,
9.330,lost,,,,
9.340,lost,,,,
9.352,lost,,,,
9.365,lost,,,,
9.378,lost,,,,
9.390,lost,,,,
9.403,lost,,,,
9.416,lost,,,,
9.431,lost,,,,
9.444,lost,,,,
9.455,lost,,,,
9.468,lost,,,,
9.484,lost,,,,
9.496,lost,,,,
9.507,lost,,,,
9.521,lost,,,,
9.534,lost,,,,
9.547,lost,,,,
9.558,lost,,,,
9.573,lost,,,,
9.585,lost,,,,
9.597,lost,,,,
9.610,lost,,,,
9.623,lost,,,,
9.636,lost,,,,
9.649,lost,,,,
9.661,lost,,,,
9.674,lost,,,,
9.688,lost,,,,
9.701,lost,,,,
9.714,lost,,,,
9.728,lost,,,,
9.740,lost,,,,
9.752,lost,,,,
9.763,lost,,,,
9.775,lost,,,,
9.789,lost,,,,
9.804,lost,,,,
9.816,lost,,,,
9.829,lost,,,,
9.842,lost,,,,
9.854,lost,,,,
9.866,lost,,,,
9.878,lost,,,,
9.891,lost,,,,
9.904,lost,,,,
9.916,lost,,,,
9.928,lost,,,,
9.941,lost,,,,
9.952,lost,,,,
9.966,lost,,,,
9.977,lost,,,,
9.989,lost,,,,
10.002,lost,,,,
10.017,lost,,,,
10.030,lost,,,,
10.041,lost,,,,
10.055,lost,,,,
10.068,lost,,,,
10.081,lost,,,,
10.091,lost,,,,
10.105,lost,,,,
10.119,lost,,,,
10.132,lost,,,,
10.144,lost,,,,
10.158,lost,,,,
10.171,lost,,,,
10.183,lost,,,,
10.196,lost,,,,
10.208,lost,,,,
10.223,lost,,,,
10.235,lost,,,,
10.247,lost,,,,
10.258,lost,,,,
10.269,lost,,,,
10.282,lost,,,,
10.294,lost,,,,
10.307,lost,,,,
10.320,lost,,,,
10.335,lost,,,,
10.349,lost,,,,
10.360,lost,,,,
10.373,lost,,,,
10.387,lost,,,,
10.401,lost,,,,
10.414,lost,,,,
10.427,lost,,,,
10.438,lost,,,,
10.450,lost,,,,
10.462,lost,,,,
10.475,lost,,,,
10.489,lost,,,,
10.501,lost,,,,
10.512,lost,,,,
10.522,lost,,,,
10.534,lost,,,,
10.550,lost,,,,
10.561,lost,,,,
10.573,lost,,,,
10.584,lost,,,,
10.597,lost,,,,
10.610,lost,,,,
10.623,lost,,,,
10.636,lost,,,,
10.650,lost,,,,
10.663,lost,,,,
10.674,lost,,,,
10.684,lost,,,,
10.699,lost,,,,
10.714,lost,,,,
10.726,lost,,,,
10.738,lost,,,,
10.750,lost,,,,
10.765,lost,,,,
10.777,lost,,,,
10.789,lost,,,,
10.803,lost,,,,
10.817,lost,,,,
10.828,lost,,,,
10.838,lost,,,,
10.851,lost,,,,
10.866,lost,,,,
10.879,lost,,,,
10.890,lost,,,,
10.903,lost,,,,
10.917,lost,,,,
10.930,lost,,,,
10.941,lost,,,,
10.954,lost,,,,
10.969,lost,,,,
10.982,lost,,,,
10.994,lost,,,,
11.007,lost,,,,
11.019,lost,,,,
11.035,lost,,,,
11.048,lost,,,,
11.059,lost,,,,
11.072,lost,,,,
11.086,lost,,,,
11.098,lost,,,,
11.111,lost,,,,
11.124,lost,,,,
11.137,lost,,,,
11.149,lost,,,,
11.160,lost,,,,
11.174,lost,,,,
11.187,lost,,,,
11.199,lost,,,,
11.211,lost,,,,
11.225,lost,,,,
11.237,lost,,,,
11.247,lost,,,,
11.258,lost,,,,
11.274,lost,,,,
11.287,lost,,,,
11.299,lost,,,,
11.311,lost,,,,
11.323,lost,,,,
11.336,lost,,,,
11.348,lost,,,,
11.360,lost,,,,
11.372,lost,,,,
11.386,lost,,,,
11.400,lost,,,,
11.414,lost,,,,
11.425,lost,,,,
11.436,lost,,,,
11.451,lost,,,,
11.464,lost,,,,
11.475,lost,,,,
11.487,lost,,,,
11.503,lost,,,,
11.516,lost,,,,
11.528,lost,,,,
11.541,lost,,,,
11.555,lost,,,,
11.567,lost,,,,
11.580,lost,,,,
11.593,lost,,,,
11.604,lost,,,,
11.617,lost,,,,
11.629,lost,,,,
11.642,lost,,,,
11.653,lost,,,,
11.665,lost,,,,
11.677,lost,,,,
11.689,lost,,,,
11.704,lost,,,,
11.717,lost,,,,
11.728,lost,,,,
11.739,lost,,,,
11.753,lost,,,,
11.766,lost,,,,
11.777,lost,,,,
11.789,lost,,,,
11.803,lost,,,,
11.814,lost,,,,
11.827,lost,,,,
11.840,lost,,,,
11.851,lost,,,,
11.864,lost,,,,
11.877,lost,,,,
11.889,lost,,,,
11.902,lost,,,,
11.915,lost,,,,
11.927,lost,,,,
11.939,lost,,,,
11.953,lost,,,,
11.967,lost,,,,
11.978,lost,,,,
11.990,lost,,,,
12.002,lost,,,,
12.016,lost,,,,
12.030,lost,,,,
12.040,lost,,,,
12.052,lost,,,,
12.065,lost,,,,
12.079,lost,,,,
12.090,lost,,,,
12.102,lost,,,,
12.115,lost,,,,
12.130,lost,,,,
12.142,lost,,,,
12.154,lost,,,,
12.167,lost,,,,
12.183,lost,,,,
12.195,lost,,,,
12.207,lost,,,,
12.221,lost,,,,
12.235,lost,,,,
12.246,lost,,,,
12.257,lost,,,,
12.270,lost,,,,
12.283,lost,,,,
12.295,lost,,,,
12.307,lost,,,,
12.318,lost,,,,
12.330,lost,,,,
12.343,lost,,,,
12.354,lost,,,,
12.365,lost,,,,
12.377,lost,,,,
12.389,lost,,,,
12.404,lost,,,,
12.417,lost,,,,
12.428,lost,,,,
12.441,lost,,,,
12.453,lost,,,,
12.465,lost,,,,
12.478,lost,,,,
12.491,lost,,,,
12.503,lost,,,,
12.516,lost,,,,
12.528,lost,,,,
12.540,lost,,,,
12.553,lost,,,,
12.565,lost,,,,
12.578,lost,,,,
12.591,lost,,,,
12.604,lost,,,,
12.618,lost,,,,
12.633,lost,,,,
12.645,lost,,,,
12.661,lost,,,,
12.673,lost,,,,
12.685,lost,,,,
12.698,lost,,,,
12.712,lost,,,,
12.724,lost,,,,
12.736,lost,,,,
12.749,lost,,,,
12.764,lost,,,,
12.777,lost,,,,
12.789,lost,,,,
12.802,lost,,,,
12.814,lost,,,,
12.825,lost,,,,
12.840,lost,,,,
12.855,lost,,,,
12.867,lost,,,,
12.881,lost,,,,
12.893,lost,,,,
12.904,lost,,,,
12.917,lost,,,,
12.930,lost,,,,
12.941,lost,,,,
12.952,lost,,,,
12.965,lost,,,,
12.977,lost,,,,
12.990,lost,,,,
13.003,lost,,,,
13.017,lost,,,,
13.030,lost,,,,
13.042,lost,,,,
13.053,lost,,,,
13.065,lost,,,,
13.076,lost,,,,
13.088,lost,,,,
13.102,lost,,,,
13.115,lost,,,,
13.127,lost,,,,
13.140,lost,,,,
13.153,lost,,,,
13.164,lost,,,,
13.175,lost,,,,
13.187,lost,,,,
13.203,lost,,,,
13.216,lost,,,,
13.230,lost,,,,
13.243,lost,,,,
13.256,lost,,,,
13.268,lost,,,,
13.282,lost,,,,
13.296,lost,,,,
13.310,lost,,,,
13.322,lost,,,,
13.336,lost,,,,
13.350,lost,,,,
13.363,lost,,,,
13.375,lost,,,,
13.387,lost,,,,
13.402,lost,,,,
13.415,lost,,,,
13.429,lost,,,,
13.442,lost,,,,
13.455,lost,,,,
13.467,lost,,,,
13.478,lost,,,,
13.490,lost,,,,
13.503,lost,,,,
13.516,lost,,,,
13.528,lost,,,,
13.540,lost,,,,
13.554,lost,,,,
13.567,lost,,,,
13.578,lost,,,,
13.592,lost,,,,
13.604,lost,,,,
13.619,lost,,,,
13.633,lost,,,,
13.644,lost,,,,
13.656,lost,,,,
13.672,lost,,,,
13.684,lost,,,,
13.696,lost,,,,
13.711,lost,,,,
13.723,lost,,,,
13.734,lost,,,,
13.746,lost,,,,
13.760,lost,,,,
13.771,lost,,,,
13.783,lost,,,,
13.796,lost,,,,
13.808,lost,,,,
13.820,lost,,,,
13.833,lost,,,,
13.844,lost,,,,
13.858,lost,,,,
13.869,lost,,,,
13.881,lost,,,,
13.894,lost,,,,
13.909,lost,,,,
13.922,lost,,,,
13.934,lost,,,,
13.945,lost,,,,
13.958,lost,,,,
13.971,lost,,,,
13.983,lost,,,,
13.994,lost,,,,
14.009,lost,,,,
14.022,lost,,,,
14.035,lost,,,,
14.047,lost,,,,
14.060,lost,,,,
14.073,lost,,,,
14.086,lost,,,,
14.100,lost,,,,
14.111,lost,,,,
14.125,lost,,,,
14.140,lost,,,,
14.151,lost,,,,
14.164,lost,,,,
14.174,lost,,,,
14.187,lost,,,,
14.200,lost,,,,
14.214,lost,,,,
14.226,lost,,,,
14.238,lost,,,,
14.249,lost,,,,
14.260,lost,,,,
14.272,lost,,,,
14.284,lost,,,,
14.296,lost,,,,
14.307,lost,,,,
14.318,lost,,,,
14.331,lost,,,,
14.346,lost,,,,
14.359,lost,,,,
14.372,lost,,,,
14.386,lost,,,,
14.399,lost,,,,
14.412,lost,,,,
14.425,lost,,,,
14.438,lost,,,,
14.449,lost,,,,
14.464,lost,,,,
14.478,lost,,,,
14.491,lost,,,,
14.504,lost,,,,
14.517,lost,,,,
14.531,lost,,,,
14.543,lost,,,,
14.553,lost,,,,
14.567,lost,,,,
14.580,lost,,,,
14.594,lost,,,,
14.606,lost,,,,
14.619,lost,,,,
14.632,lost,,,,
14.646,lost,,,,
14.657,lost,,,,
14.670,lost,,,,
14.684,lost,,,,
14.698,lost,,,,
14.710,lost,,,,
14.721,lost,,,,
14.733,lost,,,,
14.746,lost,,,,
14.757,lost,,,,
14.770,lost,,,,
14.783,lost,,,,
14.800,lost,,,,
14.812,lost,,,,
14.823,lost,,,,
14.836,lost,,,,
14.850,lost,,,,
14.864,lost,,,,
14.876,lost,,,,
14.889,lost,,,,
14.904,lost,,,,
14.916,lost,,,,
14.928,lost,,,,
14.940,lost,,,,
14.953,lost,,,,
14.965,lost,,,,
14.977,lost,,,,
14.990,lost,,,,
15.004,lost,,,,
15.017,lost,,,,
15.030,lost,,,,
15.042,lost,,,,
15.056,lost,,,,
15.069,lost,,,,
15.081,lost,,,,
15.094,lost,,,,
15.107,lost,,,,
15.121,lost,,,,
15.133,lost,,,,
15.146,lost,,,,
15.158,lost,,,,
15.169,lost,,,,
15.182,lost,,,,
15.195,lost,,,,
15.207,lost,,,,
15.220,lost,,,,
15.231,lost,,,,
15.242,lost,,,,
15.256,lost,,,,
15.270,lost,,,,
15.283,lost,,,,
15.294,lost,,,,
15.306,lost,,,,
15.320,lost,,,,
15.332,lost,,,,
15.344,lost,,,,
15.354,lost,,,,
15.368,lost,,,,
15.381,lost,,,,
15.393,lost,,,,
15.405,lost,,,,
15.420,lost,,,,
15.432,lost,,,,
15.444,lost,,,,
15.458,lost,,,,
15.470,lost,,,,
15.482,lost,,,,
15.494,lost,,,,
15.508,lost,,,,
15.521,lost,,,,
15.534,lost,,,,
15.545,lost,,,,
15.559,lost,,,,
15.571,lost,,,,
15.582,lost,,,,
15.594,lost,,,,
15.607,lost,,,,
15.622,lost,,,,
15.635,lost,,,,
15.646,lost,,,,
15.658,lost,,,,
15.671,lost,,,,
15.685,lost,,,,
15.696,lost,,,,
15.709,lost,,,,
15.720,lost,,,,
15.734,lost,,,,
15.747,lost,,,,
15.758,lost,,,,
15.771,lost,,,,
15.785,lost,,,,
15.798,lost,,,,
15.809,lost,,,,
15.821,lost,,,,
15.835,lost,,,,
15.846,lost,,,,
15.861,lost,,,,
15.873,lost,,,,
15.887,lost,,,,
15.899,lost,,,,
15.912,lost,,,,
15.924,lost,,,,
15.938,lost,,,,
15.950,lost,,,,
15.961,lost,,,,
15.974,lost,,,,
15.988,lost,,,,
16.002,lost,,,,
16.015,lost,,,,
16.029,lost,,,,
16.042,lost,,,,
16.057,lost,,,,
16.068,lost,,,,
16.079,lost,,,,
16.092,lost,,,,
16.106,lost,,,,
16.119,lost,,,,
16.131,lost,,,,
16.145,lost,,,,
16.157,lost,,,,
16.169,lost,,,,
16.181,lost,,,,
16.195,lost,,,,
16.209,lost,,,,
16.223,lost,,,,
16.236,lost,,,,
16.250,lost,,,,
16.264,lost,,,,
16.276,lost,,,,
16.289,lost,,,,
16.300,lost,,,,
16.314,lost,,,,
16.325,lost,,,,
16.336,lost,,,,
16.348,lost,,,,
16.361,lost,,,,
16.373,lost,,,,
16.385,lost,,,,
16.397,lost,,,,
16.411,lost,,,,
16.424,lost,,,,
16.437,lost,,,,
16.449,lost,,,,
16.460,lost,,,,
16.472,lost,,,,
16.485,lost,,,,
16.499,lost,,,,
16.512,lost,,,,
16.525,lost,,,,
16.537,lost,,,,
16.550,lost,,,,
16.564,lost,,,,
16.577,lost,,,,
16.590,lost,,,,
16.603,lost,,,,
16.617,lost,,,,
16.630,lost,,,,
16.641,lost,,,,
16.655,lost,,,,
16.669,lost,,,,
16.682,lost,,,,
16.695,lost,,,,
16.709,lost,,,,
16.722,lost,,,,
16.735,lost,,,,
16.748,lost,,,,
16.761,lost,,,,
16.773,lost,,,,
16.786,lost,,,,
16.799,lost,,,,
16.813,lost,,,,
16.827,lost,,,,
16.838,lost,,,,
16.850,lost,,,,
16.862,lost,,,,
16.874,lost,,,,
16.889,lost,,,,
16.901,lost,,,,
16.915,lost,,,,
16.929,lost,,,,
16.941,lost,,,,
16.954,lost,,,,
16.966,lost,,,,
16.978,lost,,,,
16.990,lost,,,,
17.002,lost,,,,
17.015,lost,,,,
17.029,lost,,,,
17.041,lost,,,,
17.053,lost,,,,
17.065,lost,,,,
17.078,lost,,,,
17.091,lost,,,,
17.102,lost,,,,
17.115,lost,,,,
17.129,lost,,,,
17.142,lost,,,,
17.153,lost,,,,
17.165,lost,,,,
17.179,lost,,,,
17.192,lost,,,,
17.203,lost,,,,
17.215,lost,,,,
17.230,lost,,,,
17.242,lost,,,,
17.253,lost,,,,
17.267,lost,,,,
17.280,lost,,,,
17.294,lost,,,,
17.306,lost,,,,
17.319,lost,,,,
17.333,lost,,,,
17.346,lost,,,,
17.357,lost,,,,
17.369,lost,,,,
17.382,lost,,,,
17.395,lost,,,,
17.411,lost,,,,
17.423,lost,,,,
17.435,lost,,,,
17.450,lost,,,,
17.462,lost,,,,
17.474,lost,,,,
17.487,lost,,,,
17.501,lost,,,,
17.512,lost,,,,
17.526,lost,,,,
17.538,lost,,,,
17.553,lost,,,,
17.566,lost,,,,
17.578,lost,,,,
17.591,lost,,,,
17.604,lost,,,,
17.617,lost,,,,
17.628,lost,,,,
17.640,lost,,,,
17.654,lost,,,,
17.667,lost,,,,
17.680,lost,,,,
17.691,lost,,,,
17.703,lost,,,,
17.717,lost,,,,
17.731,lost,,,,
17.742,lost,,,,
17.756,lost,,,,
17.769,lost,,,,
17.781,lost,,,,
17.792,lost,,,,
17.803,lost,,,,
17.819,lost,,,,
17.831,lost,,,,
17.843,lost,,,,
17.854,lost,,,,
17.868,lost,,,,
17.881,lost,,,,
17.892,lost,,,,
17.905,lost,,,,
17.920,lost,,,,
17.934,lost,,,,
17.945,lost,,,,
17.960,lost,,,,
17.972,lost,,,,
17.985,lost,,,,
17.998,lost,,,,
18.011,lost,,,,
18.025,lost,,,,
18.038,lost,,,,
18.050,lost,,,,
18.062,lost,,,,
18.074,lost,,,,
18.090,lost,,,,
18.103,lost,,,,
18.118,lost,,,,
18.131,lost,,,,
18.144,lost,,,,
18.156,lost,,,,
18.169,lost,,,,
18.182,lost,,,,
18.195,lost,,,,
18.206,lost,,,,
18.220,lost,,,,
18.233,lost,,,,
18.245,lost,,,,
18.257,lost,,,,
18.268,lost,,,,
18.283,lost,,,,
18.298,lost,,,,
18.308,lost,,,,
18.321,lost,,,,
18.336,lost,,,,
18.351,lost,,,,
18.365,lost,,,,
18.376,lost,,,,
18.388,lost,,,,
18.403,lost,,,,
18.416,lost,,,,
18.428,lost,,,,
18.438,lost,,,,
18.453,lost,,,,
18.466,lost,,,,
18.478,lost,,,,
18.490,lost,,,,
18.505,lost,,,,
18.519,lost,,,,
18.530,lost,,,,
18.544,lost,,,,
18.557,lost,,,,
18.570,lost,,,,
18.583,lost,,,,
18.598,lost,,,,
18.611,lost,,,,
18.624,lost,,,,
18.637,lost,,,,
18.652,lost,,,,
18.665,lost,,,,
18.677,lost,,,,
18.691,lost,,,,
18.702,lost,,,,
18.716,lost,,,,
18.731,lost,,,,
18.744,lost,,,,
18.756,lost,,,,
18.770,lost,,,,
18.785,lost,,,,
18.798,lost,,,,
18.811,lost,,,,
18.823,lost,,,,
18.836,lost,,,,
18.849,lost,,,,
18.864,lost,,,,
18.876,lost,,,,
18.890,lost,,,,
18.902,lost,,,,
18.916,lost,,,,
18.928,lost,,,,
18.940,lost,,,,
18.952,lost,,,,
18.967,lost,,,,
18.979,lost,,,,
18.992,lost,,,,
19.002,lost,,,,
19.017,lost,,,,
19.029,lost,,,,
19.042,lost,,,,
19.053,lost,,,,
19.067,lost,,,,
19.081,lost,,,,
19.093,lost,,,,
19.105,lost,,,,
19.118,lost,,,,
19.131,lost,,,,
19.142,lost,,,,
19.154,lost,,,,
19.168,lost,,,,
19.183,lost,,,,
19.195,lost,,,,
19.206,lost,,,,
19.220,lost,,,,
19.235,lost,,,,
19.248,lost,,,,
19.259,lost,,,,
19.272,lost,,,,
19.284,lost,,,,
19.296,lost,,,,
19.308,lost,,,,
19.321,lost,,,,
19.334,lost,,,,
19.345,lost,,,,
19.357,lost,,,,
19.370,lost,,,,
19.384,lost,,,,
19.396,lost,,,,
19.407,lost,,,,
19.421,lost,,,,
19.435,lost,,,,
19.447,lost,,,,
19.458,lost,,,,
19.471,lost,,,,
19.486,lost,,,,
19.498,lost,,,,
19.510,lost,,,,
19.523,lost,,,,
19.540,lost,,,,
19.553,lost,,,,
19.568,lost,,,,
19.582,lost,,,,
19.595,lost,,,,
19.607,lost,,,,
19.619,lost,,,,
19.634,lost,,,,
19.647,lost,,,,
19.658,lost,,,,
19.670,lost,,,,
19.685,lost,,,,
19.698,lost,,,,
19.710,lost,,,,
19.723,lost,,,,
19.735,lost,,,,
19.751,lost,,,,
19.763,lost,,,,
19.775,lost,,,,
19.788,lost,,,,
19.802,lost,,,,
19.816,lost,,,,
19.828,lost,,,,
19.842,lost,,,,
19.856,lost,,,,
19.869,lost,,,,
19.882,lost,,,,
19.896,lost,,,,
19.907,lost,,,,
19.919,lost,,,,
19.932,lost,,,,
19.946,lost,,,,
19.959,lost,,,,
19.970,lost,,,,
19.983,lost,,,,
19.998,lost,,,,
20.010,lost,,,,
20.023,lost,,,,
20.036,lost,,,,
20.049,lost,,,,
20.061,lost,,,,
20.073,lost,,,,
20.086,lost,,,,
20.101,lost,,,,
20.112,lost,,,,
20.123,lost,,,,
20.134,lost,,,,
20.149,lost,,,,
20.163,lost,,,,
20.175,lost,,,,
20.187,lost,,,,
20.201,lost,,,,
20.215,lost,,,,
20.226,lost,,,,
20.238,lost,,,,
20.252,lost,,,,
20.267,lost,,,,
20.279,lost,,,,
20.292,lost,,,,
20.304,lost,,,,
20.319,lost,,,,
20.332,lost,,,,
20.345,lost,,,,
20.358,lost,,,,
20.372,lost,,,,
20.384,lost,,,,
20.396,lost,,,,
20.408,lost,,,,
20.422,lost,,,,
20.434,lost,,,,
20.447,lost,,,,
20.461,lost,,,,
20.473,lost,,,,
20.486,lost,,,,
20.498,lost,,,,
20.512,lost,,,,
20.524,lost,,,,
20.537,lost,,,,
20.548,lost,,,,
20.559,lost,,,,
20.573,lost,,,,
20.588,lost,,,,
20.601,lost,,,,
20.615,lost,,,,
20.626,lost,,,,
20.637,lost,,,,
20.649,lost,,,,
20.667,lost,,,,
20.680,lost,,,,
20.692,lost,,,,
20.703,lost,,,,
20.718,lost,,,,
20.729,lost,,,,
20.741,lost,,,,
20.751,lost,,,,
20.766,lost,,,,
20.779,lost,,,,
20.789,lost,,,,
20.802,lost,,,,
20.816,lost,,,,
20.831,lost,,,,
20.843,lost,,,,
20.856,lost,,,,
20.870,lost,,,,
20.883,lost,,,,
20.895,lost,,,,
20.906,lost,,,,
20.920,lost,,,,
20.934,lost,,,,
20.945,lost,,,,
20.957,lost,,,,
20.969,lost,,,,
20.983,lost,,,,
20.995,lost,,,,
21.007,lost,,,,
21.020,lost,,,,
21.035,lost,,,,
21.047,lost,,,,
21.059,lost,,,,
21.072,lost,,,,
21.085,lost,,,,
21.098,lost,,,,
21.112,lost,,,,
21.126,lost,,,,
21.138,lost,,,,
21.151,lost,,,,
21.164,lost,,,,
21.177,lost,,,,
21.189,lost,,,,
21.201,lost,,,,
21.214,lost,,,,
21.228,lost,,,,
21.240,lost,,,,
21.252,lost,,,,
21.266,lost,,,,
21.280,lost,,,,
21.291,lost,,,,
21.304,lost,,,,
21.317,lost,,,,
21.333,lost,,,,
21.345,lost,,,,
21.357,lost,,,,
21.369,lost,,,,
21.384,lost,,,,
21.398,lost,,,,
21.409,lost,,,,
21.421,lost,,,,
21.435,lost,,,,
21.450,lost,,,,
21.462,lost,,,,
21.476,lost,,,,
21.488,lost,,,,
21.501,lost,,,,
21.513,lost,,,,
21.526,lost,,,,
21.537,lost,,,,
21.549,lost,,,,
21.560,lost,,,,
21.575,lost,,,,
21.587,lost,,,,
21.598,lost,,,,
21.610,lost,,,,
21.625,lost,,,,
21.636,lost,,,,
21.649,lost,,,,
21.659,lost,,,,
21.671,lost,,,,
21.684,lost,,,,
21.697,lost,,,,
21.708,lost,,,,
21.722,lost,,,,
21.736,lost,,,,
21.748,lost,,,,
21.758,lost,,,,
21.770,lost,,,,
21.785,lost,,,,
21.797,lost,,,,
21.810,lost,,,,
21.822,lost,,,,
21.835,lost,,,,
21.849,lost,,,,
21.862,lost,,,,
21.873,lost,,,,
21.887,lost,,,,
21.902,lost,,,,
21.915,lost,,,,
21.926,lost,,,,
21.939,lost,,,,
21.952,lost,,,,
21.964,lost,,,,
21.976,lost,,,,
21.990,lost,,,,
22.002,lost,,,,
22.014,lost,,,,
22.027,lost,,,,
22.041,lost,,,,
22.054,lost,,,,
22.067,lost,,,,
22.079,lost,,,,
22.092,lost,,,,
22.104,lost,,,,
22.115,lost,,,,
22.127,lost,,,,
22.140,lost,,,,
22.153,lost,,,,
22.165,lost,,,,
22.177,lost,,,,
22.189,lost,,,,
22.203,lost,,,,
22.216,lost,,,,
22.228,lost,,,,
22.239,lost,,,,
22.253,lost,,,,
22.267,lost,,,,
22.278,lost,,,,
22.291,lost,,,,
22.303,lost,,,,
22.317,lost,,,,
22.330,lost,,,,
22.341,lost,,,,
22.354,lost,,,,
22.368,lost,,,,
22.381,lost,,,,
22.392,lost,,,,
22.403,lost,,,,
22.418,lost,,,,
22.429,lost,,,,
22.444,lost,,,,
22.458,lost,,,,
22.471,lost,,,,
22.483,lost,,,,
22.496,lost,,,,
22.510,lost,,,,
22.523,lost,,,,
22.536,lost,,,,
22.549,lost,,,,
22.562,lost,,,,
22.573,lost,,,,
22.585,lost,,,,
22.598,lost,,,,
22.611,lost,,,,
22.621,lost,,,,
22.635,lost,,,,
22.647,lost,,,,
22.661,lost,,,,
22.675,lost,,,,
22.688,lost,,,,
22.699,lost,,,,
22.711,lost,,,,
22.725,lost,,,,
22.736,lost,,,,
22.748,lost,,,,
22.759,lost,,,,
22.771,lost,,,,
22.786,lost,,,,
22.799,lost,,,,
22.812,lost,,,,
22.825,lost,,,,
22.837,lost,,,,
22.850,lost,,,,
22.862,lost,,,,
22.876,lost,,,,
22.891,lost,,,,
22.903,lost,,,,
22.916,lost,,,,
22.928,lost,,,,
22.942,lost,,,,
22.954,lost,,,,
22.966,lost,,,,
22.978,lost,,,,
22.990,lost,,,,
23.004,lost,,,,
23.016,lost,,,,
23.028,lost,,,,
23.039,lost,,,,
23.052,lost,,,,
23.067,lost,,,,
23.081,lost,,,,
23.095,lost,,,,
23.107,lost,,,,
23.120,lost,,,,
23.132,lost,,,,
23.145,lost,,,,
23.158,lost,,,,
23.171,lost,,,,
23.183,lost,,,,
23.197,lost,,,,
23.209,lost,,,,
23.221,lost,,,,
23.235,lost,,,,
23.249,lost,,,,
23.263,lost,,,,
23.274,lost,,,,
23.287,lost,,,,
23.301,lost,,,,
23.314,lost,,,,
23.326,lost,,,,
23.341,lost,,,,
23.356,lost,,,,
23.369,lost,,,,
23.381,lost,,,,
23.395,lost,,,,
23.407,lost,,,,
23.420,lost,,,,
23.433,lost,,,,
23.447,lost,,,,
23.459,lost,,,,
23.472,lost,,,,
23.484,lost,,,,
23.499,lost,,,,
23.510,lost,,,,
23.523,lost,,,,
23.535,lost,,,,
23.550,lost,,,,
23.561,lost,,,,
23.573,lost,,,,
23.585,lost,,,,
23.599,lost,,,,
23.612,lost,,,,
23.623,lost,,,,
23.636,lost,,,,
23.649,lost,,,,
23.663,lost,,,,
23.675,lost,,,,
23.686,lost,,,,
23.699,lost,,,,
23.711,lost,,,,
23.725,lost,,,,
23.737,lost,,,,
23.751,lost,,,,
23.767,lost,,,,
23.780,lost,,,,
23.791,lost,,,,
23.803,lost,,,,
23.816,lost,,,,
23.829,lost,,,,
23.841,lost,,,,
23.854,lost,,,,
23.869,lost,,,,
23.880,lost,,,,
23.892,lost,,,,
23.905,lost,,,,
23.918,lost,,,,
23.931,lost,,,,
23.942,lost,,,,
23.954,lost,,,,
23.968,lost,,,,
23.980,lost,,,,
23.991,lost,,,,
24.005,lost,,,,
24.019,lost,,,,
24.033,lost,,,,
24.046,lost,,,,
24.057,lost,,,,
24.069,lost,,,,
24.083,lost,,,,
24.097,lost,,,,
24.108,lost,,,,
24.120,lost,,,,
24.135,lost,,,,
24.149,lost,,,,
24.159,lost,,,,
24.169,lost,,,,
24.183,lost,,,,
24.195,lost,,,,
24.207,lost,,,,
24.220,lost,,,,
24.234,lost,,,,
24.248,lost,,,,
24.261,lost,,,,
24.275,lost,,,,
24.287,lost,,,,
24.298,lost,,,,
24.311,lost,,,,
24.324,lost,,,,
24.338,lost,,,,
24.349,lost,,,,
24.360,lost,,,,
24.373,lost,,,,
24.387,lost,,,,
24.398,lost,,,,
24.409,lost,,,,
24.422,lost,,,,
24.436,lost,,,,
24.449,lost,,,,
24.461,lost,,,,
24.474,lost,,,,
24.488,lost,,,,
24.500,lost,,,,
24.511,lost,,,,
24.524,lost,,,,
24.538,lost,,,,
24.550,lost,,,,
24.562,lost,,,,
24.574,lost,,,,
24.587,lost,,,,
24.602,lost,,,,
24.615,lost,,,,
24.628,lost,,,,
24.641,lost,,,,
24.655,lost,,,,
24.666,lost,,,,
24.679,lost,,,,
24.693,lost,,,,
24.706,lost,,,,
24.719,lost,,,,
24.731,lost,,,,
24.744,lost,,,,
24.757,lost,,,,
24.770,lost,,,,
24.783,lost,,,,
24.798,lost,,,,
24.810,lost,,,,
24.823,lost,,,,
24.836,lost,,,,
24.850,lost,,,,
24.862,lost,,,,
24.873,lost,,,,
24.886,lost,,,,
24.900,lost,,,,
24.913,lost,,,,
24.925,lost,,,,
24.936,lost,,,,
24.951,lost,,,,
24.964,lost,,,,
24.976,lost,,,,
24.988,lost,,,,
25.001,lost,,,,
25.014,lost,,,,
25.025,lost,,,,
25.038,lost,,,,
25.052,lost,,,,
25.068,lost,,,,
25.079,lost,,,,
25.090,lost,,,,
25.104,lost,,,,
25.118,lost,,,,
25.132,lost,,,,
25.145,lost,,,,
25.158,lost,,,,
25.171,lost,,,,
25.184,lost,,,,
25.196,lost,,,,
25.206,lost,,,,
25.220,lost,,,,
25.234,lost,,,,
25.246,lost,,,,
25.258,lost,,,,
25.270,lost,,,,
25.283,lost,,,,
25.294,lost,,,,
25.306,lost,,,,
25.320,lost,,,,
25.332,lost,,,,
25.344,lost,,,,
25.357,lost,,,,
25.370,lost,,,,
25.383,lost,,,,
25.394,lost,,,,
25.407,lost,,,,
25.422,lost,,,,
25.435,lost,,,,
25.446,lost,,,,
25.459,lost,,,,
25.471,lost,,,,
25.483,lost,,,,
25.495,lost,,,,
25.508,lost,,,,
25.521,lost,,,,
25.533,lost,,,,
25.546,lost,,,,
25.559,lost,,,,
25.572,lost,,,,
25.583,lost,,,,
25.595,lost,,,,
25.608,lost,,,,
25.622,lost,,,,
25.634,lost,,,,
25.646,lost,,,,
25.658,lost,,,,
25.673,lost,,,,
25.685,lost,,,,
25.697,lost,,,,
25.709,lost,,,,
25.721,lost,,,,
25.733,lost,,,,
25.745,lost,,,,
25.756,lost,,,,
25.771,lost,,,,
25.785,lost,,,,
25.800,lost,,,,
25.812,lost,,,,
25.823,lost,,,,
25.836,lost,,,,
25.850,lost,,,,
25.863,lost,,,,
25.875,lost,,,,
25.888,lost,,,,
25.901,lost,,,,
25.912,lost,,,,
25.925,lost,,,,
25.937,lost,,,,
25.950,lost,,,,
25.963,lost,,,,
25.976,lost,,,,
25.987,lost,,,,
26.000,lost,,,,
26.011,lost,,,,
26.024,lost,,,,
26.038,lost,,,,
26.050,lost,,,,
26.062,lost,,,,
26.076,lost,,,,
26.090,lost,,,,
26.103,lost,,,,
26.116,lost,,,,
26.129,lost,,,,
26.142,lost,,,,
26.154,lost,,,,
26.167,lost,,,,
26.182,lost,,,,
26.195,lost,,,,
26.208,lost,,,,
26.219,lost,,,,
26.234,lost,,,,
26.248,lost,,,,
26.259,lost,,,,
26.272,lost,,,,
26.285,lost,,,,
26.299,lost,,,,
26.312,lost,,,,
26.325,lost,,,,
26.338,lost,,,,
26.351,lost,,,,
26.362,lost,,,,
26.373,lost,,,,
26.386,lost,,,,
26.400,lost,,,,
26.410,lost,,,,
26.423,lost,,,,
26.434,lost,,,,
26.448,lost,,,,
26.461,lost,,,,
26.472,lost,,,,
26.483,lost,,,,
26.500,lost,,,,
26.513,lost,,,,
26.524,lost,,,,
26.537,lost,,,,
26.550,lost,,,,
26.563,lost,,,,
26.574,lost,,,,
26.585,lost,,,,
26.599,lost,,,,
26.612,lost,,,,
26.624,lost,,,,
26.636,lost,,,,
26.648,lost,,,,
26.662,lost,,,,
26.675,lost,,,,
26.687,lost,,,,
26.699,lost,,,,
26.712,lost,,,,
26.724,lost,,,,
26.736,lost,,,,
26.749,lost,,,,
26.764,lost,,,,
26.776,lost,,,,
26.788,lost,,,,
26.802,lost,,,,
26.816,lost,,,,
26.828,lost,,,,
26.840,lost,,,,
26.852,lost,,,,
26.865,lost,,,,
26.878,lost,,,,
26.890,lost,,,,
26.903,lost,,,,
26.917,lost,,,,
26.928,lost,,,,
26.942,lost,,,,
26.954,lost,,,,
26.968,lost,,,,
26.981,lost,,,,
26.994,lost,,,,
27.008,lost,,,,
27.020,lost,,,,
27.032,lost,,,,
27.042,lost,,,,
27.056,lost,,,,
27.070,lost,,,,
27.082,lost,,,,
27.096,lost,,,,
27.108,lost,,,,
27.121,lost,,,,
27.133,lost,,,,
27.145,lost,,,,
27.157,lost,,,,
27.171,lost,,,,
27.183,lost,,,,
27.195,lost,,,,
27.208,lost,,,,
27.222,lost,,,,
27.234,lost,,,,
27.246,lost,,,,
27.259,lost,,,,
27.273,lost,,,,
27.286,lost,,,,
27.299,lost,,,,
27.312,lost,,,,
27.325,lost,,,,
27.337,lost,,,,
27.352,lost,,,,
27.364,lost,,,,
27.379,lost,,,,
27.392,lost,,,,
27.403,lost,,,,
27.416,lost,,,,
27.430,lost,,,,
27.442,lost,,,,
27.455,lost,,,,
27.467,lost,,,,
27.482,lost,,,,
27.494,lost,,,,
27.506,lost,,,,
27.519,lost,,,,
27.533,lost,,,,
27.546,lost,,,,
27.557,lost,,,,
27.569,lost,,,,
27.584,lost,,,,
27.595,lost,,,,
27.607,lost,,,,
27.618,lost,,,,
27.632,lost,,,,
27.645,lost,,,,
27.657,lost,,,,
27.669,lost,,,,
27.681,lost,,,,
27.696,lost,,,,
27.707,lost,,,,
27.721,lost,,,,
27.734,lost,,,,
27.746,lost,,,,
27.758,lost,,,,
27.769,lost,,,,
27.781,lost,,,,
27.793,lost,,,,
27.805,lost,,,,
27.818,lost,,,,
27.833,lost,,,,
27.846,lost,,,,
27.858,lost,,,,
27.871,lost,,,,
27.886,lost,,,,
27.899,lost,,,,
27.910,lost,,,,
27.922,lost,,,,
27.935,lost,,,,
27.949,lost,,,,
27.961,lost,,,,
27.974,lost,,,,
27.986,lost,,,,
27.999,lost,,,,
28.011,lost,,,,
28.023,lost,,,,
28.036,lost,,,,
28.050,lost,,,,
28.064,lost,,,,
28.076,lost,,,,
28.090,lost,,,,
28.104,lost,,,,
28.117,lost,,,,
28.131,lost,,,,
28.143,lost,,,,
28.158,lost,,,,
28.170,lost,,,,
28.182,lost,,,,
28.194,lost,,,,
28.207,lost,,,,
28.219,lost,,,,
28.233,lost,,,,
28.246,lost,,,,
28.258,lost,,,,
28.271,lost,,,,
28.283,lost,,,,
28.297,lost,,,,
28.309,lost,,,,
28.321,lost,,,,
28.333,lost,,,,
28.346,lost,,,,
28.359,lost,,,,
28.371,lost,,,,
28.382,lost,,,,
28.395,lost,,,,
28.409,lost,,,,
28.421,lost,,,,
28.434,lost,,,,
28.447,lost,,,,
28.459,lost,,,,
28.474,lost,,,,
28.486,lost,,,,
28.498,lost,,,,
28.512,lost,,,,
28.524,lost,,,,
28.536,lost,,,,
28.548,lost,,,,
28.559,lost,,,,
28.572,lost,,,,
28.586,lost,,,,
28.600,lost,,,,
28.615,lost,,,,
28.628,lost,,,,
28.641,lost,,,,
28.654,lost,,,,
28.669,lost,,,,
28.682,lost,,,,
28.693,lost,,,,
28.706,lost,,,,
28.718,lost,,,,
28.731,lost,,,,
28.742,lost,,,,
28.755,lost,,,,
28.769,lost,,,,
28.782,lost,,,,
28.793,lost,,,,
28.809,lost,,,,
28.820,lost,,,,
28.833,lost,,,,
28.846,lost,,,,
28.862,lost,,,,
28.874,lost,,,,
28.885,lost,,,,
28.898,lost,,,,
28.910,lost,,,,
28.924,lost,,,,
28.938,lost,,,,
28.951,lost,,,,
28.964,lost,,,,
28.977,lost,,,,
28.990,lost,,,,
29.004,lost,,,,
29.016,lost,,,,
29.030,lost,,,,
29.043,lost,,,,
29.055,lost,,,,
29.067,lost,,,,
29.083,lost,,,,
29.097,lost,,,,
29.109,lost,,,,
29.121,lost,,,,
29.134,lost,,,,
29.148,lost,,,,
29.160,lost,,,,
29.170,lost,,,,
29.185,lost,,,,
29.199,lost,,,,
29.212,lost,,,,
29.225,lost,,,,
29.238,lost,,,,
29.252,lost,,,,
29.264,lost,,,,
29.278,lost,,,,
29.291,lost,,,,
29.304,lost,,,,
29.317,lost,,,,
29.332,lost,,,,
29.344,lost,,,,
29.356,lost,,,,
29.368,lost,,,,
29.381,lost,,,,
29.394,lost,,,,
29.404,lost,,,,
29.416,lost,,,,
29.431,lost,,,,
29.444,lost,,,,
29.457,lost,,,,
29.470,lost,,,,
29.482,lost,,,,
29.495,lost,,,,
29.507,lost,,,,
29.518,lost,,,,
29.532,lost,,,,
29.545,lost,,,,
29.556,lost,,,,
29.567,lost,,,,
29.581,lost,,,,
29.595,lost,,,,
29.607,lost,,,,
29.617,lost,,,,
29.631,lost,,,,
29.645,lost,,,,
29.656,lost,,,,
29.668,lost,,,,
29.681,lost,,,,
29.693,lost,,,,
29.705,lost,,,,
29.718,lost,,,,
29.731,lost,,,,
29.744,lost,,,,
29.756,lost,,,,
29.770,lost,,,,
29.783,lost,,,,
29.796,lost,,,,
29.808,lost,,,,
29.820,lost,,,,
29.833,lost,,,,
29.847,lost,,,,
29.859,lost,,,,
29.869,lost,,,,
29.883,lost,,,,
29.899,lost,,,,
29.912,lost,,,,
29.924,lost,,,,
29.936,lost,,,,
29.950,lost,,,,
29.963,lost,,,,
29.975,lost,,,,
29.987,lost,,,,
30.000,lost,,,,
30.015,lost,,,,
30.027,lost,,,,
30.039,lost,,,,
30.051,lost,,,,
30.065,lost,,,,
30.078,lost,,,,
30.090,lost,,,,
30.103,lost,,,,
30.116,lost,,,,
30.129,lost,,,,
30.141,lost,,,,
30.152,lost,,,,
30.165,lost,,,,
30.175,lost,,,,
30.188,lost,,,,
30.200,lost,,,,
30.215,lost,,,,
30.228,lost,,,,
30.240,lost,,,,
30.254,lost,,,,
30.266,lost,,,,
30.278,lost,,,,
30.289,lost,,,,
30.303,lost,,,,
30.319,lost,,,,
30.331,lost,,,,
30.342,lost,,,,
30.353,lost,,,,
30.367,lost,,,,
30.379,lost,,,,
30.392,lost,,,,
30.403,lost,,,,
30.417,lost,,,,
30.429,lost,,,,
30.440,lost,,,,
30.454,lost,,,,
30.466,lost,,,,
30.480,lost,,,,
30.495,lost,,,,
30.507,lost,,,,
30.520,lost,,,,
30.536,lost,,,,
30.549,lost,,,,
30.560,lost,,,,
30.572,lost,,,,
30.586,lost,,,,
30.600,lost,,,,
30.612,lost,,,,
30.623,lost,,,,
30.637,lost,,,,
30.651,lost,,,,
30.664,lost,,,,
30.677,lost,,,,
30.690,lost,,,,
30.701,lost,,,,
30.715,lost,,,,
30.727,lost,,,,
30.739,lost,,,,
30.752,lost,,,,
30.766,lost,,,,
30.780,lost,,,,
30.792,lost,,,,
30.805,lost,,,,
30.818,lost,,,,
30.833,lost,,,,
30.846,lost,,,,
30.859,lost,,,,
30.872,lost,,,,
30.887,lost,,,,
30.900,lost,,,,
30.911,lost,,,,
30.925,lost,,,,
30.937,lost,,,,
30.952,lost,,,,
30.964,lost,,,,
30.977,lost,,,,
30.991,lost,,,,
31.003,lost,,,,
31.015,lost,,,,
31.027,lost,,,,
31.039,lost,,,,
31.051,lost,,,,
31.063,lost,,,,
31.077,lost,,,,
31.089,lost,,,,
31.101,lost,,,,
31.113,lost,,,,
31.126,lost,,,,
31.139,lost,,,,
31.152,lost,,,,
31.163,lost,,,,
31.177,lost,,,,
31.188,lost,,,,
31.200,lost,,,,
31.212,lost,,,,
31.224,lost,,,,
31.237,lost,,,,
31.250,lost,,,,
31.262,lost,,,,
31.276,lost,,,,
31.288,lost,,,,
31.299,lost,,,,
31.312,lost,,,,
31.326,lost,,,,
31.337,lost,,,,
31.349,lost,,,,
31.361,lost,,,,
31.374,lost,,,,
31.387,lost,,,,
31.401,lost,,,,
31.412,lost,,,,
31.425,lost,,,,
31.438,lost,,,,
31.449,lost,,,,
31.461,lost,,,,
31.473,lost,,,,
31.485,lost,,,,
31.499,lost,,,,
31.512,lost,,,,
31.525,lost,,,,
31.539,lost,,,,
31.550,lost,,,,
31.560,lost,,,,
31.570,lost,,,,
31.582,lost,,,,
31.596,lost,,,,
31.609,lost,,,,
31.623,lost,,,,
31.636,lost,,,,
31.649,lost,,,,
31.660,lost,,,,
31.670,lost,,,,
31.684,lost,,,,
31.698,lost,,,,
31.710,lost,,,,
31.722,lost,,,,
31.738,lost,,,,
31.750,lost,,,,
31.761,lost,,,,
31.772,lost,,,,
31.785,lost,,,,
31.800,lost,,,,
31.810,lost,,,,
31.823,lost,,,,
31.835,lost,,,,
31.848,lost,,,,
31.858,lost,,,,
31.871,lost,,,,
31.884,lost,,,,
31.896,lost,,,,
31.908,lost,,,,
31.920,lost,,,,
31.935,lost,,,,
31.947,lost,,,,
31.957,lost,,,,
31.969,lost,,,,
31.983,lost,,,,
31.996,lost,,,,
32.009,lost,,,,
32.020,lost,,,,
32.034,lost,,,,
32.047,lost,,,,
32.058,lost,,,,
32.071,lost,,,,
32.083,lost,,,,
32.095,lost,,,,
32.107,lost,,,,
32.120,lost,,,,
32.134,lost,,,,
32.145,lost,,,,
32.157,lost,,,,
32.169,lost,,,,
32.182,lost,,,,
32.194,lost,,,,
32.206,lost,,,,
32.218,lost,,,,
32.234,lost,,,,
32.246,lost,,,,
32.257,lost,,,,
32.271,lost,,,,
32.285,lost,,,,
32.296,lost,,,,
32.308,lost,,,,
32.320,lost,,,,
32.333,lost,,,,
32.345,lost,,,,
32.356,lost,,,,
32.368,lost,,,,
32.381,lost,,,,
32.395,lost,,,,
32.407,lost,,,,
32.420,lost,,,,
32.433,lost,,,,
32.445,lost,,,,
32.455,lost,,,,
32.468,lost,,,,
32.482,lost,,,,
32.494,lost,,,,
32.507,lost,,,,
32.519,lost,,,,
32.534,lost,,,,
32.546,lost,,,,
32.557,lost,,,,
32.570,lost,,,,
32.586,lost,,,,
32.598,lost,,,,
32.610,lost,,,,
32.620,lost,,,,
32.632,lost,,,,
32.645,lost,,,,
32.657,lost,,,,
32.670,lost,,,,
32.682,lost,,,,
32.692,lost,,,,
32.704,lost,,,,
32.716,lost,,,,
32.730,lost,,,,
32.741,lost,,,,
32.753,lost,,,,
32.766,lost,,,,
32.781,lost,,,,
32.793,lost,,,,
32.806,lost,,,,
32.820,lost,,,,
32.836,lost,,,,
32.849,lost,,,,
32.861,lost,,,,
32.874,lost,,,,
32.888,lost,,,,
32.900,lost,,,,
32.911,lost,,,,
32.923,lost,,,,
32.937,lost,,,,
32.949,lost,,,,
32.961,lost,,,,
32.974,lost,,,,
32.987,lost,,,,
33.000,lost,,,,
33.012,lost,,,,
33.026,lost,,,,
33.038,lost,,,,
33.050,lost,,,,
33.062,lost,,,,
33.075,lost,,,,
33.089,lost,,,,
33.102,lost,,,,
33.115,lost,,,,
33.128,lost,,,,
33.144,lost,,,,
33.158,lost,,,,
33.171,lost,,,,
33.186,lost,,,,
33.201,lost,,,,
33.214,lost,,,,
33.225,lost,,,,
33.237,lost,,,,
33.252,lost,,,,
33.266,lost,,,,
33.276,lost,,,,
33.289,lost,,,,
33.303,lost,,,,
33.316,lost,,,,
33.329,lost,,,,
33.342,lost,,,,
33.355,lost,,,,
33.367,lost,,,,
33.379,lost,,,,
33.393,lost,,,,
33.405,lost,,,,
33.418,lost,,,,
33.430,lost,,,,
33.443,lost,,,,
33.455,lost,,,,
33.467,lost,,,,
33.479,lost,,,,
33.491,lost,,,,
33.504,lost,,,,
33.517,lost,,,,
33.532,lost,,,,
33.544,lost,,,,
33.556,lost,,,,
33.569,lost,,,,
33.582,lost,,,,
33.596,lost,,,,
33.610,lost,,,,
33.623,lost,,,,
33.635,lost,,,,
33.646,lost,,,,
33.659,lost,,,,
33.672,lost,,,,
33.683,lost,,,,
33.695,lost,,,,
33.708,lost,,,,
33.721,lost,,,,
33.732,lost,,,,
33.744,lost,,,,
33.756,lost,,,,
33.769,lost,,,,
33.782,lost,,,,
33.793,lost,,,,
33.807,lost,,,,
33.819,lost,,,,
33.832,lost,,,,
33.844,lost,,,,
33.855,lost,,,,
33.871,lost,,,,
33.883,lost,,,,
33.895,lost,,,,
33.910,lost,,,,
33.924,lost,,,,
33.937,lost,,,,
33.949,lost,,,,
33.965,lost,,,,
33.977,lost,,,,
33.990,lost,,,,
34.002,lost,,,,
34.015,lost,,,,
34.026,lost,,,,
34.037,lost,,,,
34.049,lost,,,,
34.061,lost,,,,
34.073,lost,,,,
34.084,lost,,,,
34.095,lost,,,,
34.108,lost,,,,
34.121,lost,,,,
34.133,lost,,,,
34.144,lost,,,,
34.156,lost,,,,
34.170,lost,,,,
34.182,lost,,,,
34.193,lost,,,,
34.204,lost,,,,
34.219,lost,,,,
34.231,lost,,,,
34.242,lost,,,,
34.255,lost,,,,
34.268,lost,,,,
34.280,lost,,,,
34.291,lost,,,,
34.304,lost,,,,
34.317,lost,,,,
34.329,lost,,,,
34.341,lost,,,,
34.355,lost,,,,
34.368,lost,,,,
34.379,lost,,,,
34.389,lost,,,,
34.401,lost,,,,
34.415,lost,,,,
34.426,lost,,,,
34.440,lost,,,,
34.453,lost,,,,
34.466,lost,,,,
34.477,lost,,,,
34.487,lost,,,,
34.500,lost,,,,
34.514,lost,,,,
34.526,lost,,,,
34.537,lost,,,,
34.551,lost,,,,
34.564,lost,,,,
34.575,lost,,,,
34.587,lost,,,,
34.599,lost,,,,
34.610,lost,,,,
34.623,lost,,,,
34.635,lost,,,,
34.646,lost,,,,
34.658,lost,,,,
34.670,lost,,,,
34.682,lost,,,,
34.692,lost,,,,
34.702,lost,,,,
34.715,lost,,,,
34.732,lost,,,,
34.744,lost,,,,
34.756,lost,,,,
34.770,lost,,,,
34.781,lost,,,,
34.795,lost,,,,
34.807,lost,,,,
34.821,lost,,,,
34.832,lost,,,,
34.845,lost,,,,
34.856,lost,,,,
34.869,lost,,,,
34.881,lost,,,,
34.891,lost,,,,
34.902,lost,,,,
34.916,lost,,,,
34.928,lost,,,,
34.941,lost,,,,
34.953,lost,,,,
34.966,lost,,,,
34.978,lost,,,,
34.989,lost,,,,
35.001,lost,,,,
35.015,lost,,,,
35.026,lost,,,,
35.039,lost,,,,
35.051,lost,,,,
35.064,lost,,,,
35.074,lost,,,,
35.086,lost,,,,
35.100,lost,,,,
35.113,lost,,,,
35.125,lost,,,,
35.137,lost,,,,
35.151,lost,,,,
35.164,lost,,,,
35.175,lost,,,,
35.187,lost,,,,
35.200,lost,,,,
35.213,lost,,,,
35.224,lost,,,,
35.236,lost,,,,
35.250,lost,,,,
35.263,lost,,,,
35.274,lost,,,,
35.286,lost,,,,
35.299,lost,,,,
35.312,lost,,,,
35.323,lost,,,,
35.336,lost,,,,
35.350,lost,,,,
35.362,lost,,,,
35.372,lost,,,,
35.384,lost,,,,
35.398,lost,,,,
35.410,lost,,,,
35.421,lost,,,,
35.432,lost,,,,
35.444,lost,,,,
35.459,lost,,,,
35.472,lost,,,,
35.484,lost,,,,
35.496,lost,,,,
35.509,lost,,,,
35.521,lost,,,,
35.532,lost,,,,
35.544,lost,,,,
35.557,lost,,,,
35.570,lost,,,,
35.582,lost,,,,
35.595,lost,,,,
35.610,lost,,,,
35.622,lost,,,,
35.633,lost,,,,
35.648,lost,,,,
35.661,lost,,,,
35.673,lost,,,,
35.684,lost,,,,
35.699,lost,,,,
35.714,lost,,,,
35.726,lost,,,,
35.738,lost,,,,
35.750,lost,,,,
35.764,lost,,,,
35.779,lost,,,,
35.791,lost,,,,
35.802,lost,,,,
35.815,lost,,,,
35.829,lost,,,,
35.843,lost,,,,
35.858,lost,,,,
35.874,lost,,,,
35.886,lost,,,,
35.898,lost,,,,
35.913,lost,,,,
35.925,lost,,,,
35.937,lost,,,,
35.949,lost,,,,
35.961,lost,,,,
35.974,lost,,,,
35.987,lost,,,,
36.000,lost,,,,
36.012,lost,,,,
36.023,lost,,,,
36.035,lost,,,,
36.048,lost,,,,
36.058,lost,,,,
36.071,lost,,,,
36.085,lost,,,,
36.099,lost,,,,
36.110,lost,,,,
36.125,lost,,,,
36.137,lost,,,,
36.150,lost,,,,
36.161,lost,,,,
36.174,lost,,,,
36.187,lost,,,,
36.200,lost,,,,
36.212,lost,,,,
36.225,lost,,,,
36.239,lost,,,,
36.252,lost,,,,
36.265,lost,,,,
36.279,lost,,,,
36.293,lost,,,,
36.305,lost,,,,
36.318,lost,,,,
36.330,lost,,,,
36.342,lost,,,,
36.355,lost,,,,
36.367,lost,,,,
36.379,lost,,,,
36.391,lost,,,,
36.405,lost,,,,
36.419,lost,,,,
36.431,lost,,,,
36.444,lost,,,,
36.458,lost,,,,
36.470,lost,,,,
36.483,lost,,,,
36.497,lost,,,,
36.509,lost,,,,
36.520,lost,,,,
36.532,lost,,,,
36.546,lost,,,,
36.558,lost,,,,
36.570,lost,,,,
36.583,lost,,,,
36.597,lost,,,,
36.609,lost,,,,
36.620,lost,,,,
36.634,lost,,,,
36.650,lost,,,,
36.663,lost,,,,
36.674,lost,,,,
36.685,lost,,,,
36.702,lost,,,,
36.716,lost,,,,
36.726,lost,,,,
36.738,lost,,,,
36.753,lost,,,,
36.766,lost,,,,
36.777,lost,,,,
36.790,lost,,,,
36.803,lost,,,,
36.816,lost,,,,
36.828,lost,,,,
36.842,lost,,,,
36.854,lost,,,,
36.866,lost,,,,
36.878,lost,,,,
36.891,lost,,,,
36.906,lost,,,,
36.918,lost,,,,
36.931,lost,,,,
36.944,lost,,,,
36.957,lost,,,,
36.969,lost,,,,
36.981,lost,,,,
36.994,lost,,,,
37.007,lost,,,,
37.020,lost,,,,
37.033,lost,,,,
37.047,lost,,,,
37.062,lost,,,,
37.074,lost,,,,
37.084,lost,,,,
37.098,lost,,,,
37.113,lost,,,,
37.125,lost,,,,
37.137,lost,,,,
37.151,lost,,,,
37.163,lost,,,,
37.174,lost,,,,
37.187,lost,,,,
37.198,lost,,,,
37.209,lost,,,,
37.222,lost,,,,
37.236,lost,,,,
37.250,lost,,,,
37.263,lost,,,,
37.275,lost,,,,
37.288,lost,,,,
37.300,lost,,,,
37.315,lost,,,,
37.328,lost,,,,
37.338,lost,,,,
37.350,lost,,,,
37.366,lost,,,,
37.379,lost,,,,
37.391,lost,,,,
37.404,lost,,,,
37.420,lost,,,,
37.435,lost,,,,
37.447,lost,,,,
37.460,lost,,,,
37.473,lost,,,,
37.487,lost,,,,
37.499,lost,,,,
37.511,lost,,,,
37.524,lost,,,,
37.538,lost,,,,
37.550,lost,,,,
37.564,lost,,,,
37.578,lost,,,,
37.591,lost,,,,
37.602,lost,,,,
37.614,lost,,,,
37.627,lost,,,,
37.640,lost,,,,
37.653,lost,,,,
37.666,lost,,,,
37.682,lost,,,,
37.694,lost,,,,
37.708,lost,,,,
37.720,lost,,,,
37.733,lost,,,,
37.746,lost,,,,
37.760,lost,,,,
37.773,lost,,,,
37.785,lost,,,,
37.801,lost,,,,
37.814,lost,,,,
37.827,lost,,,,
37.841,lost,,,,
37.856,lost,,,,
37.869,lost,,,,
37.880,lost,,,,
37.894,lost,,,,
37.907,lost,,,,
37.920,lost,,,,
37.932,lost,,,,
37.944,lost,,,,
37.958,lost,,,,
37.970,lost,,,,
37.983,lost,,,,
37.996,lost,,,,
38.011,lost,,,,
38.025,lost,,,,
38.036,lost,,,,
38.048,lost,,,,
38.061,lost,,,,
38.074,lost,,,,
38.088,lost,,,,
38.101,lost,,,,
38.114,lost,,,,
38.125,lost,,,,
38.136,lost,,,,
38.149,lost,,,,
38.163,lost,,,,
38.175,lost,,,,
38.186,lost,,,,
38.198,lost,,,,
38.212,lost,,,,
38.225,lost,,,,
38.238,lost,,,,
38.250,lost,,,,
38.263,lost,,,,
38.277,lost,,,,
38.289,lost,,,,
38.302,lost,,,,
38.316,lost,,,,
38.329,lost,,,,
38.342,lost,,,,
38.355,lost,,,,
38.368,lost,,,,
38.385,lost,,,,
38.399,lost,,,,
38.414,lost,,,,
38.426,lost,,,,
38.439,lost,,,,
38.452,lost,,,,
38.466,lost,,,,
38.483,lost,,,,
38.496,lost,,,,
38.510,lost,,,,
38.523,lost,,,,
38.538,lost,,,,
38.553,lost,,,,
38.568,lost,,,,
38.582,lost,,,,
38.595,lost,,,,
38.609,lost,,,,
38.622,lost,,,,
38.635,lost,,,,
38.649,lost,,,,
38.664,lost,,,,
38.679,lost,,,,
38.694,lost,,,,
38.708,lost,,,,
38.721,lost,,,,
38.737,lost,,,,
38.753,lost,,,,
38.769,lost,,,,
38.782,lost,,,,
38.794,lost,,,,
38.806,lost,,,,
38.820,lost,,,,
38.836,lost,,,,
38.852,lost,,,,
38.866,lost,,,,
38.881,lost,,,,
38.895,lost,,,,
38.910,lost,,,,
38.926,lost,,,,
38.941,lost,,,,
38.954,lost,,,,
38.969,lost,,,,
38.982,lost,,,,
38.999,lost,,,,
39.013,lost,,,,
39.027,lost,,,,
39.041,lost,,,,
39.054,lost,,,,
39.068,lost,,,,
39.082,lost,,,,
39.096,lost,,,,
39.109,lost,,,,
39.122,lost,,,,
39.137,lost,,,,
39.153,lost,,,,
39.169,lost,,,,
39.186,lost,,,,
39.202,lost,,,,
39.220,lost,,,,
39.236,lost,,,,
39.254,lost,,,,
39.272,lost,,,,
39.288,lost,,,,
39.309,lost,,,,
39.327,lost,,,,
39.345,lost,,,,
39.362,lost,,,,
39.383,lost,,,,
39.399,lost,,,,
39.417,lost,,,,
39.432,lost,,,,
39.450,lost,,,,
39.467,lost,,,,
39.483,lost,,,,
39.498,lost,,,,
39.516,lost,,,,
39.533,lost,,,,
39.551,lost,,,,
39.565,lost,,,,
39.581,lost,,,,
39.596,lost,,,,
39.615,lost,,,,
39.628,lost,,,,
39.645,lost,,,,
39.660,lost,,,,
39.678,lost,,,,
39.693,lost,,,,
39.708,lost,,,,
39.723,lost,,,,
39.736,lost,,,,
39.750,lost,,,,
39.762,lost,,,,
39.777,lost,,,,
39.789,lost,,,,
39.800,lost,,,,
39.814,lost,,,,
39.825,lost,,,,
39.838,lost,,,,
39.850,lost,,,,
39.863,lost,,,,
39.877,lost,,,,
39.889,lost,,,,
39.900,lost,,,,
39.915,lost,,,,
39.926,lost,,,,
39.938,lost,,,,
39.950,lost,,,,
39.962,lost,,,,
39.976,lost,,,,
39.988,lost,,,,
40.000,lost,,,,
40.015,lost,,,,
40.028,lost,,,,
40.040,lost,,,,
40.054,lost,,,,
40.067,lost,,,,
40.081,lost,,,,
40.094,lost,,,,
40.109,lost,,,,
40.121,lost,,,,
40.134,lost,,,,
40.151,lost,,,,
40.162,lost,,,,
40.176,lost,,,,
40.188,lost,,,,
40.202,lost,,,,
40.217,lost,,,,
40.229,lost,,,,
40.244,lost,,,,
40.258,target,0.193,-0.173,2.141,1
40.274,target,0.193,-0.173,2.141,1
40.293,target,0.193,-0.173,2.141,1
40.306,target,0.193,-0.173,2.141,1
40.324,target,0.193,-0.173,2.141,1
40.342,target,0.193,-0.173,2.141,1
40.356,target,0.185,-0.190,2.381,1
40.370,target,0.185,-0.190,2.381,1
40.388,target,0.185,-0.190,2.381,1
40.404,target,0.185,-0.190,2.381,1
40.420,target,0.185,-0.190,2.381,1
40.433,target,0.185,-0.190,2.381,1
40.449,target,0.185,-0.190,2.381,1
40.461,target,0.185,-0.190,2.381,1
40.475,target,0.185,-0.190,2.381,1
40.489,target,0.185,-0.190,2.381,1
40.506,target,0.185,-0.190,2.381,1
40.522,target,0.185,-0.190,2.381,1
40.537,target,0.185,-0.190,2.381,1
40.554,target,0.185,-0.190,2.381,1
40.567,target,0.185,-0.190,2.381,1
40.582,target,0.185,-0.190,2.381,1
40.595,target,0.185,-0.190,2.381,1
40.610,target,0.185,-0.190,2.381,1
40.625,target,0.185,-0.190,2.381,1
40.638,target,0.185,-0.190,2.381,1
40.653,target,0.185,-0.190,2.381,1
40.666,target,0.185,-0.190,2.381,1
40.680,target,0.185,-0.190,2.381,1
40.692,target,0.185,-0.190,2.381,1
40.702,target,0.185,-0.190,2.381,1
40.714,target,0.185,-0.190,2.381,1
40.725,target,0.185,-0.190,2.381,1
40.737,target,0.185,-0.190,2.381,1
40.750,target,0.185,-0.190,2.381,1
40.761,target,0.185,-0.190,2.381,1
40.772,target,0.185,-0.190,2.381,1
40.784,target,0.185,-0.190,2.381,1
40.795,target,0.185,-0.190,2.381,1
40.804,target,0.185,-0.190,2.381,1
40.817,target,0.185,-0.190,2.381,1
40.827,target,0.185,-0.190,2.381,1
40.837,target,0.185,-0.190,2.381,1
40.850,target,0.185,-0.190,2.381,1
40.860,target,0.185,-0.190,2.381,1
40.870,target,0.185,-0.190,2.381,1
40.882,lost,,,,
40.895,lost,,,,
40.909,lost,,,,
40.923,lost,,,,
40.935,lost,,,,
40.950,lost,,,,
40.962,lost,,,,
40.975,lost,,,,
40.986,lost,,,,
40.995,lost,,,,
41.005,lost,,,,
41.017,lost,,,,
41.028,lost,,,,
41.040,lost,,,,
41.053,lost,,,,
41.064,lost,,,,
41.078,lost,,,,
41.089,lost,,,,
41.101,lost,,,,
41.115,lost,,,,
41.126,lost,,,,
41.137,lost,,,,
41.151,lost,,,,
41.160,lost,,,,
41.170,lost,,,,
41.183,lost,,,,
41.192,lost,,,,
41.201,lost,,,,
41.214,lost,,,,
41.224,lost,,,,
41.233,lost,,,,
41.244,lost,,,,
41.255,lost,,,,
41.265,lost,,,,
41.273,lost,,,,
41.287,lost,,,,
41.299,lost,,,,
41.308,lost,,,,
41.318,lost,,,,
41.328,lost,,,,
41.337,lost,,,,
41.349,lost,,,,
41.358,lost,,,,
41.369,lost,,,,
41.381,lost,,,,
41.391,lost,,,,
41.400,lost,,,,
41.409,lost,,,,
41.420,lost,,,,
41.429,lost,,,,
41.438,lost,,,,
41.450,lost,,,,
41.460,lost,,,,
41.470,lost,,,,
41.484,lost,,,,
41.493,lost,,,,
41.503,lost,,,,
41.516,lost,,,,
41.526,lost,,,,
41.537,lost,,,,
41.550,lost,,,,
41.560,lost,,,,
41.568,lost,,,,
41.579,lost,,,,
41.588,lost,,,,
41.597,lost,,,,
41.608,lost,,,,
41.617,lost,,,,
41.626,lost,,,,
41.634,lost,,,,
41.647,lost,,,,
41.655,lost,,,,
41.664,lost,,,,
41.674,lost,,,,
41.684,lost,,,,
41.692,lost,,,,
41.702,lost,,,,
41.716,lost,,,,
41.726,lost,,,,
41.743,lost,,,,
41.757,lost,,,,
41.773,lost,,,,
41.784,lost,,,,
41.798,lost,,,,
41.812,lost,,,,
41.821,lost,,,,
41.833,lost,,,,
41.844,lost,,,,
41.857,lost,,,,
41.870,lost,,,,
41.881,lost,,,,
41.891,lost,,,,
41.903,lost,,,,
41.914,lost,,,,
41.926,lost,,,,
41.937,lost,,,,
41.948,lost,,,,
41.958,lost,,,,
41.968,lost,,,,
41.977,lost,,,,
41.989,lost,,,,
42.001,lost,,,,
42.011,lost,,,,
42.023,lost,,,,
42.034,lost,,,,
42.045,lost,,,,
42.056,lost,,,,
42.068,lost,,,,
42.081,lost,,,,
42.090,lost,,,,
42.102,lost,,,,
42.115,lost,,,,
42.125,lost,,,,
42.135,lost,,,,
42.147,lost,,,,
42.157,lost,,,,
42.168,lost,,,,
42.178,lost,,,,
42.187,lost,,,,
42.198,lost,,,,
42.206,lost,,,,
42.215,lost,,,,
42.224,lost,,,,
42.233,lost,,,,
42.241,lost,,,,
42.249,lost,,,,
42.258,lost,,,,
42.268,lost,,,,
42.276,lost,,,,
42.287,lost,,,,
42.299,lost,,,,
42.308,lost,,,,
42.316,lost,,,,
42.325,lost,,,,
42.337,lost,,,,
42.350,lost,,,,
42.360,lost,,,,
42.368,lost,,,,
42.375,lost,,,,
42.385,lost,,,,
42.396,lost,,,,
42.404,lost,,,,
42.413,lost,,,,
42.421,lost,,,,
42.432,lost,,,,
42.440,lost,,,,
42.450,lost,,,,
42.461,lost,,,,
42.469,lost,,,,
42.476,lost,,,,
42.485,lost,,,,
42.496,lost,,,,
42.505,lost,,,,
42.513,lost,,,,
42.522,lost,,,,
42.532,lost,,,,
42.541,lost,,,,
42.552,lost,,,,
42.566,lost,,,,
42.576,lost,,,,
42.587,lost,,,,
42.600,lost,,,,
42.610,lost,,,,
42.622,lost,,,,
42.634,lost,,,,
42.643,lost,,,,
42.653,lost,,,,
42.666,lost,,,,
42.674,lost,,,,
42.684,lost,,,,
42.696,lost,,,,
42.704,lost,,,,
42.712,lost,,,,
42.721,lost,,,,
42.731,lost,,,,
42.741,lost,,,,
42.754,lost,,,,
42.766,lost,,,,
42.774,lost,,,,
42.783,lost,,,,
42.794,lost,,,,
42.801,lost,,,,
42.809,lost,,,,
42.819,lost,,,,
42.830,lost,,,,
42.840,lost,,,,
42.851,lost,,,,
42.864,lost,,,,
42.873,lost,,,,
42.881,lost,,,,
42.892,lost,,,,
42.901,lost,,,,
42.909,lost,,,,
42.916,lost,,,,
42.928,lost,,,,
42.936,lost,,,,
42.944,lost,,,,
42.953,lost,,,,
42.964,lost,,,,
42.973,lost,,,,
42.982,lost,,,,
42.992,lost,,,,
43.000,lost,,,,
43.011,lost,,,,
43.021,lost,,,,
43.033,lost,,,,
43.041,lost,,,,
43.051,lost,,,,
43.062,lost,,,,
43.071,lost,,,,
43.080,lost,,,,
43.088,lost,,,,
43.098,lost,,,,
43.106,lost,,,,
43.116,lost,,,,
43.126,lost,,,,
43.137,lost,,,,
43.147,lost,,,,
43.159,lost,,,,
43.168,lost,,,,
43.177,lost,,,,
43.187,lost,,,,
43.198,lost,,,,
43.208,lost,,,,
43.220,lost,,,,
43.231,lost,,,,
43.241,lost,,,,
43.254,lost,,,,
43.264,lost,,,,
43.274,lost,,,,
43.288,lost,,,,
43.298,lost,,,,
43.309,lost,,,,
43.323,lost,,,,
43.332,lost,,,,
43.340,lost,,,,
43.351,lost,,,,
43.361,lost,,,,
43.371,lost,,,,
43.382,lost,,,,
43.393,lost,,,,
43.403,lost,,,,
43.414,lost,,,,
43.425,lost,,,,
43.434,lost,,,,
43.442,lost,,,,
43.451,lost,,,,
43.460,lost,,,,
43.470,lost,,,,
43.483,lost,,,,
43.495,lost,,,,
43.502,lost,,,,
43.513,lost,,,,
43.523,lost,,,,
43.531,lost,,,,
43.539,lost,,,,
43.550,lost,,,,
43.558,lost,,,,
43.570,lost,,,,
43.584,lost,,,,
43.591,lost,,,,
43.598,lost,,,,
43.606,lost,,,,
43.613,lost,,,,
43.624,lost,,,,
43.633,lost,,,,
43.645,lost,,,,
43.656,lost,,,,
43.667,lost,,,,
43.676,lost,,,,
43.688,lost,,,,
43.699,lost,,,,
43.710,lost,,,,
43.722,lost,,,,
43.732,lost,,,,
43.743,lost,,,,
43.754,lost,,,,
43.763,lost,,,,
43.771,lost,,,,
43.780,lost,,,,
43.788,lost,,,,
43.796,lost,,,,
43.804,lost,,,,
43.817,lost,,,,
43.825,lost,,,,
43.832,lost,,,,
43.839,lost,,,,
43.849,lost,,,,
43.858,lost,,,,
43.870,lost,,,,
43.882,lost,,,,
43.890,lost,,,,
43.900,lost,,,,
43.910,lost,,,,
43.920,lost,,,,
43.928,lost,,,,
43.938,lost,,,,
43.952,lost,,,,
43.963,lost,,,,
43.974,lost,,,,
43.985,lost,,,,
43.993,lost,,,,
44.005,lost,,,,
44.016,lost,,,,
44.024,lost,,,,
44.033,lost,,,,
44.042,lost,,,,
44.053,lost,,,,
44.063,lost,,,,
44.074,lost,,,,
44.084,lost,,,,
44.091,lost,,,,
44.102,lost,,,,
44.113,lost,,,,
44.122,lost,,,,
44.131,lost,,,,
44.139,lost,,,,
44.149,lost,,,,
44.156,lost,,,,
44.166,lost,,,,
44.177,lost,,,,
44.187,lost,,,,
44.196,lost,,,,
44.205,lost,,,,
44.215,lost,,,,
44.222,lost,,,,
44.231,lost,,,,
44.240,lost,,,,
44.250,lost,,,,
44.257,lost,,,,
44.268,lost,,,,
44.281,lost,,,,
44.289,lost,,,,
44.297,lost,,,,
44.307,lost,,,,
44.320,lost,,,,
44.330,lost,,,,
44.339,lost,,,,
44.350,lost,,,,
44.359,lost,,,,
44.371,lost,,,,
44.384,lost,,,,
44.391,lost,,,,
44.403,lost,,,,
44.413,lost,,,,
44.421,lost,,,,
44.429,lost,,,,
44.438,lost,,,,
44.450,lost,,,,
44.457,lost,,,,
44.468,lost,,,,
44.478,lost,,,,
44.486,lost,,,,
44.495,lost,,,,
44.505,lost,,,,
44.513,lost,,,,
44.522,lost,,,,
44.531,lost,,,,
44.540,lost,,,,
44.550,lost,,,,
44.562,lost,,,,
44.578,lost,,,,
44.587,lost,,,,
44.597,lost,,,,
44.608,lost,,,,
44.619,lost,,,,
44.627,lost,,,,
44.638,lost,,,,
44.647,lost,,,,
44.657,lost,,,,
44.670,lost,,,,
44.685,lost,,,,
44.696,lost,,,,
44.708,target,-0.003,-0.075,10.392,1
44.719,target,-0.003,-0.075,10.392,1
44.729,target,-0.003,-0.075,10.392,1
44.740,target,-0.003,-0.075,10.392,1
44.753,target,-0.003,-0.075,10.392,1
44.767,target,-0.003,-0.075,10.392,1
44.781,target,-0.003,-0.075,10.392,1
44.791,target,-0.003,-0.075,10.392,1
44.803,target,-0.003,-0.075,10.392,1
44.819,target,-0.003,-0.075,10.392,1
44.833,target,-0.003,-0.075,10.392,1
44.849,target,-0.003,-0.075,10.392,1
44.857,target,-0.003,-0.075,10.392,1
44.871,target,-0.003,-0.075,10.392,1
44.882,target,-0.003,-0.075,10.392,1
44.890,target,-0.003,-0.075,10.392,1
44.901,target,-0.003,-0.075,10.392,1
44.914,target,-0.003,-0.075,10.392,1
44.928,target,-0.003,-0.075,10.392,1
44.943,target,-0.003,-0.075,10.392,1
44.955,target,-0.003,-0.075,10.392,1
44.965,target,-0.003,-0.075,10.392,1
44.981,target,-0.003,-0.075,10.392,1
44.992,target,-0.003,-0.075,10.392,1
45.004,target,-0.003,-0.075,10.392,1
45.018,target,-0.003,-0.075,10.392,1
45.028,target,-0.003,-0.075,10.392,1
45.043,target,-0.003,-0.075,10.392,1
45.059,target,-0.003,-0.075,10.392,1
45.075,target,-0.003,-0.075,10.392,1
45.090,target,-0.003,-0.075,10.392,1
45.104,target,-0.003,-0.075,10.392,1
45.119,target,-0.003,-0.075,10.392,1
45.133,target,-0.003,-0.075,10.392,1
45.149,target,-0.003,-0.075,10.392,1
45.162,target,-0.003,-0.075,10.392,1
45.177,target,-0.003,-0.075,10.392,1
45.189,target,-0.003,-0.075,10.392,1
45.202,target,-0.003,-0.075,10.392,1
45.219,target,-0.003,-0.075,10.392,1
45.233,target,-0.003,-0.075,10.392,1
45.247,lost,,,,
45.260,lost,,,,
45.274,lost,,,,
45.285,lost,,,,
45.298,lost,,,,
45.313,lost,,,,
45.324,lost,,,,
45.337,lost,,,,
45.350,lost,,,,
45.358,lost,,,,
45.366,lost,,,,
45.376,lost,,,,
45.387,lost,,,,
45.398,lost,,,,
45.412,lost,,,,
45.423,lost,,,,
45.434,lost,,,,
45.449,lost,,,,
45.460,lost,,,,
45.475,lost,,,,
45.486,lost,,,,
45.498,lost,,,,
45.508,lost,,,,
45.521,lost,,,,
45.534,lost,,,,
45.549,lost,,,,
45.560,lost,,,,
45.591,lost,,,,
45.603,lost,,,,
45.616,lost,,,,
45.626,lost,,,,
45.639,lost,,,,
45.650,lost,,,,
45.663,lost,,,,
45.679,lost,,,,
45.689,lost,,,,
45.700,lost,,,,
45.715,lost,,,,
45.722,lost,,,,
45.734,lost,,,,
45.745,lost,,,,
45.754,lost,,,,
45.764,lost,,,,
45.776,lost,,,,
45.786,lost,,,,
45.796,lost,,,,
45.808,lost,,,,
45.819,lost,,,,
45.831,lost,,,,
45.843,lost,,,,
45.853,lost,,,,
45.862,lost,,,,
45.873,lost,,,,
45.883,lost,,,,
45.890,lost,,,,
45.901,lost,,,,
45.914,lost,,,,
45.922,lost,,,,
45.935,lost,,,,
45.947,lost,,,,
45.955,lost,,,,
45.967,lost,,,,
45.977,lost,,,,
45.986,lost,,,,
45.998,lost,,,,
46.009,lost,,,,
46.020,lost,,,,
46.033,lost,,,,
46.046,lost,,,,
46.054,lost,,,,
46.065,lost,,,,
46.077,lost,,,,
46.087,lost,,,,
46.099,lost,,,,
46.108,lost,,,,
46.118,lost,,,,
46.130,lost,,,,
46.140,lost,,,,
46.150,lost,,,,
46.160,lost,,,,
46.171,lost,,,,
46.181,lost,,,,
46.189,lost,,,,
46.202,lost,,,,
46.211,lost,,,,
46.220,lost,,,,
46.233,lost,,,,
46.241,lost,,,,
46.251,lost,,,,
46.262,lost,,,,
46.272,lost,,,,
46.283,lost,,,,
46.293,lost,,,,
46.305,lost,,,,
46.315,lost,,,,
46.325,lost,,,,
46.337,lost,,,,
46.347,lost,,,,
46.357,lost,,,,
46.368,lost,,,,
46.376,lost,,,,
46.385,lost,,,,
46.397,lost,,,,
46.405,lost,,,,
46.414,lost,,,,
46.423,lost,,,,
46.435,lost,,,,
46.444,lost,,,,
46.453,lost,,,,
46.467,lost,,,,
46.475,lost,,,,
46.484,lost,,,,
46.497,lost,,,,
46.505,lost,,,,
46.513,lost,,,,
46.522,lost,,,,
46.534,lost,,,,
46.544,lost,,,,
46.554,lost,,,,
46.566,lost,,,,
46.574,lost,,,,
46.583,lost,,,,
46.595,lost,,,,
46.606,lost,,,,
46.616,lost,,,,
46.627,lost,,,,
46.636,lost,,,,
46.647,lost,,,,
46.657,lost,,,,
46.668,lost,,,,
46.676,lost,,,,
46.686,lost,,,,
46.698,lost,,,,
46.707,lost,,,,
46.718,lost,,,,
46.729,lost,,,,
46.737,lost,,,,
46.746,lost,,,,
46.757,lost,,,,
46.768,lost,,,,
46.779,lost,,,,
46.792,lost,,,,
46.804,lost,,,,
46.816,lost,,,,
46.831,lost,,,,
46.839,lost,,,,
46.848,lost,,,,
46.857,lost,,,,
46.867,lost,,,,
46.874,lost,,,,
46.884,lost,,,,
46.896,lost,,,,
46.905,lost,,,,
46.915,lost,,,,
46.925,lost,,,,
46.936,lost,,,,
46.944,lost,,,,
46.955,lost,,,,
46.965,lost,,,,
46.972,lost,,,,
46.980,lost,,,,
46.990,lost,,,,
47.003,lost,,,,
47.012,lost,,,,
47.023,lost,,,,
47.032,lost,,,,
47.040,lost,,,,
47.052,lost,,,,
47.063,lost,,,,
47.073,lost,,,,
47.087,lost,,,,
47.097,lost,,,,
47.106,lost,,,,
47.119,lost,,,,
47.134,lost,,,,
47.146,lost,,,,
47.158,lost,,,,
47.171,lost,,,,
47.182,lost,,,,
47.194,lost,,,,
47.207,lost,,,,
47.220,lost,,,,
47.233,lost,,,,
47.244,lost,,,,
47.255,lost,,,,
47.266,lost,,,,
47.274,lost,,,,
47.283,lost,,,,
47.294,lost,,,,
47.306,lost,,,,
47.320,lost,,,,
47.333,lost,,,,
47.346,lost,,,,
47.361,lost,,,,
47.372,lost,,,,
47.383,lost,,,,
47.398,lost,,,,
47.410,lost,,,,
47.422,lost,,,,
47.431,lost,,,,
47.441,lost,,,,
47.452,lost,,,,
47.468,lost,,,,
47.479,lost,,,,
47.493,lost,,,,
47.503,lost,,,,
47.513,lost,,,,
47.525,lost,,,,
47.536,lost,,,,
47.548,lost,,,,
47.561,lost,,,,
47.573,lost,,,,
47.585,lost,,,,
47.597,lost,,,,
47.606,lost,,,,
47.616,lost,,,,
47.627,lost,,,,
47.637,lost,,,,
47.650,lost,,,,
47.662,lost,,,,
47.672,lost,,,,
47.685,lost,,,,
47.697,lost,,,,
47.706,lost,,,,
47.721,lost,,,,
47.733,lost,,,,
47.744,lost,,,,
47.758,lost,,,,
47.769,lost,,,,
47.781,lost,,,,
47.791,lost,,,,
47.804,lost,,,,
47.817,lost,,,,
47.829,lost,,,,
47.838,lost,,,,
47.852,lost,,,,
47.860,lost,,,,
47.870,lost,,,,
47.882,lost,,,,
47.890,lost,,,,
47.902,lost,,,,
47.918,lost,,,,
47.929,lost,,,,
47.940,lost,,,,
47.953,lost,,,,
47.966,lost,,,,
47.979,lost,,,,
47.991,lost,,,,
48.003,lost,,,,
48.015,lost,,,,
48.029,lost,,,,
48.037,lost,,,,
48.050,lost,,,,
48.058,lost,,,,
48.068,lost,,,,
48.081,lost,,,,
48.092,lost,,,,
48.102,lost,,,,
48.112,lost,,,,
48.122,lost,,,,
48.131,lost,,,,
48.140,lost,,,,
48.153,lost,,,,
48.165,lost,,,,
48.177,lost,,,,
48.190,lost,,,,
48.201,lost,,,,
48.216,lost,,,,
48.225,lost,,,,
48.235,lost,,,,
48.248,lost,,,,
48.255,lost,,,,
48.264,lost,,,,
48.275,lost,,,,
48.286,lost,,,,
48.294,lost,,,,
48.306,lost,,,,
48.319,lost,,,,
48.328,lost,,,,
48.339,lost,,,,
48.349,lost,,,,
48.356,lost,,,,
48.364,lost,,,,
48.373,lost,,,,
48.385,lost,,,,
48.395,lost,,,,
48.408,lost,,,,
48.420,lost,,,,
48.432,lost,,,,
48.445,lost,,,,
48.455,lost,,,,
48.467,lost,,,,
48.481,lost,,,,
48.490,lost,,,,
48.502,lost,,,,
48.516,lost,,,,
48.529,lost,,,,
48.544,lost,,,,
48.558,lost,,,,
48.572,lost,,,,
48.585,lost,,,,
48.598,lost,,,,
48.613,lost,,,,
48.621,lost,,,,
48.631,lost,,,,
48.641,lost,,,,
48.653,lost,,,,
48.664,lost,,,,
48.675,lost,,,,
48.687,lost,,,,
48.700,lost,,,,
48.714,lost,,,,
48.724,lost,,,,
48.737,lost,,,,
48.751,lost,,,,
48.763,lost,,,,
48.776,lost,,,,
48.788,lost,,,,
48.800,lost,,,,
48.812,lost,,,,
48.824,lost,,,,
48.834,lost,,,,
48.844,lost,,,,
48.856,lost,,,,
48.867,lost,,,,
48.880,lost,,,,
48.889,lost,,,,
48.898,lost,,,,
48.909,lost,,,,
48.921,lost,,,,
48.930,lost,,,,
48.941,lost,,,,
48.953,lost,,,,
48.966,lost,,,,
48.979,lost,,,,
48.988,lost,,,,
48.997,lost,,,,
49.008,lost,,,,
49.021,lost,,,,
49.033,lost,,,,
49.044,lost,,,,
49.054,lost,,,,
49.067,lost,,,,
49.079,lost,,,,
49.088,lost,,,,
49.100,lost,,,,
49.114,lost,,,,
49.124,lost,,,,
49.135,lost,,,,
49.146,lost,,,,
49.155,lost,,,,
49.166,lost,,,,
49.179,lost,,,,
49.191,lost,,,,
49.206,lost,,,,
49.219,lost,,,,
49.233,lost,,,,
49.246,lost,,,,
49.261,lost,,,,
49.274,lost,,,,
49.285,lost,,,,
49.296,lost,,,,
49.308,lost,,,,
49.320,lost,,,,
49.333,lost,,,,
49.346,lost,,,,
49.359,lost,,,,
49.371,lost,,,,
49.381,lost,,,,
49.389,lost,,,,
49.402,lost,,,,
49.414,lost,,,,
49.425,lost,,,,
49.439,lost,,,,
49.450,lost,,,,
49.463,lost,,,,
49.473,lost,,,,
49.484,lost,,,,
49.496,lost,,,,
49.506,lost,,,,
49.519,lost,,,,
49.532,lost,,,,
49.542,lost,,,,
49.552,lost,,,,
49.563,lost,,,,
49.573,lost,,,,
49.584,lost,,,,
49.596,lost,,,,
49.608,lost,,,,
49.622,lost,,,,
49.634,lost,,,,
49.646,lost,,,,
49.659,lost,,,,
49.672,lost,,,,
49.683,lost,,,,
49.695,lost,,,,
49.708,lost,,,,
49.720,lost,,,,
49.735,lost,,,,
49.744,lost,,,,
49.754,lost,,,,
49.767,lost,,,,
49.778,lost,,,,
49.791,lost,,,,
49.804,lost,,,,
49.816,lost,,,,
49.826,lost,,,,
49.838,lost,,,,
49.851,lost,,,,
49.864,lost,,,,
49.878,lost,,,,
49.889,lost,,,,
49.901,lost,,,,
49.912,lost,,,,
49.924,lost,,,,
49.937,lost,,,,
49.949,lost,,,,
49.959,lost,,,,
49.971,lost,,,,
49.979,lost,,,,
49.991,lost,,,,
50.004,lost,,,,
50.017,lost,,,,
50.031,lost,,,,
50.041,lost,,,,
50.051,lost,,,,
50.063,lost,,,,
50.074,lost,,,,
50.085,lost,,,,
50.097,lost,,,,
50.106,lost,,,,
50.119,lost,,,,
50.132,lost,,,,
50.141,lost,,,,
50.152,lost,,,,
50.164,lost,,,,
50.172,lost,,,,
50.182,lost,,,,
50.193,lost,,,,
50.205,lost,,,,
50.219,lost,,,,
50.235,lost,,,,
50.244,lost,,,,
50.255,lost,,,,
50.266,lost,,,,
50.275,lost,,,,
50.291,lost,,,,
50.301,lost,,,,
50.309,lost,,,,
50.320,lost,,,,
50.331,lost,,,,
50.340,lost,,,,
50.350,lost,,,,
50.362,lost,,,,
50.372,lost,,,,
50.383,lost,,,,
50.393,lost,,,,
50.404,lost,,,,
50.416,lost,,,,
50.426,lost,,,,
50.439,lost,,,,
50.450,lost,,,,
50.461,lost,,,,
50.470,lost,,,,
50.481,lost,,,,
50.492,lost,,,,
50.504,lost,,,,
50.517,lost,,,,
50.531,lost,,,,
50.538,lost,,,,
50.548,lost,,,,
50.557,lost,,,,
50.568,lost,,,,
50.580,lost,,,,
50.593,lost,,,,
50.605,lost,,,,
50.617,lost,,,,
50.629,lost,,,,
50.642,lost,,,,
50.658,lost,,,,
50.672,lost,,,,
50.684,lost,,,,
50.698,lost,,,,
50.708,lost,,,,
50.720,lost,,,,
50.733,lost,,,,
50.743,lost,,,,
50.758,lost,,,,
50.769,lost,,,,
50.780,lost,,,,
50.793,lost,,,,
50.804,lost,,,,
50.816,lost,,,,
50.829,lost,,,,
50.840,lost,,,,
50.850,lost,,,,
50.865,lost,,,,
50.875,lost,,,,
50.886,lost,,,,
50.896,lost,,,,
50.905,lost,,,,
50.914,lost,,,,
50.923,lost,,,,
50.934,lost,,,,
50.943,lost,,,,
50.952,lost,,,,
50.964,lost,,,,
50.973,lost,,,,
50.983,lost,,,,
50.996,lost,,,,
51.005,lost,,,,
51.017,lost,,,,
51.031,lost,,,,
51.042,lost,,,,
51.055,lost,,,,
51.067,lost,,,,
51.076,lost,,,,
51.087,lost,,,,
51.098,lost,,,,
51.109,lost,,,,
51.123,lost,,,,
51.134,lost,,,,
51.144,lost,,,,
51.156,lost,,,,
51.166,lost,,,,
51.175,lost,,,,
51.186,lost,,,,
51.195,lost,,,,
51.204,lost,,,,
51.217,lost,,,,
51.226,lost,,,,
51.235,lost,,,,
51.246,lost,,,,
51.257,lost,,,,
51.270,lost,,,,
51.284,lost,,,,
51.295,lost,,,,
51.307,lost,,,,
51.320,lost,,,,
51.330,lost,,,,
51.338,lost,,,,
51.351,lost,,,,
51.362,lost,,,,
51.375,lost,,,,
51.388,lost,,,,
51.398,lost,,,,
51.407,lost,,,,
51.418,lost,,,,
51.427,lost,,,,
51.437,lost,,,,
51.450,lost,,,,
51.459,lost,,,,
51.468,lost,,,,
51.479,lost,,,,
51.489,lost,,,,
51.500,lost,,,,
51.513,lost,,,,
51.524,lost,,,,
51.535,lost,,,,
51.548,lost,,,,
51.558,lost,,,,
51.570,lost,,,,
51.585,lost,,,,
51.593,lost,,,,
51.604,lost,,,,
51.616,lost,,,,
51.627,lost,,,,
51.637,lost,,,,
51.649,lost,,,,
51.657,lost,,,,
51.669,lost,,,,
51.681,lost,,,,
51.689,lost,,,,
51.701,lost,,,,
51.712,lost,,,,
51.721,lost,,,,
51.729,lost,,,,
51.739,lost,,,,
51.751,lost,,,,
51.763,lost,,,,
51.774,lost,,,,
51.786,lost,,,,
51.797,lost,,,,
51.808,lost,,,,
51.820,lost,,,,
51.833,lost,,,,
51.849,lost,,,,
51.856,lost,,,,
51.867,lost,,,,
51.877,lost,,,,
51.887,lost,,,,
51.898,lost,,,,
51.908,lost,,,,
51.920,lost,,,,
51.930,lost,,,,
51.942,lost,,,,
51.951,lost,,,,
51.959,lost,,,,
51.968,lost,,,,
51.977,lost,,,,
51.987,lost,,,,
52.002,lost,,,,
52.017,lost,,,,
52.026,lost,,,,
52.035,lost,,,,
52.044,lost,,,,
52.053,lost,,,,
52.063,lost,,,,
52.074,lost,,,,
52.089,lost,,,,
52.097,lost,,,,
52.107,lost,,,,
52.127,lost,,,,
52.146,lost,,,,
52.165,lost,,,,
52.176,lost,,,,
52.188,lost,,,,
52.202,lost,,,,
52.216,lost,,,,
52.224,lost,,,,
52.234,lost,,,,
52.248,lost,,,,
52.258,lost,,,,
52.270,lost,,,,
52.284,lost,,,,
52.295,lost,,,,
52.305,lost,,,,
52.317,lost,,,,
52.330,lost,,,,
52.343,lost,,,,
52.354,lost,,,,
52.368,lost,,,,
52.383,lost,,,,
52.392,lost,,,,
52.403,lost,,,,
52.414,lost,,,,
52.423,lost,,,,
52.434,lost,,,,
52.446,lost,,,,
52.458,lost,,,,
52.471,lost,,,,
52.485,lost,,,,
52.493,lost,,,,
52.503,lost,,,,
52.516,lost,,,,
52.525,lost,,,,
52.535,lost,,,,
52.548,lost,,,,
52.558,lost,,,,
52.571,lost,,,,
52.583,lost,,,,
52.592,lost,,,,
52.603,lost,,,,
52.616,lost,,,,
52.626,lost,,,,
52.635,lost,,,,
52.648,lost,,,,
52.657,lost,,,,
52.668,lost,,,,
52.681,lost,,,,
52.690,lost,,,,
52.700,lost,,,,
52.712,lost,,,,
52.722,lost,,,,
52.732,lost,,,,
52.741,lost,,,,
52.752,lost,,,,
52.763,lost,,,,
52.776,lost,,,,
52.785,lost,,,,
52.794,lost,,,,
52.804,lost,,,,
52.815,lost,,,,
52.826,lost,,,,
52.836,lost,,,,
52.851,lost,,,,
52.861,lost,,,,
52.873,lost,,,,
52.884,lost,,,,
52.894,lost,,,,
52.904,lost,,,,
52.916,lost,,,,
52.925,lost,,,,
52.936,lost,,,,
52.944,lost,,,,
52.951,lost,,,,
52.959,lost,,,,
52.967,lost,,,,
52.976,lost,,,,
52.986,lost,,,,
52.996,lost,,,,
53.006,lost,,,,
53.013,lost,,,,
53.023,lost,,,,
53.033,lost,,,,
53.041,lost,,,,
53.048,lost,,,,
53.058,lost,,,,
53.066,lost,,,,
53.076,lost,,,,
53.087,lost,,,,
53.103,lost,,,,
53.120,lost,,,,
53.137,lost,,,,
53.151,lost,,,,
53.164,lost,,,,
53.179,lost,,,,
53.192,lost,,,,
53.203,lost,,,,
53.216,lost,,,,
53.227,lost,,,,
53.239,lost,,,,
53.250,lost,,,,
53.262,lost,,,,
53.275,lost,,,,
53.285,lost,,,,
53.297,lost,,,,
53.308,lost,,,,
53.318,lost,,,,
53.330,lost,,,,
53.341,lost,,,,
53.354,lost,,,,
53.371,lost,,,,
53.386,lost,,,,
53.401,lost,,,,
53.410,lost,,,,
53.420,lost,,,,
53.434,lost,,,,
53.447,lost,,,,
53.462,lost,,,,
53.474,lost,,,,
53.485,lost,,,,
53.497,lost,,,,
53.507,lost,,,,
53.518,lost,,,,
53.532,lost,,,,
53.542,lost,,,,
53.554,lost,,,,
53.567,lost,,,,
53.577,lost,,,,
53.590,lost,,,,
53.604,lost,,,,
53.614,lost,,,,
53.628,lost,,,,
53.641,lost,,,,
53.655,lost,,,,
53.669,lost,,,,
53.680,lost,,,,
53.690,lost,,,,
53.702,lost,,,,
53.714,lost,,,,
53.727,lost,,,,
53.739,lost,,,,
53.750,lost,,,,
53.765,lost,,,,
53.774,lost,,,,
53.784,lost,,,,
53.796,lost,,,,
53.806,lost,,,,
53.816,lost,,,,
53.827,lost,,,,
53.837,lost,,,,
53.849,lost,,,,
53.864,lost,,,,
53.873,lost,,,,
53.882,lost,,,,
53.894,lost,,,,
53.906,lost,,,,
53.915,lost,,,,
53.928,lost,,,,
53.938,lost,,,,
53.950,lost,,,,
53.966,lost,,,,
53.978,lost,,,,
53.990,lost,,,,
54.002,lost,,,,
54.011,lost,,,,
54.022,lost,,,,
54.034,lost,,,,
54.047,lost,,,,
54.059,lost,,,,
54.071,lost,,,,
54.084,lost,,,,
54.099,lost,,,,
54.112,lost,,,,
54.125,lost,,,,
54.139,lost,,,,
54.150,lost,,,,
54.164,lost,,,,
54.175,lost,,,,
54.187,lost,,,,
54.202,lost,,,,
54.216,lost,,,,
54.231,lost,,,,
54.241,lost,,,,
54.252,lost,,,,
54.267,lost,,,,
54.278,lost,,,,
54.288,lost,,,,
54.299,lost,,,,
54.309,lost,,,,
54.318,lost,,,,
54.332,lost,,,,
54.344,lost,,,,
54.355,lost,,,,
54.369,lost,,,,
54.381,lost,,,,
54.392,lost,,,,
54.403,lost,,,,
54.414,lost,,,,
54.424,lost,,,,
54.435,lost,,,,
54.444,lost,,,,
54.454,lost,,,,
54.466,lost,,,,
54.477,lost,,,,
54.488,lost,,,,
54.504,lost,,,,
54.515,lost,,,,
54.527,lost,,,,
54.537,lost,,,,
54.550,lost,,,,
54.562,lost,,,,
54.571,lost,,,,
54.581,lost,,,,
54.591,lost,,,,
54.600,lost,,,,
54.613,lost,,,,
54.628,lost,,,,
54.640,lost,,,,
54.652,lost,,,,
54.667,lost,,,,
54.679,lost,,,,
54.691,lost,,,,
54.706,lost,,,,
54.722,lost,,,,
54.734,lost,,,,
54.745,lost,,,,
54.758,lost,,,,
54.769,lost,,,,
54.781,lost,,,,
54.792,lost,,,,
54.803,lost,,,,
54.814,lost,,,,
54.828,lost,,,,
54.837,lost,,,,
54.849,lost,,,,
54.860,lost,,,,
54.875,lost,,,,
54.888,lost,,,,
54.899,lost,,,,
54.911,lost,,,,
54.924,lost,,,,
54.934,lost,,,,
54.946,lost,,,,
54.958,lost,,,,
54.969,lost,,,,
54.983,lost,,,,
54.996,lost,,,,
55.009,lost,,,,
55.022,lost,,,,
55.031,lost,,,,
55.041,lost,,,,
55.052,lost,,,,
55.061,lost,,,,
55.071,lost,,,,
55.083,lost,,,,
55.093,lost,,,,
55.102,lost,,,,
55.115,lost,,,,
55.126,lost,,,,
55.136,lost,,,,
55.149,lost,,,,
55.158,lost,,,,
55.170,lost,,,,
55.185,lost,,,,
55.196,lost,,,,
55.207,lost,,,,
55.219,lost,,,,
55.231,lost,,,,
55.245,lost,,,,
55.258,lost,,,,
55.270,lost,,,,
55.286,lost,,,,
55.297,lost,,,,
55.308,lost,,,,
55.319,lost,,,,
55.329,lost,,,,
55.341,lost,,,,
55.353,lost,,,,
55.363,lost,,,,
55.377,lost,,,,
55.387,lost,,,,
55.398,lost,,,,
55.410,lost,,,,
55.420,lost,,,,
55.431,lost,,,,
55.445,lost,,,,
55.458,lost,,,,
55.470,lost,,,,
55.485,lost,,,,
55.494,lost,,,,
55.505,lost,,,,
55.517,lost,,,,
55.529,lost,,,,
55.544,lost,,,,
55.556,lost,,,,
55.565,lost,,,,
55.575,lost,,,,
55.588,lost,,,,
55.600,lost,,,,
55.615,lost,,,,
55.626,lost,,,,
55.637,lost,,,,
55.648,lost,,,,
55.658,lost,,,,
55.671,lost,,,,
55.684,lost,,,,
55.696,lost,,,,
55.708,lost,,,,
55.723,lost,,,,
55.733,lost,,,,
55.744,lost,,,,
55.756,lost,,,,
55.771,lost,,,,
55.789,lost,,,,
55.798,lost,,,,
55.811,lost,,,,
55.822,lost,,,,
55.834,lost,,,,
55.848,lost,,,,
55.858,lost,,,,
55.871,lost,,,,
55.885,lost,,,,
55.897,lost,,,,
55.910,lost,,,,
55.923,lost,,,,
55.937,lost,,,,
55.951,lost,,,,
55.962,lost,,,,
55.978,lost,,,,
55.991,lost,,,,
56.007,lost,,,,
56.025,lost,,,,
56.038,lost,,,,
56.051,lost,,,,
56.063,lost,,,,
56.077,lost,,,,
56.090,lost,,,,
56.105,lost,,,,
56.121,lost,,,,
56.134,lost,,,,
56.147,lost,,,,
56.158,lost,,,,
56.171,lost,,,,
56.184,lost,,,,
56.193,lost,,,,
56.202,lost,,,,
56.213,lost,,,,
56.224,lost,,,,
56.236,lost,,,,
56.252,lost,,,,
56.262,lost,,,,
56.274,lost,,,,
56.285,lost,,,,
56.299,lost,,,,
56.312,lost,,,,
56.323,lost,,,,
56.335,lost,,,,
56.348,lost,,,,
56.358,lost,,,,
56.369,lost,,,,
56.381,lost,,,,
56.395,lost,,,,
56.407,lost,,,,
56.420,lost,,,,
56.433,lost,,,,
56.447,lost,,,,
56.457,lost,,,,
56.469,lost,,,,
56.483,lost,,,,
56.497,lost,,,,
56.512,lost,,,,
56.525,lost,,,,
56.541,lost,,,,
56.558,lost,,,,
56.575,lost,,,,
56.589,lost,,,,
56.601,lost,,,,
56.615,lost,,,,
56.631,lost,,,,
56.647,lost,,,,
56.658,lost,,,,
56.671,lost,,,,
56.685,lost,,,,
56.696,lost,,,,
56.708,lost,,,,
56.721,lost,,,,
56.735,lost,,,,
56.750,lost,,,,
56.762,lost,,,,
56.772,lost,,,,
56.787,lost,,,,
56.800,lost,,,,
56.814,lost,,,,
56.827,lost,,,,
56.842,lost,,,,
56.855,lost,,,,
56.869,lost,,,,
56.884,lost,,,,
56.898,lost,,,,
56.912,lost,,,,
56.924,lost,,,,
56.938,lost,,,,
56.953,lost,,,,
56.966,lost,,,,
56.980,lost,,,,
56.993,lost,,,,
57.008,lost,,,,
57.021,lost,,,,
57.035,lost,,,,
57.048,lost,,,,
57.064,lost,,,,
57.079,lost,,,,
57.094,lost,,,,
57.107,lost,,,,
57.121,lost,,,,
57.138,lost,,,,
57.151,lost,,,,
57.167,lost,,,,
57.180,lost,,,,
57.195,lost,,,,
57.209,lost,,,,
57.224,lost,,,,
57.240,lost,,,,
57.252,lost,,,,
57.269,lost,,,,
57.283,lost,,,,
57.298,lost,,,,
57.312,lost,,,,
57.326,lost,,,,
57.341,lost,,,,
57.355,lost,,,,
57.373,lost,,,,
57.389,lost,,,,
57.405,lost,,,,
57.420,lost,,,,
57.438,lost,,,,
57.454,lost,,,,
57.471,lost,,,,
57.484,lost,,,,
57.501,lost,,,,
57.516,lost,,,,
57.531,lost,,,,
57.545,lost,,,,
57.562,lost,,,,
57.577,lost,,,,
57.593,lost,,,,
57.607,lost,,,,
57.624,lost,,,,
57.641,lost,,,,
57.658,lost,,,,
57.675,lost,,,,
57.690,lost,,,,
57.705,lost,,,,
57.722,lost,,,,
57.738,lost,,,,
57.753,lost,,,,
57.772,lost,,,,
57.788,lost,,,,
57.805,lost,,,,
57.821,lost,,,,
57.839,lost,,,,
57.855,lost,,,,
57.871,lost,,,,
57.888,lost,,,,
57.906,lost,,,,
57.922,lost,,,,
57.938,lost,,,,
57.954,lost,,,,
57.971,lost,,,,
57.987,lost,,,,
58.004,lost,,,,
58.019,lost,,,,
58.037,lost,,,,
58.054,lost,,,,
58.075,lost,,,,
58.092,lost,,,,
58.111,lost,,,,
58.130,lost,,,,
58.154,lost,,,,
58.172,lost,,,,
58.191,lost,,,,
58.208,lost,,,,
58.226,lost,,,,
58.240,lost,,,,
58.257,lost,,,,
58.273,lost,,,,
58.286,lost,,,,
58.304,lost,,,,
58.321,lost,,,,
58.338,lost,,,,
58.354,lost,,,,
58.371,lost,,,,
58.388,lost,,,,
58.403,lost,,,,
58.419,lost,,,,
58.435,lost,,,,
58.449,lost,,,,
58.467,lost,,,,
58.480,lost,,,,
58.494,lost,,,,
58.511,lost,,,,
58.528,lost,,,,
58.542,lost,,,,
58.557,lost,,,,
58.570,lost,,,,
58.584,lost,,,,
58.601,lost,,,,
58.615,lost,,,,
58.633,lost,,,,
58.646,lost,,,,
58.661,lost,,,,
58.673,lost,,,,
58.686,lost,,,,
58.701,lost,,,,
58.716,lost,,,,
58.731,lost,,,,
58.746,lost,,,,
58.759,lost,,,,
58.776,lost,,,,
58.790,lost,,,,
58.805,lost,,,,
58.819,lost,,,,
58.834,lost,,,,
58.847,lost,,,,
58.861,lost,,,,
58.874,lost,,,,
58.886,lost,,,,
58.902,lost,,,,
58.916,lost,,,,
58.931,lost,,,,
58.946,lost,,,,
58.962,lost,,,,
58.977,lost,,,,
58.987,lost,,,,
59.003,lost,,,,
59.017,lost,,,,
59.032,lost,,,,
59.044,lost,,,,
59.056,lost,,,,
59.070,lost,,,,
59.083,lost,,,,
59.097,lost,,,,
59.108,lost,,,,
59.119,lost,,,,
59.136,lost,,,,
59.148,lost,,,,
59.160,lost,,,,
59.171,lost,,,,
59.183,lost,,,,
59.197,lost,,,,
59.208,lost,,,,
59.221,lost,,,,
59.234,lost,,,,
59.248,lost,,,,
59.262,lost,,,,
59.273,lost,,,,
59.283,lost,,,,
59.296,lost,,,,
59.309,lost,,,,
59.322,lost,,,,
59.334,lost,,,,
59.347,lost,,,,
59.359,lost,,,,
59.373,lost,,,,
59.384,lost,,,,
59.397,lost,,,,
59.409,lost,,,,
59.421,lost,,,,
59.435,lost,,,,
59.447,lost,,,,
59.459,lost,,,,
59.471,lost,,,,
59.484,lost,,,,
59.499,lost,,,,
59.512,lost,,,,
59.526,lost,,,,
59.537,lost,,,,
59.548,lost,,,,
59.559,lost,,,,
59.571,lost,,,,
59.585,lost,,,,
59.600,lost,,,,
59.609,lost,,,,
59.620,lost,,,,
59.634,lost,,,,
59.647,lost,,,,
59.660,lost,,,,
59.672,lost,,,,
59.684,lost,,,,
59.697,lost,,,,
59.707,lost,,,,
59.719,lost,,,,
59.732,lost,,,,
59.742,lost,,,,
59.753,lost,,,,
59.766,lost,,,,
59.777,lost,,,,
59.788,lost,,,,
59.799,lost,,,,
59.809,lost,,,,
59.820,lost,,,,
59.829,lost,,,,
59.841,lost,,,,
59.855,lost,,,,
59.866,lost,,,,
59.878,lost,,,,
59.894,lost,,,,
59.903,lost,,,,
59.916,lost,,,,
59.927,lost,,,,
59.936,lost,,,,
59.947,lost,,,,
59.958,lost,,,,
59.968,lost,,,,
59.980,lost,,,,
59.990,lost,,,,
60.000,lost,,,,
60.013,lost,,,,
60.025,lost,,,,
60.035,lost,,,,
60.046,lost,,,,
60.057,lost,,,,
60.067,lost,,,,
60.077,lost,,,,
60.089,lost,,,,
60.099,lost,,,,
60.111,lost,,,,
60.123,lost,,,,
60.135,lost,,,,
60.148,lost,,,,
60.157,lost,,,,
60.170,lost,,,,
60.187,lost,,,,
60.199,lost,,,,
60.213,lost,,,,
60.225,lost,,,,
60.235,lost,,,,
60.248,lost,,,,
60.257,lost,,,,
60.266,lost,,,,
60.276,lost,,,,
60.287,lost,,,,
60.298,lost,,,,
60.310,lost,,,,
60.323,lost,,,,
60.332,lost,,,,
60.341,lost,,,,
60.353,lost,,,,
60.363,lost,,,,
60.374,lost,,,,
60.385,lost,,,,
60.393,lost,,,,
60.404,lost,,,,
60.415,lost,,,,
60.425,lost,,,,
60.435,lost,,,,
60.448,lost,,,,
60.458,lost,,,,
60.471,lost,,,,
60.484,lost,,,,
60.495,lost,,,,
60.506,lost,,,,
60.520,lost,,,,
60.532,lost,,,,
60.547,lost,,,,
60.558,lost,,,,
60.569,lost,,,,
60.584,lost,,,,
60.593,lost,,,,
60.605,lost,,,,
60.616,lost,,,,
60.625,lost,,,,
60.638,lost,,,,
60.649,lost,,,,
60.658,lost,,,,
60.670,lost,,,,
60.681,lost,,,,
60.692,lost,,,,
60.703,lost,,,,
60.718,lost,,,,
60.727,lost,,,,
60.739,lost,,,,
60.750,lost,,,,
60.758,lost,,,,
60.770,lost,,,,
60.781,lost,,,,
60.791,lost,,,,
60.802,lost,,,,
60.814,lost,,,,
60.823,lost,,,,
60.834,lost,,,,
60.847,lost,,,,
60.857,lost,,,,
60.867,lost,,,,
60.881,lost,,,,
60.891,lost,,,,
60.902,lost,,,,
60.914,lost,,,,
60.924,lost,,,,
60.933,lost,,,,
60.942,lost,,,,
60.954,lost,,,,
60.964,lost,,,,
60.975,lost,,,,
60.985,lost,,,,
60.993,lost,,,,
61.003,lost,,,,
61.016,lost,,,,
61.028,lost,,,,
61.041,lost,,,,
61.053,lost,,,,
61.063,lost,,,,
61.075,lost,,,,
61.085,lost,,,,
61.096,lost,,,,
61.108,lost,,,,
61.119,lost,,,,
61.127,lost,,,,
61.136,lost,,,,
61.150,lost,,,,
61.161,lost,,,,
61.171,lost,,,,
61.183,lost,,,,
61.192,lost,,,,
61.202,lost,,,,
61.214,lost,,,,
61.224,lost,,,,
61.236,lost,,,,
61.248,lost,,,,
61.259,lost,,,,
61.270,lost,,,,
61.284,lost,,,,
61.294,lost,,,,
61.305,lost,,,,
61.316,lost,,,,
61.329,lost,,,,
61.341,lost,,,,
61.352,lost,,,,
61.363,lost,,,,
61.372,lost,,,,
61.383,lost,,,,
61.397,lost,,,,
61.410,lost,,,,
61.421,lost,,,,
61.432,lost,,,,
61.442,lost,,,,
61.452,lost,,,,
61.462,lost,,,,
61.471,lost,,,,
61.484,lost,,,,
61.493,lost,,,,
61.503,lost,,,,
61.515,lost,,,,
61.526,lost,,,,
61.537,lost,,,,
61.552,lost,,,,
61.561,lost,,,,
61.571,lost,,,,
61.583,lost,,,,
61.593,lost,,,,
61.606,lost,,,,
61.619,lost,,,,
61.628,lost,,,,
61.640,lost,,,,
61.652,lost,,,,
61.661,lost,,,,
61.671,lost,,,,
61.683,lost,,,,
61.692,lost,,,,
61.702,lost,,,,
61.716,lost,,,,
61.725,lost,,,,
61.734,lost,,,,
61.745,lost,,,,
61.756,lost,,,,
61.767,lost,,,,
61.779,lost,,,,
61.788,lost,,,,
61.798,lost,,,,
61.807,lost,,,,
61.819,lost,,,,
61.830,lost,,,,
61.839,lost,,,,
61.851,lost,,,,
61.863,lost,,,,
61.873,lost,,,,
61.885,lost,,,,
61.894,lost,,,,
61.905,lost,,,,
61.915,lost,,,,
61.924,lost,,,,
61.935,lost,,,,
61.948,lost,,,,
61.959,lost,,,,
61.970,lost,,,,
61.983,lost,,,,
61.995,lost,,,,
62.009,lost,,,,
62.022,lost,,,,
62.032,lost,,,,
62.042,lost,,,,
62.052,lost,,,,
62.061,lost,,,,
62.070,lost,,,,
62.082,lost,,,,
62.093,lost,,,,
62.104,lost,,,,
62.120,lost,,,,
62.130,lost,,,,
62.139,lost,,,,
62.153,lost,,,,
62.164,lost,,,,
62.175,lost,,,,
62.185,lost,,,,
62.193,lost,,,,
62.203,lost,,,,
62.214,lost,,,,
62.226,lost,,,,
62.239,lost,,,,
62.254,lost,,,,
62.265,lost,,,,
62.276,lost,,,,
62.286,lost,,,,
62.297,lost,,,,
62.308,lost,,,,
62.318,lost,,,,
62.328,lost,,,,
62.337,lost,,,,
62.348,lost,,,,
62.356,lost,,,,
62.366,lost,,,,
62.378,lost,,,,
62.392,lost,,,,
62.407,lost,,,,
62.420,lost,,,,
62.431,lost,,,,
62.443,lost,,,,
62.456,lost,,,,
62.470,lost,,,,
62.483,lost,,,,
62.494,lost,,,,
62.506,lost,,,,
62.517,lost,,,,
62.529,lost,,,,
62.542,lost,,,,
62.554,lost,,,,
62.568,lost,,,,
62.579,lost,,,,
62.591,lost,,,,
62.605,lost,,,,
62.615,lost,,,,
62.625,lost,,,,
62.639,lost,,,,
62.649,lost,,,,
62.659,lost,,,,
62.671,lost,,,,
62.681,lost,,,,
62.690,lost,,,,
62.703,lost,,,,
62.715,lost,,,,
62.727,lost,,,,
62.740,lost,,,,
62.750,lost,,,,
62.760,lost,,,,
62.770,lost,,,,
62.780,lost,,,,
62.790,lost,,,,
62.803,lost,,,,
62.813,lost,,,,
62.821,lost,,,,
62.834,lost,,,,
62.845,lost,,,,
62.854,lost,,,,
62.866,lost,,,,
62.877,lost,,,,
62.886,lost,,,,
62.900,lost,,,,
62.912,lost,,,,
62.922,lost,,,,
62.934,lost,,,,
62.944,lost,,,,
62.954,lost,,,,
62.968,lost,,,,
62.977,lost,,,,
62.987,lost,,,,
63.000,lost,,,,
63.012,lost,,,,
63.024,lost,,,,
63.036,lost,,,,
63.045,lost,,,,
63.055,lost,,,,
63.068,lost,,,,
63.079,lost,,,,
63.094,lost,,,,
63.105,lost,,,,
63.118,lost,,,,
63.132,lost,,,,
63.141,lost,,,,
63.151,lost,,,,
63.164,lost,,,,
63.174,lost,,,,
63.183,lost,,,,
63.195,lost,,,,
63.205,lost,,,,
63.215,lost,,,,
63.226,lost,,,,
63.237,lost,,,,
63.248,lost,,,,
63.259,lost,,,,
63.269,lost,,,,
63.277,lost,,,,
63.287,lost,,,,
63.299,lost,,,,
63.308,lost,,,,
63.319,lost,,,,
63.331,lost,,,,
63.342,lost,,,,
63.355,lost,,,,
63.368,lost,,,,
63.377,lost,,,,
63.387,lost,,,,
63.401,lost,,,,
63.412,lost,,,,
63.422,lost,,,,
63.432,lost,,,,
63.441,lost,,,,
63.451,lost,,,,
63.463,lost,,,,
63.472,lost,,,,
63.483,lost,,,,
63.492,lost,,,,
63.503,lost,,,,
63.514,lost,,,,
63.526,lost,,,,
63.535,lost,,,,
63.544,lost,,,,
63.555,lost,,,,
63.566,lost,,,,
63.575,lost,,,,
63.586,lost,,,,
63.599,lost,,,,
63.607,lost,,,,
63.617,lost,,,,
63.627,lost,,,,
63.637,lost,,,,
63.649,lost,,,,
63.662,lost,,,,
63.672,lost,,,,
63.682,lost,,,,
63.692,lost,,,,
63.701,lost,,,,
63.710,lost,,,,
63.721,lost,,,,
63.733,lost,,,,
63.742,lost,,,,
63.752,lost,,,,
63.765,lost,,,,
63.775,lost,,,,
63.786,lost,,,,
63.798,lost,,,,
63.805,lost,,,,
63.816,lost,,,,
63.827,lost,,,,
63.837,lost,,,,
63.849,lost,,,,
63.861,lost,,,,
63.875,lost,,,,
63.887,lost,,,,
63.901,lost,,,,
63.915,lost,,,,
63.926,lost,,,,
63.938,lost,,,,
63.948,lost,,,,
63.956,lost,,,,
63.968,lost,,,,
63.979,lost,,,,
63.988,lost,,,,
64.000,lost,,,,
64.009,lost,,,,
64.018,lost,,,,
64.030,lost,,,,
64.039,lost,,,,
64.049,lost,,,,
64.058,lost,,,,
64.070,lost,,,,
64.080,lost,,,,
64.090,lost,,,,
64.101,lost,,,,
64.113,lost,,,,
64.123,lost,,,,
64.138,lost,,,,
64.147,lost,,,,
64.157,lost,,,,
64.170,lost,,,,
64.183,lost,,,,
64.196,lost,,,,
64.208,lost,,,,
64.221,lost,,,,
64.235,lost,,,,
64.246,lost,,,,
64.256,lost,,,,
64.268,lost,,,,
64.278,lost,,,,
64.286,lost,,,,
64.297,lost,,,,
64.307,lost,,,,
64.317,lost,,,,
64.329,lost,,,,
64.340,lost,,,,
64.351,lost,,,,
64.366,lost,,,,
64.377,lost,,,,
64.387,lost,,,,
64.401,lost,,,,
64.416,lost,,,,
64.429,lost,,,,
64.440,lost,,,,
64.453,lost,,,,
64.467,lost,,,,
64.475,lost,,,,
64.484,lost,,,,
64.495,lost,,,,
64.506,lost,,,,
64.515,lost,,,,
64.525,lost,,,,
64.534,lost,,,,
64.545,lost,,,,
64.557,lost,,,,
64.566,lost,,,,
64.576,lost,,,,
64.588,lost,,,,
64.597,lost,,,,
64.607,lost,,,,
64.619,lost,,,,
64.630,lost,,,,
64.643,lost,,,,
64.658,lost,,,,
64.669,lost,,,,
64.680,lost,,,,
64.690,lost,,,,
64.703,lost,,,,
64.717,lost,,,,
64.729,lost,,,,
64.738,lost,,,,
64.750,lost,,,,
64.760,lost,,,,
64.772,lost,,,,
64.787,lost,,,,
64.798,lost,,,,
64.810,lost,,,,
64.822,lost,,,,
64.832,lost,,,,
64.843,lost,,,,
64.854,lost,,,,
64.864,lost,,,,
64.875,lost,,,,
64.887,lost,,,,
64.897,lost,,,,
64.908,lost,,,,
64.920,lost,,,,
64.930,lost,,,,
64.942,lost,,,,
64.954,lost,,,,
64.967,lost,,,,
64.982,lost,,,,
64.992,lost,,,,
65.002,lost,,,,
65.011,lost,,,,
65.021,lost,,,,
65.032,lost,,,,
65.045,lost,,,,
65.055,lost,,,,
65.068,lost,,,,
65.081,lost,,,,
65.091,lost,,,,
65.103,lost,,,,
65.116,lost,,,,
65.129,lost,,,,
65.141,lost,,,,
65.156,lost,,,,
65.168,lost,,,,
65.180,lost,,,,
65.191,lost,,,,
65.202,lost,,,,
65.215,lost,,,,
65.225,lost,,,,
65.236,lost,,,,
65.251,lost,,,,
65.261,lost,,,,
65.272,lost,,,,
65.284,lost,,,,
65.293,lost,,,,
65.303,lost,,,,
65.315,lost,,,,
65.325,lost,,,,
65.335,lost,,,,
65.348,lost,,,,
65.358,lost,,,,
65.371,lost,,,,
65.384,lost,,,,
65.394,lost,,,,
65.406,lost,,,,
65.418,lost,,,,
65.429,lost,,,,
65.442,lost,,,,
65.454,lost,,,,
65.466,lost,,,,
65.481,lost,,,,
65.490,lost,,,,
65.500,lost,,,,
65.511,lost,,,,
65.522,lost,,,,
65.532,lost,,,,
65.543,lost,,,,
65.553,lost,,,,
65.563,lost,,,,
65.572,lost,,,,
65.585,lost,,,,
65.595,lost,,,,
65.606,lost,,,,
65.616,lost,,,,
65.627,lost,,,,
65.643,lost,,,,
65.655,lost,,,,
65.666,lost,,,,
65.677,lost,,,,
65.686,lost,,,,
65.694,lost,,,,
65.703,lost,,,,
65.716,lost,,,,
65.725,lost,,,,
65.738,lost,,,,
65.750,lost,,,,
65.760,lost,,,,
65.769,lost,,,,
65.781,lost,,,,
65.790,lost,,,,
65.800,lost,,,,
65.811,lost,,,,
65.821,lost,,,,
65.833,lost,,,,
65.846,lost,,,,
65.858,lost,,,,
65.870,lost,,,,
65.884,lost,,,,
65.894,lost,,,,
65.905,lost,,,,
65.918,lost,,,,
65.927,lost,,,,
65.937,lost,,,,
65.949,lost,,,,
65.959,lost,,,,
65.970,lost,,,,
65.982,lost,,,,
65.991,lost,,,,
66.002,lost,,,,
66.014,lost,,,,
66.023,lost,,,,
66.032,lost,,,,
66.040,lost,,,,
66.052,lost,,,,
66.063,lost,,,,
66.073,lost,,,,
66.083,lost,,,,
66.092,lost,,,,
66.102,lost,,,,
66.115,lost,,,,
66.124,lost,,,,
66.135,lost,,,,
66.147,lost,,,,
66.157,lost,,,,
66.168,lost,,,,
66.180,lost,,,,
66.190,lost,,,,
66.200,lost,,,,
66.212,lost,,,,
66.222,lost,,,,
66.231,lost,,,,
66.240,lost,,,,
66.252,lost,,,,
66.263,lost,,,,
66.273,lost,,,,
66.283,lost,,,,
66.296,lost,,,,
66.308,lost,,,,
66.318,lost,,,,
66.328,lost,,,,
66.338,lost,,,,
66.348,lost,,,,
66.357,lost,,,,
66.369,lost,,,,
66.381,lost,,,,
66.390,lost,,,,
66.402,lost,,,,
66.414,lost,,,,
66.424,lost,,,,
66.436,lost,,,,
66.447,lost,,,,
66.458,lost,,,,
66.471,lost,,,,
66.481,lost,,,,
66.490,lost,,,,
66.501,lost,,,,
66.511,lost,,,,
66.521,lost,,,,
66.532,lost,,,,
66.543,lost,,,,
66.553,lost,,,,
66.564,lost,,,,
66.575,lost,,,,
66.585,lost,,,,
66.596,lost,,,,
66.608,lost,,,,
66.617,lost,,,,
66.626,lost,,,,
66.637,lost,,,,
66.649,lost,,,,
66.659,lost,,,,
66.671,lost,,,,
66.682,lost,,,,
66.693,lost,,,,
66.706,lost,,,,
66.716,lost,,,,
66.728,lost,,,,
66.739,lost,,,,
66.748,lost,,,,
66.758,lost,,,,
66.771,lost,,,,
66.781,lost,,,,
66.792,lost,,,,
66.803,lost,,,,
66.812,lost,,,,
66.821,lost,,,,
66.834,lost,,,,
66.843,lost,,,,
66.852,lost,,,,
66.863,lost,,,,
66.872,lost,,,,
66.882,lost,,,,
66.891,lost,,,,
66.904,lost,,,,
66.915,lost,,,,
66.925,lost,,,,
66.936,lost,,,,
66.943,lost,,,,
66.953,lost,,,,
66.966,lost,,,,
66.975,lost,,,,
66.984,lost,,,,
66.994,lost,,,,
67.004,lost,,,,
67.014,lost,,,,
67.024,lost,,,,
67.034,lost,,,,
67.043,lost,,,,
67.052,lost,,,,
67.065,lost,,,,
67.073,lost,,,,
67.084,lost,,,,
67.094,lost,,,,
67.105,lost,,,,
67.115,lost,,,,
67.126,lost,,,,
67.137,lost,,,,
67.148,lost,,,,
67.163,lost,,,,
67.172,lost,,,,
67.182,lost,,,,
67.192,lost,,,,
67.202,lost,,,,
67.210,lost,,,,
67.221,lost,,,,
67.231,lost,,,,
67.240,lost,,,,
67.248,lost,,,,
67.256,lost,,,,
67.268,lost,,,,
67.277,lost,,,,
67.287,lost,,,,
67.298,lost,,,,
67.306,lost,,,,
67.315,lost,,,,
67.325,lost,,,,
67.335,lost,,,,
67.343,lost,,,,
67.352,lost,,,,
67.364,lost,,,,
67.373,lost,,,,
67.382,lost,,,,
67.393,lost,,,,
67.404,lost,,,,
67.414,lost,,,,
67.425,lost,,,,
67.435,lost,,,,
67.446,lost,,,,
67.458,lost,,,,
67.470,lost,,,,
67.479,lost,,,,
67.489,lost,,,,
67.498,lost,,,,
67.507,lost,,,,
67.517,lost,,,,
67.528,lost,,,,
67.536,lost,,,,
67.544,lost,,,,
67.552,lost,,,,
67.563,lost,,,,
67.572,lost,,,,
67.582,lost,,,,
67.593,lost,,,,
67.603,lost,,,,
67.614,lost,,,,
67.627,lost,,,,
67.638,lost,,,,
67.647,lost,,,,
67.658,lost,,,,
67.668,lost,,,,
67.676,lost,,,,
67.686,lost,,,,
67.696,lost,,,,
67.706,lost,,,,
67.715,lost,,,,
67.724,lost,,,,
67.735,lost,,,,
67.742,lost,,,,
67.753,lost,,,,
67.763,lost,,,,
67.771,lost,,,,
67.779,lost,,,,
67.787,lost,,,,
67.797,lost,,,,
67.807,lost,,,,
67.819,lost,,,,
67.831,lost,,,,
67.840,lost,,,,
67.852,lost,,,,
67.866,lost,,,,
67.874,lost,,,,
67.883,lost,,,,
67.891,lost,,,,
67.904,lost,,,,
67.917,lost,,,,
67.931,lost,,,,
67.938,lost,,,,
67.947,lost,,,,
67.954,lost,,,,
67.967,lost,,,,
67.976,lost,,,,
67.985,lost,,,,
67.997,lost,,,,
68.006,lost,,,,
68.016,lost,,,,
68.028,lost,,,,
68.039,lost,,,,
68.050,lost,,,,
68.064,lost,,,,
68.074,lost,,,,
68.084,lost,,,,
68.095,lost,,,,
68.109,lost,,,,
68.119,lost,,,,
68.132,lost,,,,
68.141,lost,,,,
68.151,lost,,,,
68.165,lost,,,,
68.175,lost,,,,
68.186,lost,,,,
68.201,lost,,,,
68.213,lost,,,,
68.224,lost,,,,
68.236,lost,,,,
68.244,lost,,,,
68.252,lost,,,,
68.264,lost,,,,
68.272,lost,,,,
68.283,lost,,,,
68.296,lost,,,,
68.307,lost,,,,
68.316,lost,,,,
68.327,lost,,,,
68.336,lost,,,,
68.346,lost,,,,
68.356,lost,,,,
68.368,lost,,,,
68.377,lost,,,,
68.386,lost,,,,
68.400,lost,,,,
68.412,lost,,,,
68.424,lost,,,,
68.438,lost,,,,
68.449,lost,,,,
68.462,lost,,,,
68.474,lost,,,,
68.484,lost,,,,
68.496,lost,,,,
68.507,lost,,,,
68.521,lost,,,,
68.534,lost,,,,
68.542,lost,,,,
68.550,lost,,,,
68.560,lost,,,,
68.571,lost,,,,
68.580,lost,,,,
68.591,lost,,,,
68.601,lost,,,,
68.610,lost,,,,
68.620,lost,,,,
68.631,lost,,,,
68.639,lost,,,,
68.651,lost,,,,
68.663,lost,,,,
68.675,lost,,,,
68.687,lost,,,,
68.700,lost,,,,
68.711,lost,,,,
68.722,lost,,,,
68.730,lost,,,,
68.741,lost,,,,
68.753,lost,,,,
68.766,lost,,,,
68.774,lost,,,,
68.785,lost,,,,
68.795,lost,,,,
68.803,lost,,,,
68.816,lost,,,,
68.826,lost,,,,
68.833,lost,,,,
68.841,lost,,,,
68.854,lost,,,,
68.863,lost,,,,
68.871,lost,,,,
68.883,lost,,,,
68.893,lost,,,,
68.904,lost,,,,
68.918,lost,,,,
68.930,lost,,,,
68.941,lost,,,,
68.954,lost,,,,
68.963,lost,,,,
68.972,lost,,,,
68.984,lost,,,,
68.993,lost,,,,
69.002,lost,,,,
69.012,lost,,,,
69.021,lost,,,,
69.030,lost,,,,
69.039,lost,,,,
69.050,lost,,,,
69.059,lost,,,,
69.070,lost,,,,
69.083,lost,,,,
69.094,lost,,,,
69.105,lost,,,,
69.120,lost,,,,
69.127,lost,,,,
69.136,lost,,,,
69.148,lost,,,,
69.158,lost,,,,
69.170,lost,,,,
69.185,lost,,,,
69.196,lost,,,,
69.207,lost,,,,
69.220,lost,,,,
69.227,lost,,,,
69.238,lost,,,,
69.249,lost,,,,
69.258,lost,,,,
69.266,lost,,,,
69.276,lost,,,,
69.286,lost,,,,
69.296,lost,,,,
69.308,lost,,,,
69.318,lost,,,,
69.327,lost,,,,
69.337,lost,,,,
69.348,lost,,,,
69.356,lost,,,,
69.363,lost,,,,
69.373,lost,,,,
69.386,lost,,,,
69.394,lost,,,,
69.405,lost,,,,
69.417,lost,,,,
69.427,lost,,,,
69.435,lost,,,,
69.444,lost,,,,
69.455,lost,,,,
69.467,lost,,,,
69.478,lost,,,,
69.488,lost,,,,
69.496,lost,,,,
69.506,lost,,,,
69.517,lost,,,,
69.528,lost,,,,
69.538,lost,,,,
69.550,lost,,,,
69.558,lost,,,,
69.569,lost,,,,
69.582,lost,,,,
69.592,lost,,,,
69.605,lost,,,,
69.618,lost,,,,
69.626,lost,,,,
69.636,lost,,,,
69.649,lost,,,,
69.659,lost,,,,
69.671,lost,,,,
69.684,lost,,,,
69.695,lost,,,,
69.706,lost,,,,
69.718,lost,,,,
69.726,lost,,,,
69.736,lost,,,,
69.749,lost,,,,
69.757,lost,,,,
69.766,lost,,,,
69.779,lost,,,,
69.786,lost,,,,
69.793,lost,,,,
69.802,lost,,,,
69.814,lost,,,,
69.822,lost,,,,
69.834,lost,,,,
69.848,lost,,,,
69.857,lost,,,,
69.866,lost,,,,
69.878,lost,,,,
69.887,lost,,,,
69.899,lost,,,,
69.913,lost,,,,
69.924,lost,,,,
69.936,lost,,,,
69.951,lost,,,,
69.962,lost,,,,
69.971,lost,,,,
69.985,lost,,,,
69.996,lost,,,,
70.008,lost,,,,
70.019,lost,,,,
70.030,lost,,,,
70.041,lost,,,,
70.053,lost,,,,
70.061,lost,,,,
70.070,lost,,,,
70.082,lost,,,,
70.090,lost,,,,
70.100,lost,,,,
70.110,lost,,,,
70.120,lost,,,,
70.131,lost,,,,
70.142,lost,,,,
70.155,lost,,,,
70.164,lost,,,,
70.173,lost,,,,
70.184,lost,,,,
70.193,lost,,,,
70.201,lost,,,,
70.214,lost,,,,
70.223,lost,,,,
70.234,lost,,,,
70.246,lost,,,,
70.257,lost,,,,
70.266,lost,,,,
70.274,lost,,,,
70.284,lost,,,,
70.295,lost,,,,
70.305,lost,,,,
70.318,lost,,,,
70.327,lost,,,,
70.337,lost,,,,
70.349,lost,,,,
70.356,lost,,,,
70.366,lost,,,,
70.376,lost,,,,
70.385,lost,,,,
70.394,lost,,,,
70.403,lost,,,,
70.417,lost,,,,
70.427,lost,,,,
70.436,lost,,,,
70.448,lost,,,,
70.456,lost,,,,
70.465,lost,,,,
70.475,lost,,,,
70.484,lost,,,,
70.491,lost,,,,
70.500,lost,,,,
70.510,lost,,,,
70.518,lost,,,,
70.527,lost,,,,
70.536,lost,,,,
70.549,lost,,,,
70.557,lost,,,,
70.566,lost,,,,
70.575,lost,,,,
70.585,lost,,,,
70.593,lost,,,,
70.602,lost,,,,
70.614,lost,,,,
70.623,lost,,,,
70.632,lost,,,,
70.639,lost,,,,
70.651,lost,,,,
70.660,lost,,,,
70.672,lost,,,,
70.683,lost,,,,
70.691,lost,,,,
70.699,lost,,,,
70.708,lost,,,,
70.718,lost,,,,
70.727,lost,,,,
70.735,lost,,,,
70.747,lost,,,,
70.755,lost,,,,
70.766,lost,,,,
70.777,lost,,,,
70.787,lost,,,,
70.797,lost,,,,
70.808,lost,,,,
70.820,lost,,,,
70.829,lost,,,,
70.838,lost,,,,
70.848,lost,,,,
70.857,lost,,,,
70.865,lost,,,,
70.876,lost,,,,
70.886,lost,,,,
70.894,lost,,,,
70.903,lost,,,,
70.915,lost,,,,
70.926,lost,,,,
70.935,lost,,,,
70.946,lost,,,,
70.955,lost,,,,
70.965,lost,,,,
70.973,lost,,,,
70.984,lost,,,,
70.993,lost,,,,
71.002,lost,,,,
71.012,lost,,,,
71.021,lost,,,,
71.031,lost,,,,
71.041,lost,,,,
71.051,lost,,,,
71.058,lost,,,,
71.067,lost,,,,
71.077,lost,,,,
71.085,lost,,,,
71.096,lost,,,,
71.107,lost,,,,
71.120,lost,,,,
71.130,lost,,,,
71.140,lost,,,,
71.152,lost,,,,
71.160,lost,,,,
71.170,lost,,,,
71.183,lost,,,,
71.193,lost,,,,
71.203,lost,,,,
71.218,lost,,,,
71.226,lost,,,,
71.236,lost,,,,
71.247,lost,,,,
71.254,lost,,,,
71.264,lost,,,,
71.274,lost,,,,
71.284,lost,,,,
71.292,lost,,,,
71.301,lost,,,,
71.313,lost,,,,
71.322,lost,,,,
71.332,lost,,,,
71.343,lost,,,,
71.353,lost,,,,
71.360,lost,,,,
71.371,lost,,,,
71.381,lost,,,,
71.389,lost,,,,
71.400,lost,,,,
71.410,lost,,,,
71.421,lost,,,,
71.434,lost,,,,
71.447,lost,,,,
71.455,lost,,,,
71.464,lost,,,,
71.476,lost,,,,
71.484,lost,,,,
71.493,lost,,,,
71.505,lost,,,,
71.514,lost,,,,
71.522,lost,,,,
71.533,lost,,,,
71.543,lost,,,,
71.553,lost,,,,
71.567,lost,,,,
71.579,lost,,,,
71.590,lost,,,,
71.602,lost,,,,
71.614,lost,,,,
71.624,lost,,,,
71.636,lost,,,,
71.647,lost,,,,
71.658,lost,,,,
71.672,lost,,,,
71.682,lost,,,,
71.691,lost,,,,
71.703,lost,,,,
71.713,lost,,,,
71.724,lost,,,,
71.739,lost,,,,
71.748,lost,,,,
71.757,lost,,,,
71.769,lost,,,,
71.779,lost,,,,
71.787,lost,,,,
71.799,lost,,,,
71.809,lost,,,,
71.817,lost,,,,
71.827,lost,,,,
71.838,lost,,,,
71.847,lost,,,,
71.855,lost,,,,
71.867,lost,,,,
71.876,lost,,,,
71.885,lost,,,,
71.895,lost,,,,
71.905,lost,,,,
71.914,lost,,,,
71.924,lost,,,,
71.936,lost,,,,
71.945,lost,,,,
71.954,lost,,,,
71.966,lost,,,,
71.975,lost,,,,
71.983,lost,,,,
71.992,lost,,,,
72.003,lost,,,,
72.011,lost,,,,
72.020,lost,,,,
72.032,lost,,,,
72.041,lost,,,,
72.052,lost,,,,
72.065,lost,,,,
72.076,lost,,,,
72.084,lost,,,,
72.094,lost,,,,
72.105,lost,,,,
72.115,lost,,,,
72.127,lost,,,,
72.137,lost,,,,
72.146,lost,,,,
72.154,lost,,,,
72.167,lost,,,,
72.177,lost,,,,
72.185,lost,,,,
72.196,lost,,,,
72.205,lost,,,,
72.213,lost,,,,
72.222,lost,,,,
72.233,lost,,,,
72.243,lost,,,,
72.253,lost,,,,
72.268,lost,,,,
72.277,lost,,,,
72.288,lost,,,,
72.301,lost,,,,
72.309,lost,,,,
72.317,lost,,,,
72.326,lost,,,,
72.335,lost,,,,
72.345,lost,,,,
72.354,lost,,,,
72.365,lost,,,,
72.374,lost,,,,
72.382,lost,,,,
72.392,lost,,,,
72.403,lost,,,,
72.411,lost,,,,
72.422,lost,,,,
72.434,lost,,,,
72.442,lost,,,,
72.452,lost,,,,
72.464,lost,,,,
72.473,lost,,,,
72.481,lost,,,,
72.492,lost,,,,
72.502,lost,,,,
72.510,lost,,,,
72.520,lost,,,,
72.531,lost,,,,
72.540,lost,,,,
72.549,lost,,,,
72.560,lost,,,,
72.569,lost,,,,
72.577,lost,,,,
72.587,lost,,,,
72.600,lost,,,,
72.610,lost,,,,
72.622,lost,,,,
72.635,lost,,,,
72.647,lost,,,,
72.659,lost,,,,
72.671,lost,,,,
72.680,lost,,,,
72.689,lost,,,,
72.700,lost,,,,
72.708,lost,,,,
72.719,lost,,,,
72.730,lost,,,,
72.739,lost,,,,
72.748,lost,,,,
72.758,lost,,,,
72.768,lost,,,,
72.776,lost,,,,
72.786,lost,,,,
72.796,lost,,,,
72.805,lost,,,,
72.814,lost,,,,
72.824,lost,,,,
72.835,lost,,,,
72.844,lost,,,,
72.854,lost,,,,
72.865,lost,,,,
72.875,lost,,,,
72.885,lost,,,,
72.896,lost,,,,
72.905,lost,,,,
72.914,lost,,,,
72.924,lost,,,,
72.935,lost,,,,
72.944,lost,,,,
72.953,lost,,,,
72.966,lost,,,,
72.973,lost,,,,
72.982,lost,,,,
72.993,lost,,,,
73.002,lost,,,,
73.009,lost,,,,
73.019,lost,,,,
73.030,lost,,,,
73.039,lost,,,,
73.048,lost,,,,
73.057,lost,,,,
73.068,lost,,,,
73.076,lost,,,,
73.085,lost,,,,
73.098,lost,,,,
73.106,lost,,,,
73.117,lost,,,,
73.130,lost,,,,
73.139,lost,,,,
73.149,lost,,,,
73.158,lost,,,,
73.168,lost,,,,
73.178,lost,,,,
73.186,lost,,,,
73.199,lost,,,,
73.207,lost,,,,
73.217,lost,,,,
73.229,lost,,,,
73.238,lost,,,,
73.248,lost,,,,
73.255,lost,,,,
73.266,lost,,,,
73.274,lost,,,,
73.284,lost,,,,
73.296,lost,,,,
73.305,lost,,,,
73.314,lost,,,,
73.323,lost,,,,
73.335,lost,,,,
73.347,lost,,,,
73.360,lost,,,,
73.371,lost,,,,
73.381,lost,,,,
73.391,lost,,,,
73.401,lost,,,,
73.413,lost,,,,
73.427,lost,,,,
73.438,lost,,,,
73.446,lost,,,,
73.454,lost,,,,
73.466,lost,,,,
73.476,lost,,,,
73.486,lost,,,,
73.498,lost,,,,
73.508,lost,,,,
73.521,lost,,,,
73.534,lost,,,,
73.542,lost,,,,
73.552,lost,,,,
73.562,lost,,,,
73.571,lost,,,,
73.582,lost,,,,
73.593,lost,,,,
73.602,lost,,,,
73.610,lost,,,,
73.621,lost,,,,
73.630,lost,,,,
73.638,lost,,,,
73.650,lost,,,,
73.661,lost,,,,
73.670,lost,,,,
73.682,lost,,,,
73.694,lost,,,,
73.703,lost,,,,
73.713,lost,,,,
73.724,lost,,,,
73.732,lost,,,,
73.740,lost,,,,
73.751,lost,,,,
73.761,lost,,,,
73.769,lost,,,,
73.780,lost,,,,
73.790,lost,,,,
73.799,lost,,,,
73.808,lost,,,,
73.819,lost,,,,
73.828,lost,,,,
73.837,lost,,,,
73.849,lost,,,,
73.858,lost,,,,
73.867,lost,,,,
73.875,lost,,,,
73.886,lost,,,,
73.894,lost,,,,
73.903,lost,,,,
73.915,lost,,,,
73.927,lost,,,,
73.937,lost,,,,
73.950,lost,,,,
73.959,lost,,,,
73.968,lost,,,,
73.977,lost,,,,
73.987,lost,,,,
73.997,lost,,,,
74.008,lost,,,,
74.020,lost,,,,
74.032,lost,,,,
74.043,lost,,,,
74.056,lost,,,,
74.064,lost,,,,
74.074,lost,,,,
74.086,lost,,,,
74.096,lost,,,,
74.107,lost,,,,
74.118,lost,,,,
74.129,lost,,,,
74.139,lost,,,,
74.153,lost,,,,
74.163,lost,,,,
74.174,lost,,,,
74.187,lost,,,,
74.195,lost,,,,
74.205,lost,,,,
74.217,lost,,,,
74.225,lost,,,,
74.234,lost,,,,
74.245,lost,,,,
74.255,lost,,,,
74.263,lost,,,,
74.272,lost,,,,
74.284,lost,,,,
74.293,lost,,,,
74.303,lost,,,,
74.315,lost,,,,
74.323,lost,,,,
74.332,lost,,,,
74.342,lost,,,,
74.351,lost,,,,
74.362,lost,,,,
74.374,lost,,,,
74.385,lost,,,,
74.393,lost,,,,
74.402,lost,,,,
74.414,lost,,,,
74.426,lost,,,,
74.437,lost,,,,
74.449,lost,,,,
74.457,lost,,,,
74.466,lost,,,,
74.477,lost,,,,
74.486,lost,,,,
74.496,lost,,,,
74.506,lost,,,,
74.517,lost,,,,
74.526,lost,,,,
74.536,lost,,,,
74.548,lost,,,,
74.557,lost,,,,
74.566,lost,,,,
74.578,lost,,,,
74.587,lost,,,,
74.596,lost,,,,
74.606,lost,,,,
74.616,lost,,,,
74.626,lost,,,,
74.638,lost,,,,
74.651,lost,,,,
74.662,lost,,,,
74.676,lost,,,,
74.688,lost,,,,
74.696,lost,,,,
74.706,lost,,,,
74.716,lost,,,,
74.724,lost,,,,
74.734,lost,,,,
74.745,lost,,,,
74.755,lost,,,,
74.766,lost,,,,
74.779,lost,,,,
74.790,lost,,,,
74.801,lost,,,,
74.814,lost,,,,
74.823,lost,,,,
74.831,lost,,,,
74.841,lost,,,,
74.852,lost,,,,
74.860,lost,,,,
74.869,lost,,,,
74.881,lost,,,,
74.889,lost,,,,
74.899,lost,,,,
74.910,lost,,,,
74.919,lost,,,,
74.928,lost,,,,
74.938,lost,,,,
74.950,lost,,,,
74.958,lost,,,,
74.969,lost,,,,
74.981,lost,,,,
74.989,lost,,,,
74.998,lost,,,,
75.008,lost,,,,
75.018,lost,,,,
75.026,lost,,,,
75.035,lost,,,,
75.047,lost,,,,
75.056,lost,,,,
75.066,lost,,,,
75.078,lost,,,,
75.087,lost,,,,
75.096,lost,,,,
75.103,lost,,,,
75.115,lost,,,,
75.124,lost,,,,
75.134,lost,,,,
75.146,lost,,,,
75.155,lost,,,,
75.163,lost,,,,
75.174,lost,,,,
75.184,lost,,,,
75.193,lost,,,,
75.202,lost,,,,
75.211,lost,,,,
75.221,lost,,,,
75.231,lost,,,,
75.240,lost,,,,
75.251,lost,,,,
75.259,lost,,,,
75.269,lost,,,,
75.281,lost,,,,
75.289,lost,,,,
75.299,lost,,,,
75.311,lost,,,,
75.320,lost,,,,
75.329,lost,,,,
75.338,lost,,,,
75.349,lost,,,,
75.358,lost,,,,
75.368,lost,,,,
75.380,lost,,,,
75.390,lost,,,,
75.400,lost,,,,
75.412,lost,,,,
75.426,lost,,,,
75.436,lost,,,,
75.448,lost,,,,
75.457,lost,,,,
75.466,lost,,,,
75.476,lost,,,,
75.486,lost,,,,
75.494,lost,,,,
75.502,lost,,,,
75.515,lost,,,,
75.524,lost,,,,
75.534,lost,,,,
75.544,lost,,,,
75.552,lost,,,,
75.561,lost,,,,
75.570,lost,,,,
75.582,lost,,,,
75.590,lost,,,,
75.600,lost,,,,
75.611,lost,,,,
75.620,lost,,,,
75.630,lost,,,,
75.638,lost,,,,
75.651,lost,,,,
75.659,lost,,,,
75.669,lost,,,,
75.681,lost,,,,
75.692,lost,,,,
75.702,lost,,,,
75.714,lost,,,,
75.723,lost,,,,
75.735,lost,,,,
75.749,lost,,,,
75.759,lost,,,,
75.769,lost,,,,
75.780,lost,,,,
75.789,lost,,,,
75.798,lost,,,,
75.806,lost,,,,
75.819,lost,,,,
75.831,lost,,,,
75.842,lost,,,,
75.853,lost,,,,
75.861,lost,,,,
75.870,lost,,,,
75.882,lost,,,,
75.891,lost,,,,
75.900,lost,,,,
75.909,lost,,,,
75.918,lost,,,,
75.927,lost,,,,
75.937,lost,,,,
75.950,lost,,,,
75.958,lost,,,,
75.970,lost,,,,
75.981,lost,,,,
75.992,lost,,,,
76.005,lost,,,,
76.018,lost,,,,
76.025,lost,,,,
76.035,lost,,,,
76.045,lost,,,,
76.054,lost,,,,
76.062,lost,,,,
76.074,lost,,,,
76.083,lost,,,,
76.092,lost,,,,
76.103,lost,,,,
76.113,lost,,,,
76.122,lost,,,,
76.133,lost,,,,
76.143,lost,,,,
76.153,lost,,,,
76.162,lost,,,,
76.172,lost,,,,
76.184,lost,,,,
76.197,lost,,,,
76.212,lost,,,,
76.221,lost,,,,
76.234,lost,,,,
76.243,lost,,,,
76.253,lost,,,,
76.263,lost,,,,
76.273,lost,,,,
76.281,lost,,,,
76.291,lost,,,,
76.303,lost,,,,
76.312,lost,,,,
76.321,lost,,,,
76.333,lost,,,,
76.342,lost,,,,
76.351,lost,,,,
76.358,lost,,,,
76.370,lost,,,,
76.379,lost,,,,
76.388,lost,,,,
76.399,lost,,,,
76.408,lost,,,,
76.418,lost,,,,
76.426,lost,,,,
76.438,lost,,,,
76.448,lost,,,,
76.456,lost,,,,
76.468,lost,,,,
76.478,lost,,,,
76.487,lost,,,,
76.501,lost,,,,
76.510,lost,,,,
76.517,lost,,,,
76.527,lost,,,,
76.537,lost,,,,
76.544,lost,,,,
76.553,lost,,,,
76.565,lost,,,,
76.574,lost,,,,
76.582,lost,,,,
76.592,lost,,,,
76.603,lost,,,,
76.611,lost,,,,
76.621,lost,,,,
76.634,lost,,,,
76.644,lost,,,,
76.653,lost,,,,
76.666,lost,,,,
76.675,lost,,,,
76.685,lost,,,,
76.697,lost,,,,
76.706,lost,,,,
76.714,lost,,,,
76.725,lost,,,,
76.735,lost,,,,
76.743,lost,,,,
76.752,lost,,,,
76.763,lost,,,,
76.773,lost,,,,
76.782,lost,,,,
76.793,lost,,,,
76.802,lost,,,,
76.812,lost,,,,
76.824,lost,,,,
76.835,lost,,,,
76.844,lost,,,,
76.854,lost,,,,
76.866,lost,,,,
76.874,lost,,,,
76.884,lost,,,,
76.895,lost,,,,
76.905,lost,,,,
76.915,lost,,,,
76.925,lost,,,,
76.936,lost,,,,
76.946,lost,,,,
76.955,lost,,,,
76.967,lost,,,,
76.976,lost,,,,
76.987,lost,,,,
76.999,lost,,,,
77.008,lost,,,,
77.019,lost,,,,
77.031,lost,,,,
77.040,lost,,,,
77.049,lost,,,,
77.060,lost,,,,
77.070,lost,,,,
77.078,lost,,,,
77.088,lost,,,,
77.100,lost,,,,
77.110,lost,,,,
77.120,lost,,,,
77.133,lost,,,,
77.142,lost,,,,
77.152,lost,,,,
77.166,lost,,,,
77.175,lost,,,,
77.186,lost,,,,
77.199,lost,,,,
77.208,lost,,,,
77.218,lost,,,,
77.228,lost,,,,
77.239,lost,,,,
77.249,lost,,,,
77.259,lost,,,,
77.270,lost,,,,
77.279,lost,,,,
77.289,lost,,,,
77.302,lost,,,,
77.311,lost,,,,
77.321,lost,,,,
77.334,lost,,,,
77.343,lost,,,,
77.352,lost,,,,
77.365,lost,,,,
77.374,lost,,,,
77.383,lost,,,,
77.393,lost,,,,
77.403,lost,,,,
77.413,lost,,,,
77.422,lost,,,,
77.434,lost,,,,
77.445,lost,,,,
77.454,lost,,,,
77.467,lost,,,,
77.476,lost,,,,
77.485,lost,,,,
77.498,lost,,,,
77.507,lost,,,,
77.516,lost,,,,
77.526,lost,,,,
77.537,lost,,,,
77.547,lost,,,,
77.556,lost,,,,
77.567,lost,,,,
77.577,lost,,,,
77.587,lost,,,,
77.599,lost,,,,
77.608,lost,,,,
77.618,lost,,,,
77.631,lost,,,,
77.641,lost,,,,
77.651,lost,,,,
77.662,lost,,,,
77.672,lost,,,,
77.681,lost,,,,
77.691,lost,,,,
77.704,lost,,,,
77.715,lost,,,,
77.724,lost,,,,
77.737,lost,,,,
77.747,lost,,,,
77.756,lost,,,,
77.768,lost,,,,
77.777,lost,,,,
77.787,lost,,,,
77.801,lost,,,,
77.810,lost,,,,
77.820,lost,,,,
77.834,lost,,,,
77.843,lost,,,,
77.853,lost,,,,
77.866,lost,,,,
77.875,lost,,,,
77.885,lost,,,,
77.898,lost,,,,
77.907,lost,,,,
77.917,lost,,,,
77.929,lost,,,,
77.939,lost,,,,
77.950,lost,,,,
77.962,lost,,,,
77.971,lost,,,,
77.982,lost,,,,
77.990,lost,,,,
78.001,lost,,,,
78.010,lost,,,,
78.020,lost,,,,
78.034,lost,,,,
78.044,lost,,,,
78.054,lost,,,,
78.067,lost,,,,
78.076,lost,,,,
78.084,lost,,,,
78.095,lost,,,,
78.104,lost,,,,
78.115,lost,,,,
78.124,lost,,,,
78.136,lost,,,,
78.146,lost,,,,
78.156,lost,,,,
78.168,lost,,,,
78.177,lost,,,,
78.189,lost,,,,
78.203,lost,,,,
78.213,lost,,,,
78.222,lost,,,,
78.234,lost,,,,
78.243,lost,,,,
78.253,lost,,,,
78.266,lost,,,,
78.276,lost,,,,
78.285,lost,,,,
78.298,lost,,,,
78.306,lost,,,,
78.316,lost,,,,
78.326,lost,,,,
78.335,lost,,,,
78.345,lost,,,,
78.355,lost,,,,
78.367,lost,,,,
78.375,lost,,,,
78.385,lost,,,,
78.396,lost,,,,
78.407,lost,,,,
78.416,lost,,,,
78.425,lost,,,,
78.437,lost,,,,
78.449,lost,,,,
78.459,lost,,,,
78.470,lost,,,,
78.481,lost,,,,
78.491,lost,,,,
78.503,lost,,,,
78.513,lost,,,,
78.523,lost,,,,
78.535,lost,,,,
78.545,lost,,,,
78.555,lost,,,,
78.568,lost,,,,
78.577,lost,,,,
78.586,lost,,,,
78.598,lost,,,,
78.607,lost,,,,
78.617,lost,,,,
78.628,lost,,,,
78.639,lost,,,,
78.648,lost,,,,
78.657,lost,,,,
78.669,lost,,,,
78.679,lost,,,,
78.690,lost,,,,
78.702,lost,,,,
78.712,lost,,,,
78.722,lost,,,,
78.733,lost,,,,
78.742,lost,,,,
78.753,lost,,,,
78.765,lost,,,,
78.775,lost,,,,
78.785,lost,,,,
78.797,lost,,,,
78.805,lost,,,,
78.815,lost,,,,
78.826,lost,,,,
78.836,lost,,,,
78.846,lost,,,,
78.858,lost,,,,
78.868,lost,,,,
78.878,lost,,,,
78.890,lost,,,,
78.899,lost,,,,
78.909,lost,,,,
78.921,lost,,,,
78.935,lost,,,,
78.948,lost,,,,
78.963,lost,,,,
78.973,lost,,,,
78.985,lost,,,,
78.995,lost,,,,
79.005,lost,,,,
79.016,lost,,,,
79.027,lost,,,,
79.037,lost,,,,
79.049,lost,,,,
79.059,lost,,,,
79.068,lost,,,,
79.079,lost,,,,
79.090,lost,,,,
79.099,lost,,,,
79.109,lost,,,,
79.120,lost,,,,
79.133,lost,,,,
79.145,lost,,,,
79.159,lost,,,,
79.169,lost,,,,
79.180,lost,,,,
79.191,lost,,,,
79.202,lost,,,,
79.213,lost,,,,
79.223,lost,,,,
79.235,lost,,,,
79.248,lost,,,,
79.259,lost,,,,
79.268,lost,,,,
79.279,lost,,,,
79.289,lost,,,,
79.299,lost,,,,
79.310,lost,,,,
79.320,lost,,,,
79.332,lost,,,,
79.344,lost,,,,
79.356,lost,,,,
79.365,lost,,,,
79.376,lost,,,,
79.387,lost,,,,
79.396,lost,,,,
79.407,lost,,,,
79.418,lost,,,,
79.427,lost,,,,
79.437,lost,,,,
79.450,lost,,,,
79.459,lost,,,,
79.469,lost,,,,
79.481,lost,,,,
79.491,lost,,,,
79.500,lost,,,,
79.510,lost,,,,
79.520,lost,,,,
79.531,lost,,,,
79.544,lost,,,,
79.555,lost,,,,
79.567,lost,,,,
79.581,lost,,,,
79.592,lost,,,,
79.602,lost,,,,
79.614,lost,,,,
79.625,lost,,,,
79.637,lost,,,,
79.651,lost,,,,
79.664,lost,,,,
79.676,lost,,,,
79.689,lost,,,,
79.700,lost,,,,
79.712,lost,,,,
79.722,lost,,,,
79.731,lost,,,,
79.743,lost,,,,
79.753,lost,,,,
79.763,lost,,,,
79.774,lost,,,,
79.785,lost,,,,
79.794,lost,,,,
79.805,lost,,,,
79.816,lost,,,,
79.829,lost,,,,
79.842,lost,,,,
79.854,lost,,,,
79.864,lost,,,,
79.879,lost,,,,
79.891,lost,,,,
79.904,lost,,,,
79.917,lost,,,,
79.929,lost,,,,
79.940,lost,,,,
79.954,lost,,,,
79.963,lost,,,,
79.973,lost,,,,
79.984,lost,,,,
79.993,lost,,,,
80.003,lost,,,,
80.016,lost,,,,
80.025,lost,,,,
80.035,lost,,,,
80.047,lost,,,,
80.056,lost,,,,
80.070,lost,,,,
80.085,lost,,,,
80.097,lost,,,,
80.108,lost,,,,
80.121,lost,,,,
80.130,lost,,,,
80.140,lost,,,,
80.151,lost,,,,
80.164,lost,,,,
80.177,lost,,,,
80.190,lost,,,,
80.201,lost,,,,
80.211,lost,,,,
80.220,lost,,,,
80.232,lost,,,,
80.241,lost,,,,
80.253,lost,,,,
80.265,lost,,,,
80.275,lost,,,,
80.287,lost,,,,
80.298,lost,,,,
80.309,lost,,,,
80.319,lost,,,,
80.331,lost,,,,
80.344,lost,,,,
80.356,lost,,,,
80.368,lost,,,,
80.382,lost,,,,
80.393,lost,,,,
80.407,lost,,,,
80.418,lost,,,,
80.428,lost,,,,
80.440,lost,,,,
80.452,lost,,,,
80.462,lost,,,,
80.473,lost,,,,
80.485,lost,,,,
80.495,lost,,,,
80.505,lost,,,,
80.517,lost,,,,
80.530,lost,,,,
80.542,lost,,,,
80.555,lost,,,,
80.567,lost,,,,
80.579,lost,,,,
80.588,lost,,,,
80.600,lost,,,,
80.609,lost,,,,
80.621,lost,,,,
80.635,lost,,,,
80.648,lost,,,,
80.657,lost,,,,
80.670,lost,,,,
80.681,lost,,,,
80.692,lost,,,,
80.706,lost,,,,
80.716,lost,,,,
80.726,lost,,,,
80.738,lost,,,,
80.750,lost,,,,
80.762,lost,,,,
80.773,lost,,,,
80.789,lost,,,,
80.803,lost,,,,
80.814,lost,,,,
80.825,lost,,,,
80.837,lost,,,,
80.850,lost,,,,
80.863,lost,,,,
80.876,lost,,,,
80.888,lost,,,,
80.901,lost,,,,
80.913,lost,,,,
80.922,lost,,,,
80.935,lost,,,,
80.949,lost,,,,
80.964,lost,,,,
80.975,lost,,,,
80.984,lost,,,,
80.997,lost,,,,
81.007,lost,,,,
81.017,lost,,,,
81.031,lost,,,,
81.043,lost,,,,
81.058,lost,,,,
81.071,lost,,,,
81.084,lost,,,,
81.097,lost,,,,
81.109,lost,,,,
81.122,lost,,,,
81.137,lost,,,,
81.145,lost,,,,
81.156,lost,,,,
81.169,lost,,,,
81.182,lost,,,,
81.197,lost,,,,
81.209,lost,,,,
81.219,lost,,,,
81.231,lost,,,,
81.244,lost,,,,
81.257,lost,,,,
81.271,lost,,,,
81.282,lost,,,,
81.297,lost,,,,
81.310,lost,,,,
81.323,lost,,,,
81.336,lost,,,,
81.348,lost,,,,
81.361,lost,,,,
81.373,lost,,,,
81.382,lost,,,,
81.393,lost,,,,
81.402,lost,,,,
81.415,lost,,,,
81.428,lost,,,,
81.442,lost,,,,
81.456,lost,,,,
81.470,lost,,,,
81.482,lost,,,,
81.494,lost,,,,
81.507,target,-0.318,0.182,2.653,1
81.520,target,-0.318,0.182,2.653,1
81.536,target,-0.318,0.182,2.653,1
81.548,target,-0.318,0.182,2.653,1
81.561,target,-0.318,0.182,2.653,1
81.573,target,-0.318,0.182,2.653,1
81.589,target,-0.318,0.182,2.653,1
81.605,target,-0.318,0.182,2.653,1
81.618,target,-0.318,0.182,2.653,1
81.633,target,-0.318,0.182,2.653,1
81.645,target,-0.318,0.182,2.653,1
81.659,target,-0.318,0.182,2.653,1
81.672,target,-0.318,0.182,2.653,1
81.687,target,-0.318,0.182,2.653,1
81.703,target,-0.318,0.182,2.653,1
81.716,target,-0.318,0.182,2.653,1
81.730,target,-0.318,0.182,2.653,1
81.741,target,-0.318,0.182,2.653,1
81.753,target,-0.318,0.182,2.653,1
81.768,target,-0.318,0.182,2.653,1
81.782,target,-0.318,0.182,2.653,1
81.795,target,-0.318,0.182,2.653,1
81.807,target,-0.318,0.182,2.653,1
81.820,target,-0.318,0.182,2.653,1
81.834,target,-0.318,0.182,2.653,1
81.848,target,-0.318,0.182,2.653,1
81.863,target,-0.318,0.182,2.653,1
81.881,target,-0.376,0.082,2.484,1
81.895,target,-0.376,0.082,2.484,1
81.910,target,-0.376,0.082,2.484,1
81.922,target,-0.376,0.082,2.484,1
81.938,target,-0.376,0.082,2.484,1
81.952,target,-0.376,0.082,2.484,1
81.967,target,-0.376,0.082,2.484,1
81.982,target,-0.376,0.082,2.484,1
81.995,target,-0.376,0.082,2.484,1
82.009,target,-0.376,0.082,2.484,1
82.022,target,-0.376,0.082,2.484,1
82.038,target,-0.376,0.082,2.484,1
82.053,target,-0.376,0.082,2.484,1
82.067,target,-0.376,0.082,2.484,1
82.081,target,-0.376,0.082,2.484,1
82.094,target,-0.376,0.082,2.484,1
82.109,target,-0.376,0.082,2.484,1
82.123,target,-0.376,0.082,2.484,1
82.140,target,-0.271,0.088,2.647,1
82.154,target,-0.271,0.088,2.647,1
82.169,target,-0.271,0.088,2.647,1
82.182,target,-0.271,0.088,2.647,1
82.197,target,-0.271,0.088,2.647,1
82.211,target,-0.271,0.088,2.647,1
82.224,target,-0.271,0.088,2.647,1
82.239,target,-0.271,0.088,2.647,1
82.253,target,-0.271,0.088,2.647,1
82.268,target,-0.271,0.088,2.647,1
82.283,target,-0.271,0.088,2.647,1
82.298,target,-0.271,0.088,2.647,1
82.316,target,-0.271,0.088,2.647,1
82.331,target,-0.271,0.088,2.647,1
82.345,target,-0.271,0.088,2.647,1
82.359,target,-0.271,0.088,2.647,1
82.373,target,-0.172,-0.141,2.350,1
82.386,target,-0.172,-0.141,2.350,1
82.404,target,-0.172,-0.141,2.350,1
82.418,target,-0.172,-0.141,2.350,1
82.432,target,-0.172,-0.141,2.350,1
82.446,target,-0.172,-0.141,2.350,1
82.460,target,-0.172,-0.141,2.350,1
82.473,target,-0.172,-0.141,2.350,1
82.487,target,-0.172,-0.141,2.350,1
82.501,target,-0.172,-0.141,2.350,1
82.515,target,-0.172,-0.141,2.350,1
82.529,target,-0.172,-0.141,2.350,1
82.543,target,-0.172,-0.141,2.350,1
82.557,target,-0.172,-0.141,2.350,1
82.571,target,-0.194,-0.026,2.281,1
82.585,target,-0.194,-0.026,2.281,1
82.601,target,-0.194,-0.026,2.281,1
82.616,target,-0.194,-0.026,2.281,1
82.631,target,-0.194,-0.026,2.281,1
82.646,target,-0.194,-0.026,2.281,1
82.661,target,-0.194,-0.026,2.281,1
82.672,target,-0.194,-0.026,2.281,1
82.686,target,-0.194,-0.026,2.281,1
82.700,target,-0.194,-0.026,2.281,1
82.715,target,-0.194,-0.026,2.281,1
82.729,target,-0.194,-0.026,2.281,1
82.744,target,-0.194,-0.026,2.281,1
82.761,target,-0.194,-0.026,2.281,1
82.774,target,-0.194,-0.026,2.281,1
82.790,target,-0.194,-0.026,2.281,1
82.802,target,-0.194,-0.026,2.281,1
82.816,target,-0.194,-0.026,2.281,1
82.828,target,-0.194,-0.026,2.281,1
82.841,target,-0.194,-0.026,2.281,1
82.856,target,-0.194,-0.026,2.281,1
82.869,target,-0.194,-0.026,2.281,1
82.883,target,-0.194,-0.026,2.281,1
82.898,target,-0.194,-0.026,2.281,1
82.911,target,-0.194,-0.026,2.281,1
82.925,target,-0.194,-0.026,2.281,1
82.942,target,-0.194,-0.026,2.281,1
82.959,target,-0.194,-0.026,2.281,1
82.973,target,-0.194,-0.026,2.281,1
82.987,target,-0.194,-0.026,2.281,1
83.001,target,-0.194,-0.026,2.281,1
83.014,target,-0.194,-0.026,2.281,1
83.027,target,-0.194,-0.026,2.281,1
83.041,target,-0.194,-0.026,2.281,1
83.055,target,-0.194,-0.026,2.281,1
83.068,target,-0.194,-0.026,2.281,1
83.084,target,-0.194,-0.026,2.281,1
83.097,target,-0.200,0.047,1.881,1
83.111,target,-0.200,0.047,1.881,1
83.125,target,-0.200,0.047,1.881,1
83.140,target,-0.200,0.047,1.881,1
83.157,target,-0.200,0.047,1.881,1
83.172,target,-0.200,0.047,1.881,1
83.188,target,-0.200,0.047,1.881,1
83.202,target,-0.200,0.047,1.881,1
83.222,target,-0.200,0.047,1.881,1
83.235,target,-0.200,0.047,1.881,1
83.249,target,-0.200,0.047,1.881,1
83.261,target,-0.200,0.047,1.881,1
83.275,target,-0.200,0.047,1.881,1
83.289,target,-0.183,0.152,2.165,1
83.303,target,-0.183,0.152,2.165,1
83.317,target,-0.183,0.152,2.165,1
83.329,target,-0.183,0.152,2.165,1
83.343,target,-0.183,0.152,2.165,1
83.357,target,-0.183,0.152,2.165,1
83.369,target,-0.183,0.152,2.165,1
83.384,target,-0.183,0.152,2.165,1
83.398,target,-0.183,0.152,2.165,1
83.414,target,-0.183,0.152,2.165,1
83.429,target,-0.183,0.152,2.165,1
83.446,target,-0.183,0.152,2.165,1
83.460,target,-0.183,0.152,2.165,1
83.474,target,-0.183,0.152,2.165,1
83.487,target,-0.183,0.152,2.165,1
83.500,target,-0.183,0.152,2.165,1
83.515,target,-0.183,0.152,2.165,1
83.527,target,-0.183,0.152,2.165,1
83.540,target,-0.183,0.152,2.165,1
83.554,target,-0.183,0.152,2.165,1
83.569,target,-0.183,0.152,2.165,1
83.586,target,-0.183,0.152,2.165,1
83.597,target,-0.183,0.152,2.165,1
83.611,target,-0.183,0.152,2.165,1
83.624,target,-0.183,0.152,2.165,1
83.639,target,-0.183,0.152,2.165,1
83.654,target,-0.183,0.152,2.165,1
83.667,target,-0.183,0.152,2.165,1
83.682,target,-0.183,0.152,2.165,1
83.696,target,-0.183,0.152,2.165,1
83.715,target,-0.183,0.152,2.165,1
83.728,target,-0.183,0.152,2.165,1
83.742,target,-0.183,0.152,2.165,1
83.757,target,-0.183,0.152,2.165,1
83.770,target,-0.183,0.152,2.165,1
83.786,target,-0.183,0.152,2.165,1
83.799,target,-0.183,0.152,2.165,1
83.813,lost,,,,
83.826,lost,,,,
83.841,lost,,,,
83.857,lost,,,,
83.872,lost,,,,
83.888,lost,,,,
83.901,lost,,,,
83.918,lost,,,,
83.933,lost,,,,
83.949,lost,,,,
83.965,lost,,,,
83.981,lost,,,,
83.997,lost,,,,
84.013,lost,,,,
84.026,lost,,,,
84.041,lost,,,,
84.055,lost,,,,
84.070,lost,,,,
84.085,lost,,,,
84.097,lost,,,,
84.110,lost,,,,
84.123,lost,,,,
84.135,lost,,,,
84.150,lost,,,,
84.163,lost,,,,
84.175,lost,,,,
84.188,lost,,,,
84.202,lost,,,,
84.219,lost,,,,
84.230,lost,,,,
84.242,lost,,,,
84.255,lost,,,,
84.267,lost,,,,
84.281,lost,,,,
84.292,lost,,,,
84.305,lost,,,,
84.319,lost,,,,
84.332,lost,,,,
84.347,lost,,,,
84.361,lost,,,,
84.377,lost,,,,
84.393,lost,,,,
84.405,lost,,,,
84.420,lost,,,,
84.432,lost,,,,
84.445,lost,,,,
84.459,lost,,,,
84.472,lost,,,,
84.486,lost,,,,
84.502,lost,,,,
84.517,lost,,,,
84.530,lost,,,,
84.544,lost,,,,
84.557,lost,,,,
84.571,lost,,,,
84.586,lost,,,,
84.599,lost,,,,
84.612,lost,,,,
84.624,lost,,,,
84.638,lost,,,,
84.654,lost,,,,
84.670,lost,,,,
84.685,lost,,,,
84.700,lost,,,,
84.716,lost,,,,
84.731,lost,,,,
84.745,lost,,,,
84.758,lost,,,,
84.772,lost,,,,
84.784,lost,,,,
84.797,lost,,,,
84.809,lost,,,,
84.823,lost,,,,
84.838,lost,,,,
84.851,lost,,,,
84.867,lost,,,,
84.881,lost,,,,
84.892,lost,,,,
84.904,lost,,,,
84.916,lost,,,,
84.929,lost,,,,
84.941,lost,,,,
84.954,lost,,,,
84.968,lost,,,,
84.980,lost,,,,
84.992,lost,,,,
85.006,lost,,,,
85.020,lost,,,,
85.035,lost,,,,
85.048,lost,,,,
85.063,lost,,,,
85.077,lost,,,,
85.091,lost,,,,
85.105,lost,,,,
85.117,lost,,,,
85.129,lost,,,,
85.143,lost,,,,
85.157,lost,,,,
85.172,lost,,,,
85.182,lost,,,,
85.196,lost,,,,
85.209,lost,,,,
85.224,lost,,,,
85.241,lost,,,,
85.255,lost,,,,
85.269,lost,,,,
85.282,lost,,,,
85.295,lost,,,,
85.310,lost,,,,
85.325,lost,,,,
85.341,lost,,,,
85.356,lost,,,,
85.371,lost,,,,
85.385,lost,,,,
85.399,lost,,,,
85.414,lost,,,,
85.430,lost,,,,
85.444,lost,,,,
85.457,lost,,,,
85.472,lost,,,,
85.485,lost,,,,
85.500,lost,,,,
85.512,lost,,,,
85.528,lost,,,,
85.541,lost,,,,
85.554,lost,,,,
85.569,target,0.321,0.783,0.818,1
85.582,target,0.321,0.783,0.818,1
85.596,target,0.321,0.783,0.818,1
85.609,target,0.321,0.787,0.808,1
85.623,target,0.321,0.787,0.808,1
85.637,target,0.322,0.788,0.782,1
85.649,target,0.322,0.788,0.782,1
85.665,target,0.319,0.784,0.781,1
85.679,target,0.319,0.784,0.781,1
85.692,target,0.319,0.784,0.781,1
85.709,target,0.319,0.793,0.749,1
85.724,target,0.319,0.793,0.749,1
85.739,target,0.316,0.784,0.740,1
85.754,target,0.316,0.784,0.740,1
85.769,target,0.311,0.796,0.714,1
85.781,target,0.311,0.796,0.714,1
85.794,target,0.311,0.796,0.714,1
85.808,target,0.307,0.790,0.707,1
85.821,target,0.307,0.790,0.707,1
85.836,target,0.298,0.799,0.687,1
85.848,target,0.298,0.799,0.687,1
85.863,target,0.298,0.799,0.687,1
85.874,target,0.291,0.801,0.666,1
85.888,target,0.291,0.801,0.666,1
85.906,target,0.281,0.802,0.663,1
85.920,target,0.281,0.802,0.663,1
85.935,target,0.281,0.802,0.663,1
85.949,target,0.281,0.802,0.663,1
85.964,target,0.281,0.802,0.663,1
85.978,target,0.281,0.802,0.663,1
85.990,target,0.281,0.802,0.663,1
86.005,target,0.281,0.802,0.663,1
86.018,target,0.281,0.802,0.663,1
86.034,target,0.281,0.802,0.663,1
86.047,target,0.281,0.802,0.663,1
86.059,target,0.281,0.802,0.663,1
86.073,target,0.281,0.802,0.663,1
86.086,target,0.281,0.802,0.663,1
86.100,target,0.281,0.802,0.663,1
86.112,target,0.281,0.802,0.663,1
86.124,target,0.281,0.802,0.663,1
86.138,target,0.281,0.802,0.663,1
86.151,target,0.281,0.802,0.663,1
86.166,target,0.281,0.802,0.663,1
86.179,target,0.281,0.802,0.663,1
86.190,target,0.281,0.802,0.663,1
86.205,target,0.281,0.802,0.663,1
86.217,target,0.281,0.802,0.663,1
86.228,target,0.281,0.802,0.663,1
86.239,target,0.281,0.802,0.663,1
86.249,target,0.281,0.802,0.663,1
86.260,target,0.281,0.802,0.663,1
86.272,target,0.369,0.765,0.590,1
86.283,target,0.369,0.765,0.590,1
86.295,target,0.369,0.765,0.590,1
86.306,target,0.395,0.757,0.588,1
86.318,target,0.395,0.757,0.588,1
86.330,target,0.423,0.748,0.577,1
86.341,target,0.423,0.748,0.577,1
86.352,target,0.423,0.748,0.577,1
86.364,target,0.449,0.733,0.583,1
86.374,target,0.449,0.733,0.583,1
86.384,target,0.449,0.733,0.583,1
86.396,target,0.474,0.731,0.573,1
86.406,target,0.474,0.731,0.573,1
86.418,target,0.474,0.731,0.573,1
86.431,target,0.499,0.714,0.574,1
86.442,target,0.499,0.714,0.574,1
86.455,target,0.523,0.712,0.561,1
86.469,target,0.523,0.712,0.561,1
86.480,target,0.523,0.712,0.561,1
86.491,target,0.523,0.712,0.561,1
86.504,target,0.546,0.697,0.562,1
86.516,target,0.546,0.697,0.562,1
86.527,target,0.546,0.697,0.562,1
86.538,target,0.568,0.691,0.552,1
86.549,target,0.568,0.691,0.552,1
86.563,target,0.588,0.687,0.546,1
86.573,target,0.588,0.687,0.546,1
86.585,target,0.588,0.687,0.546,1
86.597,target,0.588,0.687,0.546,1
86.608,target,0.606,0.676,0.543,1
86.619,target,0.606,0.676,0.543,1
86.631,target,0.625,0.678,0.525,1
86.642,target,0.625,0.678,0.525,1
86.653,target,0.625,0.678,0.525,1
86.667,target,0.625,0.678,0.525,1
86.676,target,0.625,0.678,0.525,1
86.685,target,0.625,0.678,0.525,1
86.695,target,0.625,0.678,0.525,1
86.706,target,0.625,0.678,0.525,1
86.720,target,0.625,0.678,0.525,1
86.734,target,0.625,0.678,0.525,1
86.746,target,0.625,0.678,0.525,1
86.757,target,0.625,0.678,0.525,1
86.770,target,0.625,0.678,0.525,1
86.783,target,0.625,0.678,0.525,1
86.795,target,0.625,0.678,0.525,1
86.808,target,0.625,0.678,0.525,1
86.821,target,0.625,0.678,0.525,1
86.835,target,0.625,0.678,0.525,1
86.845,target,0.625,0.678,0.525,1
86.855,target,0.625,0.678,0.525,1
86.868,target,0.625,0.678,0.525,1
86.877,target,0.625,0.678,0.525,1
86.888,target,0.625,0.678,0.525,1
86.899,target,0.625,0.678,0.525,1
86.908,target,0.625,0.678,0.525,1
86.918,target,0.625,0.678,0.525,1
86.931,target,0.625,0.678,0.525,1
86.940,target,0.625,0.678,0.525,1
86.951,target,0.625,0.678,0.525,1
86.964,target,0.625,0.678,0.525,1
86.975,target,0.625,0.678,0.525,1
86.988,target,0.625,0.678,0.525,1
86.999,target,0.625,0.678,0.525,1
87.007,target,0.625,0.678,0.525,1
87.018,target,0.625,0.678,0.525,1
87.029,target,0.625,0.678,0.525,1
87.039,target,0.625,0.678,0.525,1
87.050,target,0.625,0.678,0.525,1
87.062,target,0.625,0.678,0.525,1
87.070,target,0.625,0.678,0.525,1
87.080,target,0.625,0.678,0.525,1
87.091,target,0.625,0.678,0.525,1
87.100,target,0.625,0.678,0.525,1
87.110,target,0.625,0.678,0.525,1
87.121,target,0.625,0.678,0.525,1
87.132,target,0.625,0.678,0.525,1
87.142,target,0.625,0.678,0.525,1
87.153,target,0.625,0.678,0.525,1
87.163,lost,,,,
87.171,lost,,,,
87.183,lost,,,,
87.192,lost,,,,
87.203,lost,,,,
87.215,lost,,,,
87.225,lost,,,,
87.234,lost,,,,
87.244,lost,,,,
87.253,lost,,,,
87.264,lost,,,,
87.275,lost,,,,
87.289,lost,,,,
87.299,lost,,,,
87.308,lost,,,,
87.319,lost,,,,
87.329,lost,,,,
87.337,lost,,,,
87.348,lost,,,,
87.358,lost,,,,
87.367,lost,,,,
87.377,lost,,,,
87.388,lost,,,,
87.397,lost,,,,
87.408,lost,,,,
87.419,lost,,,,
87.427,lost,,,,
87.436,lost,,,,
87.445,lost,,,,
87.455,lost,,,,
87.465,lost,,,,
87.475,lost,,,,
87.485,lost,,,,
87.496,lost,,,,
87.508,lost,,,,
87.520,lost,,,,
87.527,lost,,,,
87.537,lost,,,,
87.548,lost,,,,
87.560,lost,,,,
87.573,lost,,,,
87.586,lost,,,,
87.594,lost,,,,
87.603,lost,,,,
87.613,lost,,,,
87.621,lost,,,,
87.630,lost,,,,
87.641,lost,,,,
87.652,lost,,,,
87.661,lost,,,,
87.670,lost,,,,
87.681,lost,,,,
87.690,lost,,,,
87.701,lost,,,,
87.710,lost,,,,
87.720,lost,,,,
87.731,lost,,,,
87.742,lost,,,,
87.752,lost,,,,
87.761,lost,,,,
87.770,lost,,,,
87.780,lost,,,,
87.790,lost,,,,
87.798,lost,,,,
87.806,lost,,,,
87.815,lost,,,,
87.824,lost,,,,
87.834,lost,,,,
87.843,lost,,,,
87.853,lost,,,,
87.864,lost,,,,
87.874,lost,,,,
87.884,lost,,,,
87.894,lost,,,,
87.904,lost,,,,
87.916,lost,,,,
87.926,lost,,,,
87.936,lost,,,,
87.946,lost,,,,
87.955,lost,,,,
87.967,lost,,,,
87.977,lost,,,,
87.986,lost,,,,
87.995,lost,,,,
88.004,lost,,,,
88.013,lost,,,,
88.021,lost,,,,
88.031,lost,,,,
88.041,lost,,,,
88.051,lost,,,,
88.061,lost,,,,
88.070,lost,,,,
88.078,lost,,,,
88.088,lost,,,,
88.098,lost,,,,
88.107,lost,,,,
88.116,lost,,,,
88.124,lost,,,,
88.135,lost,,,,
88.145,lost,,,,
88.155,lost,,,,
88.167,lost,,,,
88.179,lost,,,,
88.190,lost,,,,
88.200,lost,,,,
88.209,lost,,,,
88.220,lost,,,,
88.232,lost,,,,
88.242,lost,,,,
88.250,lost,,,,
88.259,lost,,,,
88.268,lost,,,,
88.280,lost,,,,
88.290,lost,,,,
88.300,lost,,,,
88.310,lost,,,,
88.320,lost,,,,
88.332,lost,,,,
88.342,lost,,,,
88.352,lost,,,,
88.366,lost,,,,
88.375,lost,,,,
88.386,lost,,,,
88.396,lost,,,,
88.406,lost,,,,
88.421,lost,,,,
88.430,lost,,,,
88.439,lost,,,,
88.448,lost,,,,
88.456,lost,,,,
88.467,lost,,,,
88.476,lost,,,,
88.485,lost,,,,
88.493,lost,,,,
88.503,lost,,,,
88.514,lost,,,,
88.523,lost,,,,
88.531,lost,,,,
88.539,lost,,,,
88.548,lost,,,,
88.556,lost,,,,
88.567,lost,,,,
88.576,lost,,,,
88.585,lost,,,,
88.593,lost,,,,
88.602,lost,,,,
88.612,lost,,,,
88.624,lost,,,,
88.633,lost,,,,
88.642,lost,,,,
88.651,lost,,,,
88.662,lost,,,,
88.673,lost,,,,
88.683,lost,,,,
88.691,lost,,,,
88.700,lost,,,,
88.710,lost,,,,
88.719,lost,,,,
88.729,lost,,,,
88.739,lost,,,,
88.750,lost,,,,
88.759,lost,,,,
88.770,lost,,,,
88.781,lost,,,,
88.790,lost,,,,
88.799,lost,,,,
88.807,lost,,,,
88.815,lost,,,,
88.824,lost,,,,
88.834,lost,,,,
88.844,lost,,,,
88.855,lost,,,,
88.865,lost,,,,
88.874,lost,,,,
88.885,lost,,,,
88.897,lost,,,,
88.906,lost,,,,
88.914,lost,,,,
88.923,lost,,,,
88.932,lost,,,,
88.941,lost,,,,
88.953,lost,,,,
88.963,lost,,,,
88.973,lost,,,,
88.984,lost,,,,
88.996,lost,,,,
89.007,lost,,,,
89.018,lost,,,,
89.028,lost,,,,
89.042,lost,,,,
89.053,lost,,,,
89.061,lost,,,,
89.069,lost,,,,
89.077,lost,,,,
89.087,lost,,,,
89.099,lost,,,,
89.109,lost,,,,
89.118,lost,,,,
89.125,lost,,,,
89.134,lost,,,,
89.142,lost,,,,
89.152,lost,,,,
89.162,lost,,,,
89.172,lost,,,,
89.180,lost,,,,
89.190,lost,,,,
89.200,lost,,,,
89.210,lost,,,,
89.220,lost,,,,
89.230,lost,,,,
89.239,lost,,,,
89.248,lost,,,,
89.258,lost,,,,
89.266,lost,,,,
89.276,lost,,,,
89.287,lost,,,,
89.297,lost,,,,
89.309,lost,,,,
89.320,lost,,,,
89.330,lost,,,,
89.339,lost,,,,
89.348,lost,,,,
89.359,lost,,,,
89.368,lost,,,,
89.376,lost,,,,
89.385,lost,,,,
89.393,lost,,,,
89.401,lost,,,,
89.410,lost,,,,
89.421,lost,,,,
89.433,lost,,,,
89.443,lost,,,,
89.454,lost,,,,
89.466,lost,,,,
89.477,lost,,,,
89.488,lost,,,,
89.497,lost,,,,
89.506,lost,,,,
89.515,lost,,,,
89.523,lost,,,,
89.535,lost,,,,
89.545,lost,,,,
89.554,lost,,,,
89.563,lost,,,,
89.573,lost,,,,
89.587,lost,,,,
89.597,lost,,,,
89.606,lost,,,,
89.616,lost,,,,
89.628,lost,,,,
89.639,lost,,,,
89.652,lost,,,,
89.663,lost,,,,
89.672,lost,,,,
89.684,lost,,,,
89.692,lost,,,,
89.703,lost,,,,
89.714,lost,,,,
89.723,lost,,,,
89.733,lost,,,,
89.743,lost,,,,
89.752,lost,,,,
89.763,lost,,,,
89.773,lost,,,,
89.783,lost,,,,
89.791,lost,,,,
89.800,lost,,,,
89.809,lost,,,,
89.820,lost,,,,
89.830,lost,,,,
89.839,lost,,,,
89.847,lost,,,,
89.856,lost,,,,
89.865,lost,,,,
89.874,lost,,,,
89.883,lost,,,,
89.891,lost,,,,
89.898,lost,,,,
89.907,lost,,,,
89.917,lost,,,,
89.926,lost,,,,
89.936,lost,,,,
89.944,lost,,,,
89.953,lost,,,,
89.961,lost,,,,
89.970,lost,,,,
89.983,lost,,,,
89.992,lost,,,,
90.001,lost,,,,
90.008,lost,,,,
90.017,lost,,,,
90.027,lost,,,,
90.038,lost,,,,
90.046,lost,,,,
90.056,lost,,,,
90.066,lost,,,,
90.074,lost,,,,
90.083,lost,,,,
90.092,lost,,,,
90.104,lost,,,,
90.113,lost,,,,
90.123,lost,,,,
90.132,lost,,,,
90.142,lost,,,,
90.151,lost,,,,
90.163,lost,,,,
90.175,lost,,,,
90.188,lost,,,,
90.202,lost,,,,
90.215,lost,,,,
90.223,lost,,,,
90.232,lost,,,,
90.240,lost,,,,
90.249,lost,,,,
90.259,lost,,,,
90.269,lost,,,,
90.278,lost,,,,
90.288,lost,,,,
90.300,lost,,,,
90.309,lost,,,,
90.317,lost,,,,
90.326,lost,,,,
90.335,lost,,,,
90.344,lost,,,,
90.354,lost,,,,
90.365,lost,,,,
90.376,lost,,,,
90.386,lost,,,,
90.396,lost,,,,
90.406,lost,,,,
90.417,lost,,,,
90.426,lost,,,,
90.436,lost,,,,
90.443,lost,,,,
90.452,lost,,,,
90.463,lost,,,,
90.471,lost,,,,
90.480,lost,,,,
90.488,lost,,,,
90.496,lost,,,,
90.505,lost,,,,
90.515,lost,,,,
90.524,lost,,,,
90.533,lost,,,,
90.541,lost,,,,
90.549,lost,,,,
90.557,lost,,,,
90.568,lost,,,,
90.578,lost,,,,
90.588,lost,,,,
90.596,lost,,,,
90.605,lost,,,,
90.614,lost,,,,
90.623,lost,,,,
90.634,lost,,,,
90.644,lost,,,,
90.653,lost,,,,
90.661,lost,,,,
90.670,lost,,,,
90.681,lost,,,,
