elapsed_s,event,body_x,body_y,dist,tags_used
6.216,lost,,,,
6.262,lost,,,,
6.279,lost,,,,
6.293,lost,,,,
6.307,lost,,,,
6.321,lost,,,,
6.335,lost,,,,
6.346,lost,,,,
6.359,lost,,,,
6.373,lost,,,,
6.386,lost,,,,
6.398,lost,,,,
6.410,lost,,,,
6.425,lost,,,,
6.437,lost,,,,
6.450,lost,,,,
6.464,lost,,,,
6.476,lost,,,,
6.488,lost,,,,
6.501,lost,,,,
6.514,lost,,,,
6.527,lost,,,,
6.540,lost,,,,
6.552,lost,,,,
6.566,lost,,,,
6.578,lost,,,,
6.590,lost,,,,
6.603,lost,,,,
6.617,lost,,,,
6.629,lost,,,,
6.640,lost,,,,
6.653,lost,,,,
6.667,lost,,,,
6.679,lost,,,,
6.691,lost,,,,
6.703,lost,,,,
6.716,lost,,,,
6.727,lost,,,,
6.739,lost,,,,
6.753,lost,,,,
6.767,lost,,,,
6.778,lost,,,,
6.789,lost,,,,
6.803,lost,,,,
6.818,lost,,,,
6.829,lost,,,,
6.841,lost,,,,
6.855,lost,,,,
6.868,lost,,,,
6.879,lost,,,,
6.892,lost,,,,
6.907,lost,,,,
6.919,lost,,,,
6.930,lost,,,,
6.942,lost,,,,
6.958,lost,,,,
6.973,lost,,,,
6.988,lost,,,,
7.005,lost,,,,
7.024,lost,,,,
7.040,lost,,,,
7.056,lost,,,,
7.072,lost,,,,
7.087,lost,,,,
7.099,lost,,,,
7.113,lost,,,,
7.126,lost,,,,
7.139,lost,,,,
7.152,lost,,,,
7.167,lost,,,,
7.182,lost,,,,
7.194,lost,,,,
7.206,lost,,,,
7.219,lost,,,,
7.235,lost,,,,
7.247,lost,,,,
7.258,lost,,,,
7.272,lost,,,,
7.287,lost,,,,
7.298,lost,,,,
7.311,lost,,,,
7.326,lost,,,,
7.341,lost,,,,
7.355,lost,,,,
7.369,lost,,,,
7.384,lost,,,,
7.397,lost,,,,
7.410,lost,,,,
7.422,lost,,,,
7.437,lost,,,,
7.449,lost,,,,
7.461,lost,,,,
7.473,lost,,,,
7.488,lost,,,,
7.501,lost,,,,
7.513,lost,,,,
7.526,lost,,,,
7.540,lost,,,,
7.552,lost,,,,
7.566,lost,,,,
7.579,lost,,,,
7.592,lost,,,,
7.606,lost,,,,
7.619,lost,,,,
7.635,lost,,,,
7.646,lost,,,,
7.659,lost,,,,
7.671,lost,,,,
7.686,lost,,,,
7.698,lost,,,,
7.710,lost,,,,
7.724,lost,,,,
7.739,lost,,,,
7.753,lost,,,,
7.777,lost,,,,
7.790,lost,,,,
7.803,lost,,,,
7.816,lost,,,,
7.832,lost,,,,
7.844,lost,,,,
7.858,lost,,,,
7.871,lost,,,,
7.887,lost,,,,
7.902,lost,,,,
7.913,lost,,,,
7.927,lost,,,,
7.942,lost,,,,
7.955,lost,,,,
7.968,lost,,,,
7.980,lost,,,,
7.994,lost,,,,
8.007,lost,,,,
8.021,lost,,,,
8.037,lost,,,,
8.050,lost,,,,
8.062,lost,,,,
8.075,lost,,,,
8.090,lost,,,,
8.104,lost,,,,
8.115,lost,,,,
8.129,lost,,,,
8.142,lost,,,,
8.153,lost,,,,
8.166,lost,,,,
8.179,lost,,,,
8.190,lost,,,,
8.203,lost,,,,
8.215,lost,,,,
8.229,lost,,,,
8.241,lost,,,,
8.254,lost,,,,
8.266,lost,,,,
8.278,lost,,,,
8.292,lost,,,,
8.305,lost,,,,
8.318,lost,,,,
8.331,lost,,,,
8.345,lost,,,,
8.358,lost,,,,
8.370,lost,,,,
8.386,lost,,,,
8.399,lost,,,,
8.414,lost,,,,
8.428,lost,,,,
8.444,lost,,,,
8.458,lost,,,,
8.472,lost,,,,
8.489,lost,,,,
8.505,lost,,,,
8.517,lost,,,,
8.532,lost,,,,
8.547,lost,,,,
8.563,lost,,,,
8.578,lost,,,,
8.593,lost,,,,
8.610,lost,,,,
8.623,lost,,,,
8.637,lost,,,,
8.653,lost,,,,
8.668,lost,,,,
8.680,lost,,,,
8.695,lost,,,,
8.713,lost,,,,
8.729,lost,,,,
8.744,lost,,,,
8.760,lost,,,,
8.772,lost,,,,
8.784,lost,,,,
8.796,lost,,,,
8.808,lost,,,,
8.823,lost,,,,
8.838,lost,,,,
8.853,lost,,,,
8.870,lost,,,,
8.882,lost,,,,
8.894,lost,,,,
8.908,lost,,,,
8.922,lost,,,,
8.936,lost,,,,
8.949,lost,,,,
8.963,lost,,,,
8.977,lost,,,,
8.989,lost,,,,
9.001,lost,,,,
9.013,lost,,,,
9.027,lost,,,,
9.041,lost,,,,
9.054,lost,,,,
9.069,lost,,,,
9.083,lost,,,,
9.095,lost,,,,
9.110,lost,,,,
9.123,lost,,,,
9.138,lost,,,,
9.151,lost,,,,
9.164,lost,,,,
9.176,lost,,,,
9.192,lost,,,,
9.205,lost,,,,
9.219,lost,,,,
9.235,lost,,,,
9.249,lost,,,,
9.262,lost,,,,
9.275,lost,,,,
9.289,lost,,,,
9.303,lost,,,,
9.315,lost,,,,
9.328,lost,,,,
9.341,lost,,,,
9.355,lost,,,,
9.369,lost,,,,
9.383,lost,,,,
9.398,lost,,,,
9.410,lost,,,,
9.424,lost,,,,
9.437,lost,,,,
9.450,lost,,,,
9.462,lost,,,,
9.474,lost,,,,
9.487,lost,,,,
9.501,lost,,,,
9.512,lost,,,,
9.523,lost,,,,
9.536,lost,,,,
9.548,lost,,,,
9.561,lost,,,,
9.574,lost,,,,
9.587,lost,,,,
9.602,lost,,,,
9.613,lost,,,,
9.625,lost,,,,
9.635,lost,,,,
9.650,lost,,,,
9.662,lost,,,,
9.673,lost,,,,
9.686,lost,,,,
9.699,lost,,,,
9.712,lost,,,,
9.725,lost,,,,
9.739,lost,,,,
9.752,lost,,,,
9.766,lost,,,,
9.779,lost,,,,
9.793,lost,,,,
9.805,lost,,,,
9.820,lost,,,,
9.832,lost,,,,
9.843,lost,,,,
9.855,lost,,,,
9.869,lost,,,,
9.882,lost,,,,
9.894,lost,,,,
9.908,lost,,,,
9.922,lost,,,,
9.935,lost,,,,
9.946,lost,,,,
9.959,lost,,,,
9.974,lost,,,,
9.987,lost,,,,
9.999,lost,,,,
10.010,lost,,,,
10.021,lost,,,,
10.035,lost,,,,
10.050,lost,,,,
10.061,lost,,,,
10.073,lost,,,,
10.087,lost,,,,
10.100,lost,,,,
10.113,lost,,,,
10.126,lost,,,,
10.139,lost,,,,
10.151,lost,,,,
10.161,lost,,,,
10.173,lost,,,,
10.188,lost,,,,
10.201,lost,,,,
10.211,lost,,,,
10.222,lost,,,,
10.236,lost,,,,
10.249,lost,,,,
10.261,lost,,,,
10.273,lost,,,,
10.287,lost,,,,
10.301,lost,,,,
10.312,lost,,,,
10.323,lost,,,,
10.339,lost,,,,
10.351,lost,,,,
10.362,lost,,,,
10.372,lost,,,,
10.387,lost,,,,
10.399,lost,,,,
10.410,lost,,,,
10.421,lost,,,,
10.435,lost,,,,
10.449,lost,,,,
10.462,lost,,,,
10.475,lost,,,,
10.489,lost,,,,
10.503,lost,,,,
10.518,lost,,,,
10.530,lost,,,,
10.544,lost,,,,
10.556,lost,,,,
10.570,lost,,,,
10.582,lost,,,,
10.596,lost,,,,
10.611,lost,,,,
10.623,lost,,,,
10.635,lost,,,,
10.647,lost,,,,
10.661,lost,,,,
10.675,lost,,,,
10.687,lost,,,,
10.700,lost,,,,
10.713,lost,,,,
10.725,lost,,,,
10.737,lost,,,,
10.749,lost,,,,
10.762,lost,,,,
10.774,lost,,,,
10.786,lost,,,,
10.798,lost,,,,
10.811,lost,,,,
10.826,lost,,,,
10.839,lost,,,,
10.852,lost,,,,
10.864,lost,,,,
10.876,lost,,,,
10.890,lost,,,,
10.902,lost,,,,
10.916,lost,,,,
10.930,lost,,,,
10.944,lost,,,,
10.957,lost,,,,
10.969,lost,,,,
10.984,lost,,,,
10.996,lost,,,,
11.008,lost,,,,
11.020,lost,,,,
11.034,lost,,,,
11.046,lost,,,,
11.057,lost,,,,
11.069,lost,,,,
11.082,lost,,,,
11.096,lost,,,,
11.107,lost,,,,
11.119,lost,,,,
11.130,lost,,,,
11.141,lost,,,,
11.155,lost,,,,
11.168,lost,,,,
11.181,lost,,,,
11.193,lost,,,,
11.206,lost,,,,
11.218,lost,,,,
11.230,lost,,,,
11.241,lost,,,,
11.255,lost,,,,
11.267,lost,,,,
11.279,lost,,,,
11.290,lost,,,,
11.304,lost,,,,
11.318,lost,,,,
11.329,lost,,,,
11.342,lost,,,,
11.356,lost,,,,
11.368,lost,,,,
11.381,lost,,,,
11.392,lost,,,,
11.404,lost,,,,
11.416,lost,,,,
11.428,lost,,,,
11.440,lost,,,,
11.453,lost,,,,
11.466,lost,,,,
11.478,lost,,,,
11.491,lost,,,,
11.504,lost,,,,
11.517,lost,,,,
11.529,lost,,,,
11.543,lost,,,,
11.555,lost,,,,
11.569,lost,,,,
11.582,lost,,,,
11.594,lost,,,,
11.606,lost,,,,
11.622,lost,,,,
11.636,lost,,,,
11.649,lost,,,,
11.661,lost,,,,
11.675,lost,,,,
11.686,lost,,,,
11.698,lost,,,,
11.710,lost,,,,
11.722,lost,,,,
11.736,lost,,,,
11.750,lost,,,,
11.763,lost,,,,
11.776,lost,,,,
11.790,lost,,,,
11.803,lost,,,,
11.816,lost,,,,
11.827,lost,,,,
11.842,lost,,,,
11.856,lost,,,,
11.868,lost,,,,
11.882,lost,,,,
11.896,lost,,,,
11.908,lost,,,,
11.918,lost,,,,
11.933,lost,,,,
11.945,lost,,,,
11.959,lost,,,,
11.970,lost,,,,
11.982,lost,,,,
11.995,lost,,,,
12.008,lost,,,,
12.021,lost,,,,
12.034,lost,,,,
12.047,lost,,,,
12.060,lost,,,,
12.072,lost,,,,
12.086,lost,,,,
12.100,lost,,,,
12.112,lost,,,,
12.124,lost,,,,
12.136,lost,,,,
12.150,lost,,,,
12.162,lost,,,,
12.174,lost,,,,
12.187,lost,,,,
12.201,lost,,,,
12.215,lost,,,,
12.229,lost,,,,
12.240,lost,,,,
12.254,lost,,,,
12.266,lost,,,,
12.278,lost,,,,
12.289,lost,,,,
12.302,lost,,,,
12.317,lost,,,,
12.329,lost,,,,
12.341,lost,,,,
12.354,lost,,,,
12.368,lost,,,,
12.380,lost,,,,
12.392,lost,,,,
12.403,lost,,,,
12.417,lost,,,,
12.431,lost,,,,
12.445,lost,,,,
12.457,lost,,,,
12.472,lost,,,,
12.483,lost,,,,
12.495,lost,,,,
12.507,lost,,,,
12.521,lost,,,,
12.533,lost,,,,
12.544,lost,,,,
12.555,lost,,,,
12.569,lost,,,,
12.584,lost,,,,
12.596,lost,,,,
12.609,lost,,,,
12.622,lost,,,,
12.637,lost,,,,
12.649,lost,,,,
12.661,lost,,,,
12.673,lost,,,,
12.689,lost,,,,
12.701,lost,,,,
12.716,lost,,,,
12.730,lost,,,,
12.743,lost,,,,
12.760,lost,,,,
12.773,lost,,,,
12.787,lost,,,,
12.800,lost,,,,
12.812,lost,,,,
12.824,lost,,,,
12.837,lost,,,,
12.852,lost,,,,
12.866,lost,,,,
12.878,lost,,,,
12.890,lost,,,,
12.903,lost,,,,
12.917,lost,,,,
12.928,lost,,,,
12.940,lost,,,,
12.957,lost,,,,
12.969,lost,,,,
12.979,lost,,,,
12.991,lost,,,,
13.004,lost,,,,
13.015,lost,,,,
13.027,lost,,,,
13.038,lost,,,,
13.052,lost,,,,
13.066,lost,,,,
13.078,lost,,,,
13.091,lost,,,,
13.105,lost,,,,
13.119,lost,,,,
13.130,lost,,,,
13.142,lost,,,,
13.154,lost,,,,
13.167,lost,,,,
13.179,lost,,,,
13.190,lost,,,,
13.205,lost,,,,
13.220,lost,,,,
13.233,lost,,,,
13.244,lost,,,,
13.257,lost,,,,
13.273,lost,,,,
13.286,lost,,,,
13.297,lost,,,,
13.308,lost,,,,
13.319,lost,,,,
13.334,lost,,,,
13.346,lost,,,,
13.360,lost,,,,
13.375,lost,,,,
13.387,lost,,,,
13.399,lost,,,,
13.415,lost,,,,
13.427,lost,,,,
13.439,lost,,,,
13.450,lost,,,,
13.463,lost,,,,
13.476,lost,,,,
13.489,lost,,,,
13.503,lost,,,,
13.514,lost,,,,
13.526,lost,,,,
13.539,lost,,,,
13.552,lost,,,,
13.563,lost,,,,
13.577,lost,,,,
13.590,lost,,,,
13.604,lost,,,,
13.616,lost,,,,
13.630,lost,,,,
13.642,lost,,,,
13.656,lost,,,,
13.668,lost,,,,
13.682,lost,,,,
13.694,lost,,,,
13.705,lost,,,,
13.718,lost,,,,
13.734,lost,,,,
13.748,lost,,,,
13.761,lost,,,,
13.772,lost,,,,
13.786,lost,,,,
13.800,lost,,,,
13.813,lost,,,,
13.827,lost,,,,
13.841,lost,,,,
13.855,lost,,,,
13.867,lost,,,,
13.878,lost,,,,
13.891,lost,,,,
13.905,lost,,,,
13.919,lost,,,,
13.930,lost,,,,
13.942,lost,,,,
13.956,lost,,,,
13.970,lost,,,,
13.981,lost,,,,
13.993,lost,,,,
14.008,lost,,,,
14.019,lost,,,,
14.031,lost,,,,
14.044,lost,,,,
14.057,lost,,,,
14.070,lost,,,,
14.083,lost,,,,
14.094,lost,,,,
14.107,lost,,,,
14.121,lost,,,,
14.133,lost,,,,
14.146,lost,,,,
14.159,lost,,,,
14.174,lost,,,,
14.188,lost,,,,
14.201,lost,,,,
14.215,lost,,,,
14.228,lost,,,,
14.241,lost,,,,
14.253,lost,,,,
14.266,lost,,,,
14.280,lost,,,,
14.292,lost,,,,
14.303,lost,,,,
14.316,lost,,,,
14.329,lost,,,,
14.341,lost,,,,
14.352,lost,,,,
14.365,lost,,,,
14.377,lost,,,,
14.391,lost,,,,
14.403,lost,,,,
14.414,lost,,,,
14.429,lost,,,,
14.441,lost,,,,
14.453,lost,,,,
14.466,lost,,,,
14.478,lost,,,,
14.492,lost,,,,
14.504,lost,,,,
14.515,lost,,,,
14.527,lost,,,,
14.541,lost,,,,
14.552,lost,,,,
14.563,lost,,,,
14.574,lost,,,,
14.589,lost,,,,
14.603,lost,,,,
14.615,lost,,,,
14.627,lost,,,,
14.639,lost,,,,
14.654,lost,,,,
14.666,lost,,,,
14.678,lost,,,,
14.689,lost,,,,
14.704,lost,,,,
14.718,lost,,,,
14.729,lost,,,,
14.740,lost,,,,
14.753,lost,,,,
14.768,lost,,,,
14.780,lost,,,,
14.795,lost,,,,
14.808,lost,,,,
14.820,lost,,,,
14.832,lost,,,,
14.846,lost,,,,
14.859,lost,,,,
14.871,lost,,,,
14.882,lost,,,,
14.894,lost,,,,
14.906,lost,,,,
14.921,lost,,,,
14.933,lost,,,,
14.945,lost,,,,
14.957,lost,,,,
14.971,lost,,,,
14.982,lost,,,,
14.996,lost,,,,
15.009,lost,,,,
15.022,lost,,,,
15.033,lost,,,,
15.044,lost,,,,
15.056,lost,,,,
15.068,lost,,,,
15.082,lost,,,,
15.094,lost,,,,
15.107,lost,,,,
15.121,lost,,,,
15.134,lost,,,,
15.145,lost,,,,
15.157,lost,,,,
15.172,lost,,,,
15.185,lost,,,,
15.196,lost,,,,
15.209,lost,,,,
15.223,lost,,,,
15.236,lost,,,,
15.248,lost,,,,
15.260,lost,,,,
15.273,lost,,,,
15.286,lost,,,,
15.299,lost,,,,
15.311,lost,,,,
15.326,lost,,,,
15.338,lost,,,,
15.350,lost,,,,
15.361,lost,,,,
15.373,lost,,,,
15.387,lost,,,,
15.398,lost,,,,
15.409,lost,,,,
15.422,lost,,,,
15.436,lost,,,,
15.448,lost,,,,
15.459,lost,,,,
15.471,lost,,,,
15.485,lost,,,,
15.499,lost,,,,
15.511,lost,,,,
15.524,lost,,,,
15.538,lost,,,,
15.550,lost,,,,
15.561,lost,,,,
15.573,lost,,,,
15.587,lost,,,,
15.600,lost,,,,
15.612,lost,,,,
15.627,lost,,,,
15.643,lost,,,,
15.657,lost,,,,
15.669,lost,,,,
15.684,lost,,,,
15.697,lost,,,,
15.708,lost,,,,
15.720,lost,,,,
15.732,lost,,,,
15.745,lost,,,,
15.759,lost,,,,
15.773,lost,,,,
15.787,lost,,,,
15.799,lost,,,,
15.812,lost,,,,
15.825,lost,,,,
15.836,lost,,,,
15.848,lost,,,,
15.860,lost,,,,
15.875,lost,,,,
15.888,lost,,,,
15.899,lost,,,,
15.911,lost,,,,
15.926,lost,,,,
15.938,lost,,,,
15.949,lost,,,,
15.962,lost,,,,
15.975,lost,,,,
15.988,lost,,,,
16.002,lost,,,,
16.013,lost,,,,
16.027,lost,,,,
16.039,lost,,,,
16.050,lost,,,,
16.063,lost,,,,
16.074,lost,,,,
16.089,lost,,,,
16.103,lost,,,,
16.115,lost,,,,
16.129,lost,,,,
16.144,lost,,,,
16.156,lost,,,,
16.168,lost,,,,
16.180,lost,,,,
16.196,lost,,,,
16.210,lost,,,,
16.223,lost,,,,
16.235,lost,,,,
16.247,lost,,,,
16.261,lost,,,,
16.273,lost,,,,
16.286,lost,,,,
16.299,lost,,,,
16.311,lost,,,,
16.326,lost,,,,
16.338,lost,,,,
16.354,lost,,,,
16.366,lost,,,,
16.377,lost,,,,
16.390,lost,,,,
16.403,lost,,,,
16.416,lost,,,,
16.428,lost,,,,
16.440,lost,,,,
16.453,lost,,,,
16.468,lost,,,,
16.479,lost,,,,
16.490,lost,,,,
16.503,lost,,,,
16.515,lost,,,,
16.527,lost,,,,
16.539,lost,,,,
16.552,lost,,,,
16.564,lost,,,,
16.578,lost,,,,
16.589,lost,,,,
16.601,lost,,,,
16.615,lost,,,,
16.627,lost,,,,
16.641,lost,,,,
16.654,lost,,,,
16.667,lost,,,,
16.679,lost,,,,
16.690,lost,,,,
16.700,lost,,,,
16.712,lost,,,,
16.726,lost,,,,
16.738,lost,,,,
16.751,lost,,,,
16.763,lost,,,,
16.777,lost,,,,
16.789,lost,,,,
16.802,lost,,,,
16.815,lost,,,,
16.826,lost,,,,
16.839,lost,,,,
16.851,lost,,,,
16.866,lost,,,,
16.881,lost,,,,
16.892,lost,,,,
16.904,lost,,,,
16.916,lost,,,,
16.928,lost,,,,
16.941,lost,,,,
16.954,lost,,,,
16.967,lost,,,,
16.982,lost,,,,
16.995,lost,,,,
17.007,lost,,,,
17.021,lost,,,,
17.036,lost,,,,
17.048,lost,,,,
17.061,lost,,,,
17.072,lost,,,,
17.088,lost,,,,
17.100,lost,,,,
17.111,lost,,,,
17.124,lost,,,,
17.137,lost,,,,
17.150,lost,,,,
17.163,lost,,,,
17.173,lost,,,,
17.187,lost,,,,
17.203,lost,,,,
17.214,lost,,,,
17.226,lost,,,,
17.237,lost,,,,
17.249,lost,,,,
17.260,lost,,,,
17.273,lost,,,,
17.288,lost,,,,
17.302,lost,,,,
17.314,lost,,,,
17.328,lost,,,,
17.342,lost,,,,
17.356,lost,,,,
17.371,lost,,,,
17.383,lost,,,,
17.397,lost,,,,
17.410,lost,,,,
17.423,lost,,,,
17.435,lost,,,,
17.448,lost,,,,
17.461,lost,,,,
17.475,lost,,,,
17.486,lost,,,,
17.497,lost,,,,
17.508,lost,,,,
17.522,lost,,,,
17.536,lost,,,,
17.547,lost,,,,
17.559,lost,,,,
17.572,lost,,,,
17.584,lost,,,,
17.595,lost,,,,
17.607,lost,,,,
17.621,lost,,,,
17.633,lost,,,,
17.645,lost,,,,
17.658,lost,,,,
17.673,lost,,,,
17.686,lost,,,,
17.698,lost,,,,
17.711,lost,,,,
17.725,lost,,,,
17.737,lost,,,,
17.749,lost,,,,
17.761,lost,,,,
17.775,lost,,,,
17.787,lost,,,,
17.797,lost,,,,
17.810,lost,,,,
17.824,lost,,,,
17.837,lost,,,,
17.849,lost,,,,
17.861,lost,,,,
17.875,lost,,,,
17.886,lost,,,,
17.897,lost,,,,
17.911,lost,,,,
17.926,lost,,,,
17.939,lost,,,,
17.952,lost,,,,
17.965,lost,,,,
17.977,lost,,,,
17.990,lost,,,,
18.003,lost,,,,
18.016,lost,,,,
18.028,lost,,,,
18.043,lost,,,,
18.057,lost,,,,
18.072,lost,,,,
18.083,lost,,,,
18.094,lost,,,,
18.106,lost,,,,
18.119,lost,,,,
18.132,lost,,,,
18.143,lost,,,,
18.155,lost,,,,
18.169,lost,,,,
18.181,lost,,,,
18.193,lost,,,,
18.206,lost,,,,
18.220,lost,,,,
18.233,lost,,,,
18.244,lost,,,,
18.256,lost,,,,
18.270,lost,,,,
18.282,lost,,,,
18.294,lost,,,,
18.307,lost,,,,
18.321,lost,,,,
18.333,lost,,,,
18.344,lost,,,,
18.356,lost,,,,
18.368,lost,,,,
18.381,lost,,,,
18.394,lost,,,,
18.406,lost,,,,
18.422,lost,,,,
18.434,lost,,,,
18.446,lost,,,,
18.459,lost,,,,
18.471,lost,,,,
18.483,lost,,,,
18.495,lost,,,,
18.507,lost,,,,
18.521,lost,,,,
18.533,lost,,,,
18.544,lost,,,,
18.555,lost,,,,
18.571,lost,,,,
18.584,lost,,,,
18.595,lost,,,,
18.607,lost,,,,
18.620,lost,,,,
18.633,lost,,,,
18.643,lost,,,,
18.657,lost,,,,
18.671,lost,,,,
18.683,lost,,,,
18.694,lost,,,,
18.709,lost,,,,
18.722,lost,,,,
18.733,lost,,,,
18.744,lost,,,,
18.756,lost,,,,
18.771,lost,,,,
18.783,lost,,,,
18.795,lost,,,,
18.807,lost,,,,
18.822,lost,,,,
18.835,lost,,,,
18.846,lost,,,,
18.858,lost,,,,
18.873,lost,,,,
18.885,lost,,,,
18.896,lost,,,,
18.910,lost,,,,
18.923,lost,,,,
18.936,lost,,,,
18.947,lost,,,,
18.959,lost,,,,
18.974,lost,,,,
18.987,lost,,,,
18.999,lost,,,,
19.011,lost,,,,
19.025,lost,,,,
19.036,lost,,,,
19.048,lost,,,,
19.060,lost,,,,
19.073,lost,,,,
19.087,lost,,,,
19.099,lost,,,,
19.112,lost,,,,
19.126,lost,,,,
19.139,lost,,,,
19.152,lost,,,,
19.164,lost,,,,
19.178,lost,,,,
19.190,lost,,,,
19.202,lost,,,,
19.215,lost,,,,
19.226,lost,,,,
19.237,lost,,,,
19.248,lost,,,,
19.261,lost,,,,
19.276,lost,,,,
19.287,lost,,,,
19.299,lost,,,,
19.311,lost,,,,
19.324,lost,,,,
19.337,lost,,,,
19.349,lost,,,,
19.362,lost,,,,
19.375,lost,,,,
19.389,lost,,,,
19.402,lost,,,,
19.416,lost,,,,
19.428,lost,,,,
19.441,lost,,,,
19.453,lost,,,,
19.467,lost,,,,
19.479,lost,,,,
19.492,lost,,,,
19.505,lost,,,,
19.519,lost,,,,
19.532,lost,,,,
19.543,lost,,,,
19.555,lost,,,,
19.569,lost,,,,
19.581,lost,,,,
19.594,lost,,,,
19.607,lost,,,,
19.621,lost,,,,
19.633,lost,,,,
19.645,lost,,,,
19.658,lost,,,,
19.672,lost,,,,
19.684,lost,,,,
19.694,lost,,,,
19.707,lost,,,,
19.721,lost,,,,
19.734,lost,,,,
19.744,lost,,,,
19.757,lost,,,,
19.771,lost,,,,
19.783,lost,,,,
19.794,lost,,,,
19.807,lost,,,,
19.822,lost,,,,
19.836,lost,,,,
19.849,lost,,,,
19.861,lost,,,,
19.875,lost,,,,
19.888,lost,,,,
19.900,lost,,,,
19.914,lost,,,,
19.926,lost,,,,
19.939,lost,,,,
19.951,lost,,,,
19.964,lost,,,,
19.976,lost,,,,
19.987,lost,,,,
19.996,lost,,,,
20.007,lost,,,,
20.020,lost,,,,
20.034,lost,,,,
20.049,lost,,,,
20.063,lost,,,,
20.075,lost,,,,
20.088,lost,,,,
20.099,lost,,,,
20.111,lost,,,,
20.125,lost,,,,
20.137,lost,,,,
20.149,lost,,,,
20.162,lost,,,,
20.174,lost,,,,
20.186,lost,,,,
20.198,lost,,,,
20.211,lost,,,,
20.224,lost,,,,
20.236,lost,,,,
20.247,lost,,,,
20.259,lost,,,,
20.273,lost,,,,
20.286,lost,,,,
20.297,lost,,,,
20.310,lost,,,,
20.323,lost,,,,
20.335,lost,,,,
20.348,lost,,,,
20.360,lost,,,,
20.375,lost,,,,
20.387,lost,,,,
20.398,lost,,,,
20.409,lost,,,,
20.422,lost,,,,
20.437,lost,,,,
20.449,lost,,,,
20.463,lost,,,,
20.475,lost,,,,
20.487,lost,,,,
20.498,lost,,,,
20.513,lost,,,,
20.525,lost,,,,
20.537,lost,,,,
20.549,lost,,,,
20.561,lost,,,,
20.572,lost,,,,
20.584,lost,,,,
20.594,lost,,,,
20.607,lost,,,,
20.620,lost,,,,
20.632,lost,,,,
20.645,lost,,,,
20.657,lost,,,,
20.673,lost,,,,
20.686,lost,,,,
20.698,lost,,,,
20.710,lost,,,,
20.723,lost,,,,
20.734,lost,,,,
20.746,lost,,,,
20.759,lost,,,,
20.772,lost,,,,
20.786,lost,,,,
20.796,lost,,,,
20.808,lost,,,,
20.822,lost,,,,
20.835,lost,,,,
20.848,lost,,,,
20.858,lost,,,,
20.872,lost,,,,
20.885,lost,,,,
20.896,lost,,,,
20.907,lost,,,,
20.920,lost,,,,
20.933,lost,,,,
20.944,lost,,,,
20.956,lost,,,,
20.970,lost,,,,
20.983,lost,,,,
20.994,lost,,,,
21.008,lost,,,,
21.023,lost,,,,
21.036,lost,,,,
21.046,lost,,,,
21.058,lost,,,,
21.073,lost,,,,
21.086,lost,,,,
21.095,lost,,,,
21.107,lost,,,,
21.120,lost,,,,
21.133,lost,,,,
21.144,lost,,,,
21.156,lost,,,,
21.171,lost,,,,
21.182,lost,,,,
21.194,lost,,,,
21.207,lost,,,,
21.222,lost,,,,
21.234,lost,,,,
21.246,lost,,,,
21.258,lost,,,,
21.273,lost,,,,
21.286,lost,,,,
21.298,lost,,,,
21.312,lost,,,,
21.324,lost,,,,
21.337,lost,,,,
21.348,lost,,,,
21.360,lost,,,,
21.374,lost,,,,
21.388,lost,,,,
21.400,lost,,,,
21.413,lost,,,,
21.425,lost,,,,
21.438,lost,,,,
21.449,lost,,,,
21.461,lost,,,,
21.476,lost,,,,
21.488,lost,,,,
21.500,lost,,,,
21.512,lost,,,,
21.525,lost,,,,
21.538,lost,,,,
21.550,lost,,,,
21.561,lost,,,,
21.574,lost,,,,
21.586,lost,,,,
21.596,lost,,,,
21.607,lost,,,,
21.621,lost,,,,
21.633,lost,,,,
21.644,lost,,,,
21.658,lost,,,,
21.672,lost,,,,
21.684,lost,,,,
21.696,lost,,,,
21.711,lost,,,,
21.723,lost,,,,
21.735,lost,,,,
21.750,lost,,,,
21.764,lost,,,,
21.775,lost,,,,
21.787,lost,,,,
21.801,lost,,,,
21.815,lost,,,,
21.827,lost,,,,
21.840,lost,,,,
21.854,lost,,,,
21.868,lost,,,,
21.879,lost,,,,
21.891,lost,,,,
21.906,lost,,,,
21.918,lost,,,,
21.929,lost,,,,
21.941,lost,,,,
21.956,lost,,,,
21.968,lost,,,,
21.979,lost,,,,
21.991,lost,,,,
22.006,lost,,,,
22.019,lost,,,,
22.030,lost,,,,
22.043,lost,,,,
22.055,lost,,,,
22.068,lost,,,,
22.078,lost,,,,
22.089,lost,,,,
22.100,lost,,,,
22.115,lost,,,,
22.128,lost,,,,
22.139,lost,,,,
22.152,lost,,,,
22.165,lost,,,,
22.177,lost,,,,
22.189,lost,,,,
22.204,lost,,,,
22.216,lost,,,,
22.228,lost,,,,
22.241,lost,,,,
22.254,lost,,,,
22.266,lost,,,,
22.277,lost,,,,
22.290,lost,,,,
22.305,lost,,,,
22.316,lost,,,,
22.327,lost,,,,
22.341,lost,,,,
22.353,lost,,,,
22.364,lost,,,,
22.376,lost,,,,
22.388,lost,,,,
22.401,lost,,,,
22.412,lost,,,,
22.423,lost,,,,
22.436,lost,,,,
22.449,lost,,,,
22.461,lost,,,,
22.472,lost,,,,
22.485,lost,,,,
22.498,lost,,,,
22.511,lost,,,,
22.523,lost,,,,
22.536,lost,,,,
22.548,lost,,,,
22.560,lost,,,,
22.572,lost,,,,
22.585,lost,,,,
22.598,lost,,,,
22.609,lost,,,,
22.621,lost,,,,
22.636,lost,,,,
22.649,lost,,,,
22.661,lost,,,,
22.671,lost,,,,
22.683,lost,,,,
22.695,lost,,,,
22.707,lost,,,,
22.719,lost,,,,
22.733,lost,,,,
22.745,lost,,,,
22.756,lost,,,,
22.769,lost,,,,
22.783,lost,,,,
22.794,lost,,,,
22.806,lost,,,,
22.817,lost,,,,
22.830,lost,,,,
22.842,lost,,,,
22.854,lost,,,,
22.867,lost,,,,
22.881,lost,,,,
22.893,lost,,,,
22.905,lost,,,,
22.919,lost,,,,
22.932,lost,,,,
22.943,lost,,,,
22.953,lost,,,,
22.962,lost,,,,
22.974,lost,,,,
22.989,lost,,,,
23.001,lost,,,,
23.013,lost,,,,
23.024,lost,,,,
23.038,lost,,,,
23.052,lost,,,,
23.062,lost,,,,
23.074,lost,,,,
23.090,lost,,,,
23.102,lost,,,,
23.114,lost,,,,
23.125,lost,,,,
23.140,lost,,,,
23.153,lost,,,,
23.165,lost,,,,
23.178,lost,,,,
23.190,lost,,,,
23.202,lost,,,,
23.212,lost,,,,
23.223,lost,,,,
23.239,lost,,,,
23.252,lost,,,,
23.263,lost,,,,
23.276,lost,,,,
23.290,lost,,,,
23.301,lost,,,,
23.313,lost,,,,
23.325,lost,,,,
23.339,lost,,,,
23.350,lost,,,,
23.361,lost,,,,
23.373,lost,,,,
23.388,lost,,,,
23.401,lost,,,,
23.412,lost,,,,
23.423,lost,,,,
23.436,lost,,,,
23.450,lost,,,,
23.462,lost,,,,
23.475,lost,,,,
23.489,lost,,,,
23.501,lost,,,,
23.512,lost,,,,
23.524,lost,,,,
23.539,lost,,,,
23.549,lost,,,,
23.561,lost,,,,
23.573,lost,,,,
23.586,lost,,,,
23.599,lost,,,,
23.610,lost,,,,
23.624,lost,,,,
23.638,lost,,,,
23.650,lost,,,,
23.662,lost,,,,
23.675,lost,,,,
23.690,lost,,,,
23.701,lost,,,,
23.712,lost,,,,
23.722,lost,,,,
23.737,lost,,,,
23.749,lost,,,,
23.759,lost,,,,
23.772,lost,,,,
23.786,lost,,,,
23.798,lost,,,,
23.809,lost,,,,
23.823,lost,,,,
23.835,lost,,,,
23.846,lost,,,,
23.857,lost,,,,
23.871,lost,,,,
23.884,lost,,,,
23.895,lost,,,,
23.907,lost,,,,
23.920,lost,,,,
23.934,lost,,,,
23.944,lost,,,,
23.956,lost,,,,
23.969,lost,,,,
23.981,lost,,,,
23.994,lost,,,,
24.007,lost,,,,
24.021,lost,,,,
24.035,lost,,,,
24.046,lost,,,,
24.058,lost,,,,
24.071,lost,,,,
24.087,lost,,,,
24.099,lost,,,,
24.111,lost,,,,
24.123,lost,,,,
24.136,lost,,,,
24.146,lost,,,,
24.159,lost,,,,
24.170,lost,,,,
24.182,lost,,,,
24.195,lost,,,,
24.208,lost,,,,
24.220,lost,,,,
24.232,lost,,,,
24.244,lost,,,,
24.257,lost,,,,
24.271,lost,,,,
24.283,lost,,,,
24.296,lost,,,,
24.308,lost,,,,
24.319,lost,,,,
24.331,lost,,,,
24.346,lost,,,,
24.360,lost,,,,
24.373,lost,,,,
24.387,lost,,,,
24.399,lost,,,,
24.410,lost,,,,
24.425,lost,,,,
24.438,lost,,,,
24.449,lost,,,,
24.459,lost,,,,
24.471,lost,,,,
24.486,lost,,,,
24.497,lost,,,,
24.510,lost,,,,
24.522,lost,,,,
24.536,lost,,,,
24.549,lost,,,,
24.560,lost,,,,
24.573,lost,,,,
24.586,lost,,,,
24.600,lost,,,,
24.611,lost,,,,
24.623,lost,,,,
24.636,lost,,,,
24.648,lost,,,,
24.659,lost,,,,
24.671,lost,,,,
24.684,lost,,,,
24.697,lost,,,,
24.709,lost,,,,
24.721,lost,,,,
24.735,lost,,,,
24.748,lost,,,,
24.760,lost,,,,
24.775,lost,,,,
24.787,lost,,,,
24.798,lost,,,,
24.809,lost,,,,
24.823,lost,,,,
24.836,lost,,,,
24.846,lost,,,,
24.857,lost,,,,
24.871,lost,,,,
24.884,lost,,,,
24.896,lost,,,,
24.908,lost,,,,
24.919,lost,,,,
24.933,lost,,,,
24.945,lost,,,,
24.957,lost,,,,
24.969,lost,,,,
24.982,lost,,,,
24.994,lost,,,,
25.006,lost,,,,
25.020,lost,,,,
25.033,lost,,,,
25.046,lost,,,,
25.057,lost,,,,
25.071,lost,,,,
25.084,lost,,,,
25.095,lost,,,,
25.107,lost,,,,
25.120,lost,,,,
25.134,lost,,,,
25.145,lost,,,,
25.157,lost,,,,
25.171,lost,,,,
25.185,lost,,,,
25.197,lost,,,,
25.208,lost,,,,
25.219,lost,,,,
25.230,lost,,,,
25.243,lost,,,,
25.257,lost,,,,
25.271,lost,,,,
25.284,lost,,,,
25.295,lost,,,,
25.307,lost,,,,
25.319,lost,,,,
25.333,lost,,,,
25.345,lost,,,,
25.356,lost,,,,
25.367,lost,,,,
25.382,lost,,,,
25.396,lost,,,,
25.408,lost,,,,
25.420,lost,,,,
25.433,lost,,,,
25.448,lost,,,,
25.461,lost,,,,
25.476,lost,,,,
25.489,lost,,,,
25.501,lost,,,,
25.513,lost,,,,
25.527,lost,,,,
25.540,lost,,,,
25.554,lost,,,,
25.568,lost,,,,
25.581,lost,,,,
25.593,lost,,,,
25.606,lost,,,,
25.621,lost,,,,
25.633,lost,,,,
25.645,lost,,,,
25.654,lost,,,,
25.670,lost,,,,
25.683,lost,,,,
25.696,lost,,,,
25.707,lost,,,,
25.722,lost,,,,
25.734,lost,,,,
25.745,lost,,,,
25.758,lost,,,,
25.770,lost,,,,
25.785,lost,,,,
25.798,lost,,,,
25.810,lost,,,,
25.824,lost,,,,
25.838,lost,,,,
25.851,lost,,,,
25.863,lost,,,,
25.875,lost,,,,
25.890,lost,,,,
25.904,lost,,,,
25.916,lost,,,,
25.931,lost,,,,
25.943,lost,,,,
25.955,lost,,,,
25.967,lost,,,,
25.980,lost,,,,
25.992,lost,,,,
26.005,lost,,,,
26.017,lost,,,,
26.028,lost,,,,
26.041,lost,,,,
26.055,lost,,,,
26.066,lost,,,,
26.078,lost,,,,
26.091,lost,,,,
26.105,lost,,,,
26.118,lost,,,,
26.129,lost,,,,
26.141,lost,,,,
26.155,lost,,,,
26.168,lost,,,,
26.179,lost,,,,
26.193,lost,,,,
26.205,lost,,,,
26.216,lost,,,,
26.227,lost,,,,
26.240,lost,,,,
26.254,lost,,,,
26.266,lost,,,,
26.277,lost,,,,
26.289,lost,,,,
26.304,lost,,,,
26.319,lost,,,,
26.330,lost,,,,
26.342,lost,,,,
26.356,lost,,,,
26.370,lost,,,,
26.382,lost,,,,
26.394,lost,,,,
26.411,lost,,,,
26.423,lost,,,,
26.434,lost,,,,
26.445,lost,,,,
26.458,lost,,,,
26.472,lost,,,,
26.484,lost,,,,
26.495,lost,,,,
26.508,lost,,,,
26.523,lost,,,,
26.536,lost,,,,
26.546,lost,,,,
26.558,lost,,,,
26.571,lost,,,,
26.586,lost,,,,
26.599,lost,,,,
26.612,lost,,,,
26.625,lost,,,,
26.637,lost,,,,
26.649,lost,,,,
26.662,lost,,,,
26.674,lost,,,,
26.688,lost,,,,
26.701,lost,,,,
26.713,lost,,,,
26.727,lost,,,,
26.740,lost,,,,
26.754,lost,,,,
26.766,lost,,,,
26.780,lost,,,,
26.791,lost,,,,
26.803,lost,,,,
26.815,lost,,,,
26.825,lost,,,,
26.840,lost,,,,
26.853,lost,,,,
26.863,lost,,,,
26.877,lost,,,,
26.891,lost,,,,
26.903,lost,,,,
26.915,lost,,,,
26.930,lost,,,,
26.942,lost,,,,
26.954,lost,,,,
26.965,lost,,,,
26.979,lost,,,,
26.991,lost,,,,
27.003,lost,,,,
27.016,lost,,,,
27.028,lost,,,,
27.042,lost,,,,
27.053,lost,,,,
27.066,lost,,,,
27.078,lost,,,,
27.092,lost,,,,
27.104,lost,,,,
27.115,lost,,,,
27.128,lost,,,,
27.140,lost,,,,
27.153,lost,,,,
27.166,lost,,,,
27.178,lost,,,,
27.191,lost,,,,
27.205,lost,,,,
27.216,lost,,,,
27.228,lost,,,,
27.241,lost,,,,
27.255,lost,,,,
27.268,lost,,,,
27.279,lost,,,,
27.292,lost,,,,
27.307,lost,,,,
27.320,lost,,,,
27.329,lost,,,,
27.343,lost,,,,
27.356,lost,,,,
27.369,lost,,,,
27.380,lost,,,,
27.393,lost,,,,
27.406,lost,,,,
27.418,lost,,,,
27.429,lost,,,,
27.441,lost,,,,
27.457,lost,,,,
27.470,lost,,,,
27.481,lost,,,,
27.496,lost,,,,
27.510,lost,,,,
27.522,lost,,,,
27.534,lost,,,,
27.546,lost,,,,
27.560,lost,,,,
27.572,lost,,,,
27.585,lost,,,,
27.597,lost,,,,
27.608,lost,,,,
27.623,lost,,,,
27.637,lost,,,,
27.649,lost,,,,
27.663,lost,,,,
27.675,lost,,,,
27.687,lost,,,,
27.698,lost,,,,
27.708,lost,,,,
27.723,lost,,,,
27.738,lost,,,,
27.750,lost,,,,
27.762,lost,,,,
27.775,lost,,,,
27.788,lost,,,,
27.800,lost,,,,
27.813,lost,,,,
27.826,lost,,,,
27.837,lost,,,,
27.849,lost,,,,
27.862,lost,,,,
27.876,lost,,,,
27.889,lost,,,,
27.902,lost,,,,
27.916,lost,,,,
27.929,lost,,,,
27.940,lost,,,,
27.952,lost,,,,
27.966,lost,,,,
27.979,lost,,,,
27.990,lost,,,,
28.004,lost,,,,
28.017,lost,,,,
28.031,lost,,,,
28.043,lost,,,,
28.055,lost,,,,
28.068,lost,,,,
28.082,lost,,,,
28.094,lost,,,,
28.107,lost,,,,
28.121,lost,,,,
28.136,lost,,,,
28.147,lost,,,,
28.157,lost,,,,
28.169,lost,,,,
28.183,lost,,,,
28.195,lost,,,,
28.208,lost,,,,
28.221,lost,,,,
28.233,lost,,,,
28.248,lost,,,,
28.261,lost,,,,
28.274,lost,,,,
28.289,lost,,,,
28.302,lost,,,,
28.313,lost,,,,
28.324,lost,,,,
28.338,lost,,,,
28.351,lost,,,,
28.362,lost,,,,
28.374,lost,,,,
28.388,lost,,,,
28.400,lost,,,,
28.414,lost,,,,
28.427,lost,,,,
28.440,lost,,,,
28.453,lost,,,,
28.465,lost,,,,
28.477,lost,,,,
28.492,lost,,,,
28.504,lost,,,,
28.515,lost,,,,
28.527,lost,,,,
28.541,lost,,,,
28.554,lost,,,,
28.566,lost,,,,
28.578,lost,,,,
28.592,lost,,,,
28.604,lost,,,,
28.616,lost,,,,
28.629,lost,,,,
28.643,lost,,,,
28.655,lost,,,,
28.668,lost,,,,
28.680,lost,,,,
28.693,lost,,,,
28.707,lost,,,,
28.720,lost,,,,
28.731,lost,,,,
28.743,lost,,,,
28.758,lost,,,,
28.771,lost,,,,
28.783,lost,,,,
28.797,lost,,,,
28.809,lost,,,,
28.821,lost,,,,
28.832,lost,,,,
28.847,lost,,,,
28.860,lost,,,,
28.871,lost,,,,
28.883,lost,,,,
28.896,lost,,,,
28.909,lost,,,,
28.922,lost,,,,
28.934,lost,,,,
28.948,lost,,,,
28.962,lost,,,,
28.974,lost,,,,
28.987,lost,,,,
29.002,lost,,,,
29.015,lost,,,,
29.028,lost,,,,
29.041,lost,,,,
29.055,lost,,,,
29.070,lost,,,,
29.082,lost,,,,
29.095,lost,,,,
29.107,lost,,,,
29.120,lost,,,,
29.132,lost,,,,
29.144,lost,,,,
29.156,lost,,,,
29.169,lost,,,,
29.180,lost,,,,
29.192,lost,,,,
29.204,lost,,,,
29.217,lost,,,,
29.229,lost,,,,
29.241,lost,,,,
29.254,lost,,,,
29.267,lost,,,,
29.279,lost,,,,
29.291,lost,,,,
29.303,lost,,,,
29.317,lost,,,,
29.329,lost,,,,
29.341,lost,,,,
29.353,lost,,,,
29.368,lost,,,,
29.380,lost,,,,
29.392,lost,,,,
29.404,lost,,,,
29.418,lost,,,,
29.431,lost,,,,
29.445,lost,,,,
29.459,lost,,,,
29.474,lost,,,,
29.488,lost,,,,
29.500,lost,,,,
29.512,lost,,,,
29.525,lost,,,,
29.537,lost,,,,
29.549,lost,,,,
29.561,lost,,,,
29.575,lost,,,,
29.588,lost,,,,
29.599,lost,,,,
29.612,lost,,,,
29.626,lost,,,,
29.639,lost,,,,
29.651,lost,,,,
29.666,lost,,,,
29.679,lost,,,,
29.692,lost,,,,
29.705,lost,,,,
29.717,lost,,,,
29.729,lost,,,,
29.743,lost,,,,
29.756,lost,,,,
29.768,lost,,,,
29.783,lost,,,,
29.797,lost,,,,
29.809,lost,,,,
29.822,lost,,,,
29.838,lost,,,,
29.851,lost,,,,
29.862,lost,,,,
29.876,lost,,,,
29.891,lost,,,,
29.902,lost,,,,
29.913,lost,,,,
29.924,lost,,,,
29.939,lost,,,,
29.952,lost,,,,
29.965,lost,,,,
29.977,lost,,,,
29.990,lost,,,,
30.003,lost,,,,
30.015,lost,,,,
30.028,lost,,,,
30.041,lost,,,,
30.055,lost,,,,
30.066,lost,,,,
30.078,lost,,,,
30.091,lost,,,,
30.104,lost,,,,
30.117,lost,,,,
30.130,lost,,,,
30.143,lost,,,,
30.156,lost,,,,
30.169,lost,,,,
30.181,lost,,,,
30.195,lost,,,,
30.207,lost,,,,
30.220,lost,,,,
30.235,lost,,,,
30.249,lost,,,,
30.261,lost,,,,
30.273,lost,,,,
30.287,lost,,,,
30.301,lost,,,,
30.315,lost,,,,
30.326,lost,,,,
30.339,lost,,,,
30.353,lost,,,,
30.365,lost,,,,
30.376,lost,,,,
30.390,lost,,,,
30.404,lost,,,,
30.415,lost,,,,
30.427,lost,,,,
30.441,lost,,,,
30.455,lost,,,,
30.467,lost,,,,
30.478,lost,,,,
30.490,lost,,,,
30.505,lost,,,,
30.516,lost,,,,
30.527,lost,,,,
30.540,lost,,,,
30.555,lost,,,,
30.567,lost,,,,
30.578,lost,,,,
30.591,lost,,,,
30.604,lost,,,,
30.617,lost,,,,
30.629,lost,,,,
30.641,lost,,,,
30.653,lost,,,,
30.667,lost,,,,
30.679,lost,,,,
30.692,lost,,,,
30.704,lost,,,,
30.719,lost,,,,
30.730,lost,,,,
30.741,lost,,,,
30.754,lost,,,,
30.768,lost,,,,
30.780,lost,,,,
30.791,lost,,,,
30.804,lost,,,,
30.819,lost,,,,
30.830,lost,,,,
30.842,lost,,,,
30.853,lost,,,,
30.866,lost,,,,
30.879,lost,,,,
30.891,lost,,,,
30.903,lost,,,,
30.915,lost,,,,
30.928,lost,,,,
30.940,lost,,,,
30.953,lost,,,,
30.968,lost,,,,
30.979,lost,,,,
30.991,lost,,,,
31.003,lost,,,,
31.018,lost,,,,
31.031,lost,,,,
31.044,lost,,,,
31.057,lost,,,,
31.071,lost,,,,
31.084,lost,,,,
31.096,lost,,,,
31.108,lost,,,,
31.121,lost,,,,
31.133,lost,,,,
31.145,lost,,,,
31.156,lost,,,,
31.170,lost,,,,
31.183,lost,,,,
31.195,lost,,,,
31.206,lost,,,,
31.219,lost,,,,
31.232,lost,,,,
31.243,lost,,,,
31.256,lost,,,,
31.270,lost,,,,
31.284,lost,,,,
31.295,lost,,,,
31.309,lost,,,,
31.321,lost,,,,
31.335,lost,,,,
31.347,lost,,,,
31.358,lost,,,,
31.371,lost,,,,
31.387,lost,,,,
31.400,lost,,,,
31.412,lost,,,,
31.426,lost,,,,
31.440,lost,,,,
31.453,lost,,,,
31.465,lost,,,,
31.478,lost,,,,
31.492,lost,,,,
31.503,lost,,,,
31.515,lost,,,,
31.529,lost,,,,
31.540,lost,,,,
31.555,lost,,,,
31.568,lost,,,,
31.578,lost,,,,
31.591,lost,,,,
31.606,lost,,,,
31.619,lost,,,,
31.629,lost,,,,
31.641,lost,,,,
31.655,lost,,,,
31.668,lost,,,,
31.680,lost,,,,
31.692,lost,,,,
31.706,lost,,,,
31.720,lost,,,,
31.730,lost,,,,
31.743,lost,,,,
31.757,lost,,,,
31.770,lost,,,,
31.782,lost,,,,
31.795,lost,,,,
31.809,lost,,,,
31.821,lost,,,,
31.834,lost,,,,
31.846,lost,,,,
31.859,lost,,,,
31.872,lost,,,,
31.884,lost,,,,
31.895,lost,,,,
31.907,lost,,,,
31.921,lost,,,,
31.933,lost,,,,
31.945,lost,,,,
31.958,lost,,,,
31.972,lost,,,,
31.986,lost,,,,
31.999,lost,,,,
32.012,lost,,,,
32.026,lost,,,,
32.038,lost,,,,
32.051,lost,,,,
32.064,lost,,,,
32.076,lost,,,,
32.089,lost,,,,
32.102,lost,,,,
32.116,lost,,,,
32.128,lost,,,,
32.141,lost,,,,
32.155,lost,,,,
32.169,lost,,,,
32.181,lost,,,,
32.193,lost,,,,
32.208,lost,,,,
32.222,lost,,,,
32.235,lost,,,,
32.246,lost,,,,
32.258,lost,,,,
32.273,lost,,,,
32.285,lost,,,,
32.297,lost,,,,
32.311,lost,,,,
32.325,lost,,,,
32.337,lost,,,,
32.350,lost,,,,
32.363,lost,,,,
32.376,lost,,,,
32.387,lost,,,,
32.398,lost,,,,
32.410,lost,,,,
32.424,lost,,,,
32.437,lost,,,,
32.449,lost,,,,
32.462,lost,,,,
32.476,lost,,,,
32.489,lost,,,,
32.500,lost,,,,
32.513,lost,,,,
32.527,lost,,,,
32.540,lost,,,,
32.553,lost,,,,
32.565,lost,,,,
32.580,lost,,,,
32.593,lost,,,,
32.605,lost,,,,
32.619,lost,,,,
32.634,lost,,,,
32.645,lost,,,,
32.658,lost,,,,
32.672,lost,,,,
32.686,lost,,,,
32.697,lost,,,,
32.710,lost,,,,
32.724,lost,,,,
32.738,lost,,,,
32.750,lost,,,,
32.761,lost,,,,
32.774,lost,,,,
32.788,lost,,,,
32.799,lost,,,,
32.810,lost,,,,
32.823,lost,,,,
32.838,lost,,,,
32.849,lost,,,,
32.861,lost,,,,
32.873,lost,,,,
32.887,lost,,,,
32.901,lost,,,,
32.912,lost,,,,
32.924,lost,,,,
32.938,lost,,,,
32.950,lost,,,,
32.962,lost,,,,
32.974,lost,,,,
32.986,lost,,,,
33.001,lost,,,,
33.012,lost,,,,
33.024,lost,,,,
33.038,lost,,,,
33.055,lost,,,,
33.066,lost,,,,
33.078,lost,,,,
33.090,lost,,,,
33.104,lost,,,,
33.117,lost,,,,
33.128,lost,,,,
33.141,lost,,,,
33.155,lost,,,,
33.168,lost,,,,
33.180,lost,,,,
33.193,lost,,,,
33.208,lost,,,,
33.220,lost,,,,
33.232,lost,,,,
33.245,lost,,,,
33.259,lost,,,,
33.272,lost,,,,
33.285,lost,,,,
33.299,lost,,,,
33.311,lost,,,,
33.324,lost,,,,
33.336,lost,,,,
33.347,lost,,,,
33.360,lost,,,,
33.375,lost,,,,
33.388,lost,,,,
33.401,lost,,,,
33.413,lost,,,,
33.425,lost,,,,
33.436,lost,,,,
33.450,lost,,,,
33.465,lost,,,,
33.477,lost,,,,
33.491,lost,,,,
33.505,lost,,,,
33.518,lost,,,,
33.529,lost,,,,
33.542,lost,,,,
33.554,lost,,,,
33.569,lost,,,,
33.579,lost,,,,
33.592,lost,,,,
33.605,lost,,,,
33.620,lost,,,,
33.633,lost,,,,
33.646,lost,,,,
33.659,lost,,,,
33.672,lost,,,,
33.684,lost,,,,
33.697,lost,,,,
33.711,lost,,,,
33.723,lost,,,,
33.735,lost,,,,
33.748,lost,,,,
33.761,lost,,,,
33.773,lost,,,,
33.786,lost,,,,
33.797,lost,,,,
33.808,lost,,,,
33.823,lost,,,,
33.837,lost,,,,
33.848,lost,,,,
33.860,lost,,,,
33.874,lost,,,,
33.887,lost,,,,
33.900,lost,,,,
33.912,lost,,,,
33.926,lost,,,,
33.937,lost,,,,
33.948,lost,,,,
33.963,lost,,,,
33.977,lost,,,,
33.990,lost,,,,
34.003,lost,,,,
34.016,lost,,,,
34.028,lost,,,,
34.041,lost,,,,
34.054,lost,,,,
34.068,lost,,,,
34.080,lost,,,,
34.092,lost,,,,
34.104,lost,,,,
34.118,lost,,,,
34.132,lost,,,,
34.144,lost,,,,
34.157,lost,,,,
34.172,lost,,,,
34.184,lost,,,,
34.196,lost,,,,
34.208,lost,,,,
34.222,lost,,,,
34.237,lost,,,,
34.249,lost,,,,
34.261,lost,,,,
34.274,lost,,,,
34.289,lost,,,,
34.302,lost,,,,
34.313,lost,,,,
34.327,lost,,,,
34.341,lost,,,,
34.354,lost,,,,
34.366,lost,,,,
34.378,lost,,,,
34.391,lost,,,,
34.404,lost,,,,
34.417,lost,,,,
34.430,lost,,,,
34.443,lost,,,,
34.454,lost,,,,
34.465,lost,,,,
34.479,lost,,,,
34.490,lost,,,,
34.503,lost,,,,
34.516,lost,,,,
34.530,lost,,,,
34.542,lost,,,,
34.554,lost,,,,
34.566,lost,,,,
34.579,lost,,,,
34.593,lost,,,,
34.607,lost,,,,
34.620,lost,,,,
34.633,lost,,,,
34.645,lost,,,,
34.658,lost,,,,
34.671,lost,,,,
34.686,lost,,,,
34.699,lost,,,,
34.711,lost,,,,
34.724,lost,,,,
34.739,lost,,,,
34.751,lost,,,,
34.763,lost,,,,
34.775,lost,,,,
34.791,lost,,,,
34.804,lost,,,,
34.816,lost,,,,
34.829,lost,,,,
34.842,lost,,,,
34.855,lost,,,,
34.866,lost,,,,
34.879,lost,,,,
34.893,lost,,,,
34.905,lost,,,,
34.918,lost,,,,
34.930,lost,,,,
34.943,lost,,,,
34.957,lost,,,,
34.970,lost,,,,
34.982,lost,,,,
34.996,lost,,,,
35.009,lost,,,,
35.020,lost,,,,
35.032,lost,,,,
35.046,lost,,,,
35.058,lost,,,,
35.071,lost,,,,
35.081,lost,,,,
35.092,lost,,,,
35.108,lost,,,,
35.119,lost,,,,
35.130,lost,,,,
35.142,lost,,,,
35.156,lost,,,,
35.168,lost,,,,
35.180,lost,,,,
35.193,lost,,,,
35.207,lost,,,,
35.219,lost,,,,
35.231,lost,,,,
35.243,lost,,,,
35.257,lost,,,,
35.271,lost,,,,
35.283,lost,,,,
35.295,lost,,,,
35.308,lost,,,,
35.320,lost,,,,
35.333,lost,,,,
35.345,lost,,,,
35.360,lost,,,,
35.375,lost,,,,
35.388,lost,,,,
35.400,lost,,,,
35.411,lost,,,,
35.426,lost,,,,
35.439,lost,,,,
35.451,lost,,,,
35.465,lost,,,,
35.477,lost,,,,
35.490,lost,,,,
35.503,lost,,,,
35.515,lost,,,,
35.527,lost,,,,
35.539,lost,,,,
35.551,lost,,,,
35.564,lost,,,,
35.577,lost,,,,
35.590,lost,,,,
35.603,lost,,,,
35.615,lost,,,,
35.628,lost,,,,
35.641,lost,,,,
35.654,lost,,,,
35.670,lost,,,,
35.683,lost,,,,
35.695,lost,,,,
35.709,lost,,,,
35.721,lost,,,,
35.735,lost,,,,
35.747,lost,,,,
35.761,lost,,,,
35.774,lost,,,,
35.789,lost,,,,
35.801,lost,,,,
35.813,lost,,,,
35.825,lost,,,,
35.839,lost,,,,
35.852,lost,,,,
35.863,lost,,,,
35.875,lost,,,,
35.889,lost,,,,
35.903,lost,,,,
35.915,lost,,,,
35.925,lost,,,,
35.940,lost,,,,
35.954,lost,,,,
35.967,lost,,,,
35.980,lost,,,,
35.995,lost,,,,
36.008,lost,,,,
36.022,lost,,,,
36.036,lost,,,,
36.047,lost,,,,
36.059,lost,,,,
36.071,lost,,,,
36.085,lost,,,,
36.097,lost,,,,
36.109,lost,,,,
36.121,lost,,,,
36.135,lost,,,,
36.149,lost,,,,
36.162,lost,,,,
36.175,lost,,,,
36.187,lost,,,,
36.201,lost,,,,
36.216,lost,,,,
36.229,lost,,,,
36.242,lost,,,,
36.255,lost,,,,
36.268,lost,,,,
36.279,lost,,,,
36.292,lost,,,,
36.305,lost,,,,
36.318,lost,,,,
36.329,lost,,,,
36.342,lost,,,,
36.356,lost,,,,
36.367,lost,,,,
36.378,lost,,,,
36.392,lost,,,,
36.407,lost,,,,
36.420,lost,,,,
36.430,lost,,,,
36.441,lost,,,,
36.456,lost,,,,
36.471,lost,,,,
36.484,lost,,,,
36.498,lost,,,,
36.512,lost,,,,
36.524,lost,,,,
36.536,lost,,,,
36.548,lost,,,,
36.560,lost,,,,
36.575,lost,,,,
36.587,lost,,,,
36.601,lost,,,,
36.615,lost,,,,
36.628,lost,,,,
36.640,lost,,,,
36.654,lost,,,,
36.668,lost,,,,
36.679,lost,,,,
36.692,lost,,,,
36.704,lost,,,,
36.719,lost,,,,
36.730,lost,,,,
36.741,lost,,,,
36.754,lost,,,,
36.768,lost,,,,
36.779,lost,,,,
36.791,lost,,,,
36.805,lost,,,,
36.820,lost,,,,
36.832,lost,,,,
36.844,lost,,,,
36.858,lost,,,,
36.872,lost,,,,
36.884,lost,,,,
36.896,lost,,,,
36.910,lost,,,,
36.924,lost,,,,
36.938,lost,,,,
36.950,lost,,,,
36.963,lost,,,,
36.974,lost,,,,
36.986,lost,,,,
37.000,lost,,,,
37.014,lost,,,,
37.026,lost,,,,
37.037,lost,,,,
37.050,lost,,,,
37.062,lost,,,,
37.078,lost,,,,
37.090,lost,,,,
37.103,lost,,,,
37.118,lost,,,,
37.129,lost,,,,
37.141,lost,,,,
37.153,lost,,,,
37.166,lost,,,,
37.179,lost,,,,
37.190,lost,,,,
37.202,lost,,,,
37.216,lost,,,,
37.227,lost,,,,
37.240,lost,,,,
37.251,lost,,,,
37.263,lost,,,,
37.279,lost,,,,
37.292,lost,,,,
37.304,lost,,,,
37.317,lost,,,,
37.329,lost,,,,
37.341,lost,,,,
37.354,lost,,,,
37.366,lost,,,,
37.381,lost,,,,
37.394,lost,,,,
37.406,lost,,,,
37.419,lost,,,,
37.433,lost,,,,
37.445,lost,,,,
37.457,lost,,,,
37.471,lost,,,,
37.486,lost,,,,
37.499,lost,,,,
37.511,lost,,,,
37.523,lost,,,,
37.538,lost,,,,
37.549,lost,,,,
37.561,lost,,,,
37.574,lost,,,,
37.589,lost,,,,
37.601,lost,,,,
37.613,lost,,,,
37.624,lost,,,,
37.638,lost,,,,
37.650,lost,,,,
37.663,lost,,,,
37.675,lost,,,,
37.688,lost,,,,
37.704,lost,,,,
37.716,lost,,,,
37.731,lost,,,,
37.743,lost,,,,
37.756,lost,,,,
37.767,lost,,,,
37.781,lost,,,,
37.793,lost,,,,
37.806,lost,,,,
37.817,lost,,,,
37.831,lost,,,,
37.844,lost,,,,
37.857,lost,,,,
37.870,lost,,,,
37.884,lost,,,,
37.897,lost,,,,
37.909,lost,,,,
37.920,lost,,,,
37.932,lost,,,,
37.945,lost,,,,
37.959,lost,,,,
37.972,lost,,,,
37.985,lost,,,,
37.998,lost,,,,
38.011,lost,,,,
38.023,lost,,,,
38.035,lost,,,,
38.048,lost,,,,
38.060,lost,,,,
38.074,lost,,,,
38.087,lost,,,,
38.101,lost,,,,
38.115,lost,,,,
38.127,lost,,,,
38.138,lost,,,,
38.150,lost,,,,
38.165,lost,,,,
38.178,lost,,,,
38.190,lost,,,,
38.204,lost,,,,
38.218,lost,,,,
38.233,lost,,,,
38.245,lost,,,,
38.258,lost,,,,
38.274,lost,,,,
38.288,lost,,,,
38.299,lost,,,,
38.311,lost,,,,
38.324,lost,,,,
38.337,lost,,,,
38.349,lost,,,,
38.362,lost,,,,
38.375,lost,,,,
38.387,lost,,,,
38.400,lost,,,,
38.412,lost,,,,
38.424,lost,,,,
38.437,lost,,,,
38.448,lost,,,,
38.460,lost,,,,
38.475,lost,,,,
38.488,lost,,,,
38.500,lost,,,,
38.510,lost,,,,
38.524,lost,,,,
38.537,lost,,,,
38.549,lost,,,,
38.564,lost,,,,
38.574,lost,,,,
38.586,lost,,,,
38.597,lost,,,,
38.608,lost,,,,
38.621,lost,,,,
38.635,lost,,,,
38.649,lost,,,,
38.662,lost,,,,
38.675,lost,,,,
38.687,lost,,,,
38.698,lost,,,,
38.711,lost,,,,
38.724,lost,,,,
38.737,lost,,,,
38.747,lost,,,,
38.761,lost,,,,
38.774,lost,,,,
38.786,lost,,,,
38.797,lost,,,,
38.809,lost,,,,
38.822,lost,,,,
38.834,lost,,,,
38.846,lost,,,,
38.859,lost,,,,
38.872,lost,,,,
38.882,lost,,,,
38.895,lost,,,,
38.907,lost,,,,
38.921,lost,,,,
38.933,lost,,,,
38.944,lost,,,,
38.956,lost,,,,
38.969,lost,,,,
38.980,lost,,,,
38.989,lost,,,,
39.002,lost,,,,
39.015,lost,,,,
39.026,lost,,,,
39.037,lost,,,,
39.051,lost,,,,
39.063,lost,,,,
39.075,lost,,,,
39.087,lost,,,,
39.100,lost,,,,
39.113,lost,,,,
39.125,lost,,,,
39.138,lost,,,,
39.150,lost,,,,
39.163,lost,,,,
39.175,lost,,,,
39.187,lost,,,,
39.200,lost,,,,
39.215,lost,,,,
39.227,lost,,,,
39.240,lost,,,,
39.252,lost,,,,
39.265,lost,,,,
39.275,lost,,,,
39.287,lost,,,,
39.299,lost,,,,
39.311,lost,,,,
39.325,lost,,,,
39.337,lost,,,,
39.346,lost,,,,
39.359,lost,,,,
39.373,lost,,,,
39.385,lost,,,,
39.396,lost,,,,
39.407,lost,,,,
39.422,lost,,,,
39.435,lost,,,,
39.445,lost,,,,
39.456,lost,,,,
39.470,lost,,,,
39.482,lost,,,,
39.494,lost,,,,
39.506,lost,,,,
39.522,lost,,,,
39.534,lost,,,,
39.545,lost,,,,
39.558,lost,,,,
39.572,lost,,,,
39.586,lost,,,,
39.599,lost,,,,
39.612,lost,,,,
39.624,lost,,,,
39.636,lost,,,,
39.647,lost,,,,
39.657,lost,,,,
39.672,lost,,,,
39.684,lost,,,,
39.697,lost,,,,
39.708,lost,,,,
39.721,lost,,,,
39.736,lost,,,,
39.750,lost,,,,
39.762,lost,,,,
39.775,lost,,,,
39.787,lost,,,,
39.801,lost,,,,
39.812,lost,,,,
39.825,lost,,,,
39.837,lost,,,,
39.850,lost,,,,
39.861,lost,,,,
39.873,lost,,,,
39.885,lost,,,,
39.898,lost,,,,
39.911,lost,,,,
39.923,lost,,,,
39.934,lost,,,,
39.950,lost,,,,
39.962,lost,,,,
39.973,lost,,,,
39.985,lost,,,,
39.996,lost,,,,
40.010,lost,,,,
40.021,lost,,,,
40.032,lost,,,,
40.045,lost,,,,
40.057,lost,,,,
40.069,lost,,,,
40.080,lost,,,,
40.095,lost,,,,
40.108,lost,,,,
40.121,lost,,,,
40.133,lost,,,,
40.146,lost,,,,
40.160,lost,,,,
40.171,lost,,,,
40.183,lost,,,,
40.196,lost,,,,
40.209,lost,,,,
40.221,lost,,,,
40.233,lost,,,,
40.244,lost,,,,
40.258,lost,,,,
40.272,lost,,,,
40.284,lost,,,,
40.297,lost,,,,
40.309,lost,,,,
40.321,lost,,,,
40.334,lost,,,,
40.347,lost,,,,
40.358,lost,,,,
40.369,lost,,,,
40.379,lost,,,,
40.393,lost,,,,
40.406,lost,,,,
40.418,lost,,,,
40.431,lost,,,,
40.445,lost,,,,
40.457,lost,,,,
40.467,lost,,,,
40.478,lost,,,,
40.491,lost,,,,
40.506,lost,,,,
40.517,lost,,,,
40.528,lost,,,,
40.541,lost,,,,
40.553,lost,,,,
40.563,lost,,,,
40.576,lost,,,,
40.590,lost,,,,
40.604,lost,,,,
40.616,lost,,,,
40.627,lost,,,,
40.641,lost,,,,
40.654,lost,,,,
40.666,lost,,,,
40.678,lost,,,,
40.692,lost,,,,
40.707,lost,,,,
40.719,lost,,,,
40.729,lost,,,,
40.742,lost,,,,
40.755,lost,,,,
40.769,lost,,,,
40.779,lost,,,,
40.792,lost,,,,
40.807,lost,,,,
40.820,lost,,,,
40.830,lost,,,,
40.842,lost,,,,
40.855,lost,,,,
40.866,lost,,,,
40.878,lost,,,,
40.891,lost,,,,
40.904,lost,,,,
40.916,lost,,,,
40.928,lost,,,,
40.941,lost,,,,
40.954,lost,,,,
40.966,lost,,,,
40.978,lost,,,,
40.991,lost,,,,
41.004,lost,,,,
41.014,lost,,,,
41.025,lost,,,,
41.038,lost,,,,
41.050,lost,,,,
41.061,lost,,,,
41.074,lost,,,,
41.088,lost,,,,
41.101,lost,,,,
41.112,lost,,,,
41.125,lost,,,,
41.138,lost,,,,
41.150,lost,,,,
41.160,lost,,,,
41.172,lost,,,,
41.186,lost,,,,
41.197,lost,,,,
41.209,lost,,,,
41.221,lost,,,,
41.234,lost,,,,
41.247,lost,,,,
41.259,lost,,,,
41.271,lost,,,,
41.285,lost,,,,
41.297,lost,,,,
41.307,lost,,,,
41.318,lost,,,,
41.330,lost,,,,
41.342,lost,,,,
41.354,lost,,,,
41.366,lost,,,,
41.379,lost,,,,
41.391,lost,,,,
41.403,lost,,,,
41.413,lost,,,,
41.424,lost,,,,
41.438,lost,,,,
41.452,lost,,,,
41.465,lost,,,,
41.476,lost,,,,
41.488,lost,,,,
41.500,lost,,,,
41.512,lost,,,,
41.522,lost,,,,
41.534,lost,,,,
41.547,lost,,,,
41.558,lost,,,,
41.570,lost,,,,
41.582,lost,,,,
41.593,lost,,,,
41.605,lost,,,,
41.617,lost,,,,
41.633,lost,,,,
41.649,lost,,,,
41.661,lost,,,,
41.673,lost,,,,
41.686,lost,,,,
41.699,lost,,,,
41.711,lost,,,,
41.724,lost,,,,
41.738,lost,,,,
41.751,lost,,,,
41.763,lost,,,,
41.775,lost,,,,
41.788,lost,,,,
41.801,lost,,,,
41.814,lost,,,,
41.828,lost,,,,
41.840,lost,,,,
41.853,lost,,,,
41.869,lost,,,,
41.883,lost,,,,
41.895,lost,,,,
41.907,lost,,,,
41.921,lost,,,,
41.936,lost,,,,
41.949,lost,,,,
41.961,lost,,,,
41.975,lost,,,,
41.989,lost,,,,
42.000,lost,,,,
42.012,lost,,,,
42.025,lost,,,,
42.039,lost,,,,
42.051,lost,,,,
42.063,lost,,,,
42.075,lost,,,,
42.088,lost,,,,
42.101,lost,,,,
42.112,lost,,,,
42.124,lost,,,,
42.139,lost,,,,
42.150,lost,,,,
42.162,lost,,,,
42.176,lost,,,,
42.190,lost,,,,
42.202,lost,,,,
42.215,lost,,,,
42.228,lost,,,,
42.241,lost,,,,
42.253,lost,,,,
42.268,lost,,,,
42.281,lost,,,,
42.293,lost,,,,
42.305,lost,,,,
42.318,lost,,,,
42.332,lost,,,,
42.344,lost,,,,
42.357,lost,,,,
42.369,lost,,,,
42.381,lost,,,,
42.393,lost,,,,
42.404,lost,,,,
42.414,lost,,,,
42.426,lost,,,,
42.441,lost,,,,
42.453,lost,,,,
42.465,lost,,,,
42.477,lost,,,,
42.490,lost,,,,
42.504,lost,,,,
42.516,lost,,,,
42.528,lost,,,,
42.542,lost,,,,
42.557,lost,,,,
42.567,lost,,,,
42.579,lost,,,,
42.591,lost,,,,
42.605,lost,,,,
42.618,lost,,,,
42.630,lost,,,,
42.642,lost,,,,
42.660,lost,,,,
42.673,lost,,,,
42.689,lost,,,,
42.701,lost,,,,
42.714,lost,,,,
42.729,lost,,,,
42.742,lost,,,,
42.756,lost,,,,
42.769,lost,,,,
42.785,lost,,,,
42.797,lost,,,,
42.810,lost,,,,
42.825,lost,,,,
42.838,lost,,,,
42.854,lost,,,,
42.868,lost,,,,
42.883,lost,,,,
42.896,lost,,,,
42.911,lost,,,,
42.925,lost,,,,
42.937,lost,,,,
42.951,lost,,,,
42.964,lost,,,,
42.979,lost,,,,
42.994,lost,,,,
43.008,lost,,,,
43.022,lost,,,,
43.037,lost,,,,
43.051,lost,,,,
43.064,lost,,,,
43.078,lost,,,,
43.090,lost,,,,
43.102,lost,,,,
43.113,lost,,,,
43.126,lost,,,,
43.142,lost,,,,
43.158,lost,,,,
43.172,lost,,,,
43.187,lost,,,,
43.203,lost,,,,
43.218,lost,,,,
43.231,lost,,,,
43.246,lost,,,,
43.259,lost,,,,
43.273,lost,,,,
43.287,lost,,,,
43.301,lost,,,,
43.314,lost,,,,
43.326,lost,,,,
43.341,lost,,,,
43.353,lost,,,,
43.366,lost,,,,
43.379,lost,,,,
43.392,lost,,,,
43.407,lost,,,,
43.421,lost,,,,
43.434,lost,,,,
43.447,lost,,,,
43.460,lost,,,,
43.475,lost,,,,
43.489,lost,,,,
43.507,lost,,,,
43.523,lost,,,,
43.539,lost,,,,
43.553,lost,,,,
43.570,lost,,,,
43.588,lost,,,,
43.606,lost,,,,
43.624,lost,,,,
43.642,lost,,,,
43.662,lost,,,,
43.680,lost,,,,
43.700,lost,,,,
43.720,lost,,,,
43.738,lost,,,,
43.756,lost,,,,
43.774,lost,,,,
43.793,lost,,,,
43.812,lost,,,,
43.829,lost,,,,
43.847,lost,,,,
43.866,lost,,,,
43.884,lost,,,,
43.903,lost,,,,
43.921,lost,,,,
43.939,lost,,,,
43.957,lost,,,,
43.973,lost,,,,
43.990,lost,,,,
44.008,lost,,,,
44.022,lost,,,,
44.037,lost,,,,
44.054,lost,,,,
44.067,lost,,,,
44.080,lost,,,,
44.091,lost,,,,
44.103,lost,,,,
44.116,lost,,,,
44.129,lost,,,,
44.142,lost,,,,
44.153,lost,,,,
44.164,lost,,,,
44.176,lost,,,,
44.188,lost,,,,
44.201,lost,,,,
44.214,lost,,,,
44.225,lost,,,,
44.239,lost,,,,
44.251,lost,,,,
44.263,lost,,,,
44.276,lost,,,,
44.287,lost,,,,
44.298,lost,,,,
44.310,lost,,,,
44.322,lost,,,,
44.335,lost,,,,
44.346,lost,,,,
44.357,lost,,,,
44.369,lost,,,,
44.380,lost,,,,
44.392,lost,,,,
44.404,lost,,,,
44.416,lost,,,,
44.427,lost,,,,
44.441,lost,,,,
44.453,lost,,,,
44.467,lost,,,,
44.478,target,-0.213,0.217,1.648,1
44.492,target,-0.213,0.217,1.648,1
44.505,target,-0.213,0.217,1.648,1
44.517,target,-0.213,0.217,1.648,1
44.529,target,-0.213,0.217,1.648,1
44.542,target,-0.213,0.217,1.648,1
44.554,target,-0.213,0.217,1.648,1
44.568,target,-0.213,0.217,1.648,1
44.581,target,-0.213,0.217,1.648,1
44.594,target,-0.213,0.217,1.648,1
44.607,target,-0.213,0.217,1.648,1
44.619,target,-0.213,0.217,1.648,1
44.631,target,-0.213,0.217,1.648,1
44.643,target,-0.213,0.214,1.984,1
44.655,target,-0.213,0.214,1.984,1
44.669,target,-0.213,0.214,1.984,1
44.681,target,-0.213,0.214,1.984,1
44.697,target,-0.213,0.214,1.984,1
44.711,target,-0.213,0.214,1.984,1
44.724,target,-0.213,0.214,1.984,1
44.737,target,-0.213,0.214,1.984,1
44.748,target,-0.213,0.214,1.984,1
44.763,target,-0.213,0.214,1.984,1
44.779,target,-0.213,0.214,1.984,1
44.793,target,-0.213,0.214,1.984,1
44.805,target,-0.209,0.235,2.125,1
44.817,target,-0.209,0.235,2.125,1
44.830,target,-0.209,0.235,2.125,1
44.844,target,-0.209,0.235,2.125,1
44.856,target,-0.209,0.235,2.125,1
44.869,target,-0.210,0.209,2.485,1
44.881,target,-0.210,0.209,2.485,1
44.897,target,-0.210,0.209,2.485,1
44.909,target,-0.210,0.209,2.485,1
44.921,target,-0.210,0.209,2.485,1
44.934,target,-0.210,0.209,2.485,1
44.947,target,-0.210,0.209,2.485,1
44.961,target,-0.210,0.209,2.485,1
44.972,target,-0.210,0.209,2.485,1
44.979,target,-0.210,0.209,2.485,1
44.989,target,-0.210,0.209,2.485,1
45.000,target,-0.210,0.209,2.485,1
45.010,target,-0.210,0.209,2.485,1
45.021,target,-0.210,0.209,2.485,1
45.034,target,-0.210,0.209,2.485,1
45.045,target,-0.210,0.209,2.485,1
45.057,target,-0.210,0.209,2.485,1
45.075,target,-0.210,0.209,2.485,1
45.082,target,-0.210,0.209,2.485,1
45.092,target,-0.210,0.209,2.485,1
45.104,target,-0.210,0.209,2.485,1
45.116,target,-0.210,0.209,2.485,1
45.129,target,-0.210,0.209,2.485,1
45.141,target,-0.210,0.209,2.485,1
45.149,target,-0.210,0.209,2.485,1
45.158,target,-0.210,0.209,2.485,1
45.169,target,-0.210,0.209,2.485,1
45.178,target,-0.210,0.209,2.485,1
45.189,target,-0.210,0.209,2.485,1
45.201,target,-0.210,0.209,2.485,1
45.214,target,-0.210,0.209,2.485,1
45.226,target,-0.210,0.209,2.485,1
45.238,target,-0.210,0.209,2.485,1
45.246,target,-0.210,0.209,2.485,1
45.255,target,-0.210,0.209,2.485,1
45.266,target,-0.210,0.209,2.485,1
45.276,target,-0.210,0.209,2.485,1
45.287,target,-0.210,0.209,2.485,1
45.299,target,-0.210,0.209,2.485,1
45.309,target,-0.210,0.209,2.485,1
45.322,target,-0.210,0.209,2.485,1
45.336,target,-0.210,0.209,2.485,1
45.345,target,-0.210,0.209,2.485,1
45.356,target,-0.210,0.209,2.485,1
45.368,target,-0.210,0.209,2.485,1
45.377,target,-0.210,0.209,2.485,1
45.387,target,-0.210,0.209,2.485,1
45.398,target,-0.210,0.209,2.485,1
45.408,lost,,,,
45.417,lost,,,,
45.425,lost,,,,
45.436,lost,,,,
45.449,lost,,,,
45.462,lost,,,,
45.473,lost,,,,
45.484,lost,,,,
45.495,lost,,,,
45.506,lost,,,,
45.517,lost,,,,
45.528,lost,,,,
45.539,lost,,,,
45.548,lost,,,,
45.557,lost,,,,
45.568,lost,,,,
45.577,lost,,,,
45.586,lost,,,,
45.594,lost,,,,
45.604,lost,,,,
45.613,lost,,,,
45.622,lost,,,,
45.633,lost,,,,
45.642,lost,,,,
45.653,lost,,,,
45.664,lost,,,,
45.672,lost,,,,
45.679,lost,,,,
45.689,lost,,,,
45.701,lost,,,,
45.709,lost,,,,
45.720,lost,,,,
45.730,lost,,,,
45.741,lost,,,,
45.752,lost,,,,
45.766,lost,,,,
45.774,lost,,,,
45.784,lost,,,,
45.794,lost,,,,
45.803,lost,,,,
45.811,lost,,,,
45.821,lost,,,,
45.831,lost,,,,
45.840,lost,,,,
45.851,lost,,,,
45.860,lost,,,,
45.869,lost,,,,
45.878,lost,,,,
45.889,lost,,,,
45.899,lost,,,,
45.907,lost,,,,
45.918,lost,,,,
45.928,lost,,,,
45.937,lost,,,,
45.948,lost,,,,
45.959,lost,,,,
45.968,lost,,,,
45.977,lost,,,,
45.989,lost,,,,
45.997,lost,,,,
46.005,lost,,,,
46.014,lost,,,,
46.024,lost,,,,
46.032,lost,,,,
46.041,lost,,,,
46.052,lost,,,,
46.062,lost,,,,
46.070,lost,,,,
46.078,lost,,,,
46.088,lost,,,,
46.096,lost,,,,
46.104,lost,,,,
46.111,lost,,,,
46.122,lost,,,,
46.132,lost,,,,
46.141,lost,,,,
46.154,lost,,,,
46.162,lost,,,,
46.170,lost,,,,
46.179,lost,,,,
46.189,lost,,,,
46.198,lost,,,,
46.206,lost,,,,
46.217,lost,,,,
46.225,lost,,,,
46.233,lost,,,,
46.243,lost,,,,
46.254,lost,,,,
46.262,lost,,,,
46.270,lost,,,,
46.281,lost,,,,
46.289,lost,,,,
46.297,lost,,,,
46.305,lost,,,,
46.316,lost,,,,
46.324,lost,,,,
46.332,lost,,,,
46.342,lost,,,,
46.352,lost,,,,
46.360,lost,,,,
46.370,lost,,,,
46.380,lost,,,,
46.389,lost,,,,
46.398,lost,,,,
46.407,lost,,,,
46.419,lost,,,,
46.428,lost,,,,
46.439,lost,,,,
46.450,lost,,,,
46.459,lost,,,,
46.468,lost,,,,
46.478,lost,,,,
46.489,lost,,,,
46.498,lost,,,,
46.508,lost,,,,
46.520,lost,,,,
46.529,lost,,,,
46.538,lost,,,,
46.549,lost,,,,
46.558,lost,,,,
46.567,lost,,,,
46.577,lost,,,,
46.588,lost,,,,
46.599,lost,,,,
46.612,lost,,,,
46.623,lost,,,,
46.630,lost,,,,
46.640,lost,,,,
46.651,lost,,,,
46.660,lost,,,,
46.669,lost,,,,
46.679,lost,,,,
46.689,lost,,,,
46.699,lost,,,,
46.709,lost,,,,
46.719,lost,,,,
46.727,lost,,,,
46.736,lost,,,,
46.745,lost,,,,
46.755,lost,,,,
46.764,lost,,,,
46.773,lost,,,,
46.786,lost,,,,
46.795,lost,,,,
46.805,lost,,,,
46.817,lost,,,,
46.826,lost,,,,
46.835,lost,,,,
46.845,lost,,,,
46.854,lost,,,,
46.866,lost,,,,
46.877,lost,,,,
46.889,lost,,,,
46.897,lost,,,,
46.905,lost,,,,
46.915,lost,,,,
46.924,lost,,,,
46.935,lost,,,,
46.950,lost,,,,
46.960,lost,,,,
46.970,lost,,,,
46.980,lost,,,,
46.988,lost,,,,
46.996,lost,,,,
47.006,lost,,,,
47.018,lost,,,,
47.026,lost,,,,
47.038,lost,,,,
47.052,lost,,,,
47.060,lost,,,,
47.069,lost,,,,
47.079,lost,,,,
47.088,lost,,,,
47.097,lost,,,,
47.106,lost,,,,
47.119,lost,,,,
47.127,lost,,,,
47.136,lost,,,,
47.145,lost,,,,
47.155,lost,,,,
47.165,lost,,,,
47.175,lost,,,,
47.187,lost,,,,
47.195,lost,,,,
47.203,lost,,,,
47.210,lost,,,,
47.221,lost,,,,
47.231,lost,,,,
47.239,lost,,,,
47.252,lost,,,,
47.260,lost,,,,
47.269,lost,,,,
47.276,lost,,,,
47.287,lost,,,,
47.295,lost,,,,
47.304,lost,,,,
47.313,lost,,,,
47.325,lost,,,,
47.335,lost,,,,
47.342,lost,,,,
47.356,lost,,,,
47.366,lost,,,,
47.376,lost,,,,
47.387,lost,,,,
47.394,lost,,,,
47.403,lost,,,,
47.413,lost,,,,
47.421,lost,,,,
47.432,lost,,,,
47.446,lost,,,,
47.455,lost,,,,
47.464,lost,,,,
47.473,lost,,,,
47.484,lost,,,,
47.495,lost,,,,
47.507,lost,,,,
47.519,lost,,,,
47.529,lost,,,,
47.541,lost,,,,
47.551,lost,,,,
47.562,lost,,,,
47.572,lost,,,,
47.584,lost,,,,
47.595,lost,,,,
47.606,lost,,,,
47.618,lost,,,,
47.626,lost,,,,
47.636,lost,,,,
47.645,lost,,,,
47.657,lost,,,,
47.669,lost,,,,
47.679,lost,,,,
47.690,lost,,,,
47.706,lost,,,,
47.719,lost,,,,
47.729,lost,,,,
47.741,lost,,,,
47.750,lost,,,,
47.757,lost,,,,
47.767,lost,,,,
47.776,lost,,,,
47.784,lost,,,,
47.790,lost,,,,
47.801,lost,,,,
47.810,lost,,,,
47.819,lost,,,,
47.827,lost,,,,
47.839,lost,,,,
47.851,lost,,,,
47.860,lost,,,,
47.875,lost,,,,
47.882,lost,,,,
47.890,lost,,,,
47.900,lost,,,,
47.910,lost,,,,
47.920,lost,,,,
47.931,lost,,,,
47.944,lost,,,,
47.954,lost,,,,
47.961,lost,,,,
47.970,lost,,,,
47.978,lost,,,,
47.987,lost,,,,
47.998,lost,,,,
48.007,lost,,,,
48.016,lost,,,,
48.027,lost,,,,
48.040,lost,,,,
48.049,lost,,,,
48.060,lost,,,,
48.072,lost,,,,
48.081,lost,,,,
48.094,lost,,,,
48.107,lost,,,,
48.115,lost,,,,
48.124,lost,,,,
48.134,lost,,,,
48.142,lost,,,,
48.149,lost,,,,
48.157,lost,,,,
48.166,lost,,,,
48.177,lost,,,,
48.186,lost,,,,
48.195,lost,,,,
48.206,lost,,,,
48.217,lost,,,,
48.231,lost,,,,
48.243,lost,,,,
48.255,lost,,,,
48.268,lost,,,,
48.276,lost,,,,
48.284,lost,,,,
48.295,lost,,,,
48.306,lost,,,,
48.316,lost,,,,
48.328,lost,,,,
48.339,lost,,,,
48.350,lost,,,,
48.361,lost,,,,
48.372,lost,,,,
48.383,lost,,,,
48.395,lost,,,,
48.407,lost,,,,
48.414,lost,,,,
48.425,lost,,,,
48.437,lost,,,,
48.444,lost,,,,
48.456,lost,,,,
48.465,lost,,,,
48.474,lost,,,,
48.483,lost,,,,
48.491,lost,,,,
48.501,lost,,,,
48.508,lost,,,,
48.517,lost,,,,
48.527,lost,,,,
48.537,lost,,,,
48.544,lost,,,,
48.556,lost,,,,
48.567,lost,,,,
48.575,lost,,,,
48.583,lost,,,,
48.594,lost,,,,
48.603,lost,,,,
48.610,lost,,,,
48.621,lost,,,,
48.631,lost,,,,
48.641,lost,,,,
48.651,lost,,,,
48.662,lost,,,,
48.672,lost,,,,
48.680,lost,,,,
48.689,lost,,,,
48.699,lost,,,,
48.710,lost,,,,
48.721,lost,,,,
48.732,lost,,,,
48.741,lost,,,,
48.749,lost,,,,
48.759,lost,,,,
48.770,lost,,,,
48.778,lost,,,,
48.788,lost,,,,
48.798,lost,,,,
48.807,lost,,,,
48.815,lost,,,,
48.824,lost,,,,
48.835,lost,,,,
48.842,lost,,,,
48.852,lost,,,,
48.862,lost,,,,
48.871,lost,,,,
48.879,lost,,,,
48.887,lost,,,,
48.897,lost,,,,
48.908,lost,,,,
48.919,lost,,,,
48.929,lost,,,,
48.938,lost,,,,
48.947,lost,,,,
48.956,lost,,,,
48.967,lost,,,,
48.975,lost,,,,
48.984,lost,,,,
48.993,lost,,,,
49.004,lost,,,,
49.013,lost,,,,
49.023,lost,,,,
49.035,lost,,,,
49.043,lost,,,,
49.051,lost,,,,
49.062,lost,,,,
49.071,lost,,,,
49.086,lost,,,,
49.102,lost,,,,
49.113,lost,,,,
49.127,lost,,,,
49.139,lost,,,,
49.150,lost,,,,
49.163,lost,,,,
49.174,lost,,,,
49.188,lost,,,,
49.205,lost,,,,
49.220,lost,,,,
49.239,lost,,,,
49.250,lost,,,,
49.260,lost,,,,
49.274,lost,,,,
49.285,lost,,,,
49.299,lost,,,,
49.312,lost,,,,
49.327,lost,,,,
49.339,lost,,,,
49.354,lost,,,,
49.369,lost,,,,
49.377,lost,,,,
49.388,lost,,,,
49.400,lost,,,,
49.412,lost,,,,
49.425,lost,,,,
49.435,lost,,,,
49.443,lost,,,,
49.455,lost,,,,
49.466,lost,,,,
49.476,lost,,,,
49.489,lost,,,,
49.500,lost,,,,
49.512,lost,,,,
49.526,lost,,,,
49.536,lost,,,,
49.546,lost,,,,
49.556,lost,,,,
49.569,lost,,,,
49.580,lost,,,,
49.594,lost,,,,
49.607,lost,,,,
49.620,lost,,,,
49.633,lost,,,,
49.661,lost,,,,
49.673,lost,,,,
49.685,lost,,,,
49.698,lost,,,,
49.711,lost,,,,
49.725,lost,,,,
49.737,lost,,,,
49.749,lost,,,,
49.761,lost,,,,
49.772,lost,,,,
49.784,lost,,,,
49.796,lost,,,,
49.809,lost,,,,
49.823,lost,,,,
49.831,lost,,,,
49.841,lost,,,,
49.852,lost,,,,
49.861,lost,,,,
49.871,lost,,,,
49.882,lost,,,,
49.892,lost,,,,
49.904,lost,,,,
49.916,lost,,,,
49.929,lost,,,,
49.939,lost,,,,
49.953,lost,,,,
49.962,lost,,,,
49.973,lost,,,,
49.987,lost,,,,
49.995,lost,,,,
50.004,lost,,,,
50.015,lost,,,,
50.024,lost,,,,
50.035,lost,,,,
50.047,lost,,,,
50.059,lost,,,,
50.068,lost,,,,
50.077,lost,,,,
50.088,lost,,,,
50.096,lost,,,,
50.105,lost,,,,
50.118,lost,,,,
50.127,lost,,,,
50.138,lost,,,,
50.150,lost,,,,
50.159,lost,,,,
50.168,lost,,,,
50.177,lost,,,,
50.190,lost,,,,
50.200,lost,,,,
50.211,lost,,,,
50.222,lost,,,,
50.230,lost,,,,
50.241,lost,,,,
50.253,lost,,,,
50.260,lost,,,,
50.271,lost,,,,
50.282,lost,,,,
50.291,lost,,,,
50.301,lost,,,,
50.309,lost,,,,
50.320,lost,,,,
50.327,lost,,,,
50.337,lost,,,,
50.347,lost,,,,
50.357,lost,,,,
50.366,lost,,,,
50.374,lost,,,,
50.385,lost,,,,
50.396,lost,,,,
50.407,lost,,,,
50.418,lost,,,,
50.425,lost,,,,
50.435,lost,,,,
50.444,lost,,,,
50.458,lost,,,,
50.467,lost,,,,
50.477,lost,,,,
50.488,lost,,,,
50.500,lost,,,,
50.512,lost,,,,
50.525,lost,,,,
50.533,lost,,,,
50.542,lost,,,,
50.553,lost,,,,
50.563,lost,,,,
50.575,lost,,,,
50.585,lost,,,,
50.593,lost,,,,
50.601,lost,,,,
50.610,lost,,,,
50.624,lost,,,,
50.633,lost,,,,
50.644,lost,,,,
50.654,lost,,,,
50.662,lost,,,,
50.671,lost,,,,
50.683,lost,,,,
50.693,lost,,,,
50.703,lost,,,,
50.715,lost,,,,
50.725,lost,,,,
50.735,lost,,,,
50.743,lost,,,,
50.756,lost,,,,
50.764,lost,,,,
50.774,lost,,,,
50.784,lost,,,,
50.792,lost,,,,
50.802,lost,,,,
50.813,lost,,,,
50.823,lost,,,,
50.831,lost,,,,
50.841,lost,,,,
50.853,lost,,,,
50.862,lost,,,,
50.872,lost,,,,
50.884,lost,,,,
50.896,lost,,,,
50.912,lost,,,,
50.924,lost,,,,
50.933,lost,,,,
50.945,lost,,,,
50.956,lost,,,,
50.965,lost,,,,
50.973,lost,,,,
50.987,lost,,,,
50.995,lost,,,,
51.004,lost,,,,
51.015,lost,,,,
51.024,lost,,,,
51.032,lost,,,,
51.040,lost,,,,
51.053,lost,,,,
51.062,lost,,,,
51.072,lost,,,,
51.085,lost,,,,
51.095,lost,,,,
51.105,lost,,,,
51.116,lost,,,,
51.126,lost,,,,
51.138,lost,,,,
51.152,lost,,,,
51.160,lost,,,,
51.170,lost,,,,
51.182,lost,,,,
51.191,lost,,,,
51.202,lost,,,,
51.215,lost,,,,
51.225,lost,,,,
51.235,lost,,,,
51.245,lost,,,,
51.257,lost,,,,
51.270,lost,,,,
51.283,lost,,,,
51.292,lost,,,,
51.304,lost,,,,
51.314,lost,,,,
51.325,lost,,,,
51.339,lost,,,,
51.350,lost,,,,
51.358,lost,,,,
51.370,lost,,,,
51.381,lost,,,,
51.391,lost,,,,
51.403,lost,,,,
51.412,lost,,,,
51.423,lost,,,,
51.434,lost,,,,
51.446,lost,,,,
51.457,lost,,,,
51.467,lost,,,,
51.479,lost,,,,
51.488,lost,,,,
51.497,lost,,,,
51.509,lost,,,,
51.520,lost,,,,
51.533,lost,,,,
51.545,lost,,,,
51.556,lost,,,,
51.567,lost,,,,
51.577,lost,,,,
51.589,lost,,,,
51.605,lost,,,,
51.612,lost,,,,
51.621,lost,,,,
51.631,lost,,,,
51.642,lost,,,,
51.652,lost,,,,
51.661,lost,,,,
51.673,lost,,,,
51.683,lost,,,,
51.693,lost,,,,
51.706,lost,,,,
51.718,lost,,,,
51.729,lost,,,,
51.741,lost,,,,
51.751,lost,,,,
51.763,lost,,,,
51.776,lost,,,,
51.785,lost,,,,
51.797,lost,,,,
51.810,lost,,,,
51.819,lost,,,,
51.829,lost,,,,
51.840,lost,,,,
51.851,lost,,,,
51.863,lost,,,,
51.876,lost,,,,
51.883,lost,,,,
51.893,lost,,,,
51.906,lost,,,,
51.917,lost,,,,
51.930,lost,,,,
51.942,lost,,,,
51.954,lost,,,,
51.966,lost,,,,
51.979,lost,,,,
51.990,lost,,,,
52.001,lost,,,,
52.011,lost,,,,
52.021,lost,,,,
52.034,lost,,,,
52.045,lost,,,,
52.062,lost,,,,
52.075,lost,,,,
52.088,lost,,,,
52.100,lost,,,,
52.111,lost,,,,
52.124,lost,,,,
52.138,lost,,,,
52.146,lost,,,,
52.155,lost,,,,
52.167,lost,,,,
52.178,lost,,,,
52.191,lost,,,,
52.203,lost,,,,
52.211,lost,,,,
52.223,lost,,,,
52.234,lost,,,,
52.242,lost,,,,
52.251,lost,,,,
52.258,lost,,,,
52.270,lost,,,,
52.280,lost,,,,
52.295,lost,,,,
52.308,lost,,,,
52.318,lost,,,,
52.327,lost,,,,
52.340,lost,,,,
52.349,lost,,,,
52.360,lost,,,,
52.370,lost,,,,
52.378,lost,,,,
52.388,lost,,,,
52.400,lost,,,,
52.411,lost,,,,
52.421,lost,,,,
52.432,lost,,,,
52.442,lost,,,,
52.454,lost,,,,
52.466,lost,,,,
52.475,lost,,,,
52.485,lost,,,,
52.494,lost,,,,
52.506,lost,,,,
52.515,lost,,,,
52.524,lost,,,,
52.537,lost,,,,
52.545,lost,,,,
52.554,lost,,,,
52.565,lost,,,,
52.575,lost,,,,
52.584,lost,,,,
52.593,lost,,,,
52.605,lost,,,,
52.616,lost,,,,
52.625,lost,,,,
52.639,lost,,,,
52.650,lost,,,,
52.661,lost,,,,
52.670,lost,,,,
52.678,lost,,,,
52.689,lost,,,,
52.703,lost,,,,
52.713,lost,,,,
52.724,lost,,,,
52.739,lost,,,,
52.749,lost,,,,
52.759,lost,,,,
52.770,lost,,,,
52.777,lost,,,,
52.786,lost,,,,
52.797,lost,,,,
52.808,lost,,,,
52.819,lost,,,,
52.830,lost,,,,
52.840,lost,,,,
52.850,lost,,,,
52.862,lost,,,,
52.873,lost,,,,
52.883,lost,,,,
52.895,lost,,,,
52.905,lost,,,,
52.918,lost,,,,
52.930,lost,,,,
52.940,lost,,,,
52.953,lost,,,,
52.963,lost,,,,
52.972,lost,,,,
52.983,lost,,,,
52.994,lost,,,,
53.005,lost,,,,
53.019,lost,,,,
53.031,lost,,,,
53.040,lost,,,,
53.051,lost,,,,
53.062,lost,,,,
53.071,lost,,,,
53.082,lost,,,,
53.094,lost,,,,
53.105,lost,,,,
53.119,lost,,,,
53.130,lost,,,,
53.140,lost,,,,
53.154,lost,,,,
53.166,lost,,,,
53.175,lost,,,,
53.185,lost,,,,
53.197,lost,,,,
53.208,lost,,,,
53.220,lost,,,,
53.228,lost,,,,
53.238,lost,,,,
53.248,lost,,,,
53.260,lost,,,,
53.270,lost,,,,
53.281,lost,,,,
53.292,lost,,,,
53.300,lost,,,,
53.310,lost,,,,
53.320,lost,,,,
53.330,lost,,,,
53.340,lost,,,,
53.352,lost,,,,
53.361,lost,,,,
53.372,lost,,,,
53.382,lost,,,,
53.391,lost,,,,
53.400,lost,,,,
53.408,lost,,,,
53.418,lost,,,,
53.427,lost,,,,
53.439,lost,,,,
53.454,lost,,,,
53.462,lost,,,,
53.471,lost,,,,
53.479,lost,,,,
53.490,lost,,,,
53.499,lost,,,,
53.511,lost,,,,
53.523,lost,,,,
53.532,lost,,,,
53.543,lost,,,,
53.555,lost,,,,
53.564,lost,,,,
53.575,lost,,,,
53.588,lost,,,,
53.596,lost,,,,
53.606,lost,,,,
53.617,lost,,,,
53.627,lost,,,,
53.635,lost,,,,
53.645,lost,,,,
53.656,lost,,,,
53.665,lost,,,,
53.675,lost,,,,
53.687,lost,,,,
53.701,lost,,,,
53.716,lost,,,,
53.727,lost,,,,
53.738,lost,,,,
53.749,lost,,,,
53.762,lost,,,,
53.776,lost,,,,
53.789,lost,,,,
53.802,lost,,,,
53.816,lost,,,,
53.827,lost,,,,
53.838,lost,,,,
53.851,lost,,,,
53.859,lost,,,,
53.868,lost,,,,
53.877,lost,,,,
53.889,lost,,,,
53.901,lost,,,,
53.911,lost,,,,
53.921,lost,,,,
53.933,lost,,,,
53.943,lost,,,,
53.958,lost,,,,
53.973,lost,,,,
53.985,lost,,,,
53.994,lost,,,,
54.006,lost,,,,
54.019,lost,,,,
54.030,lost,,,,
54.041,lost,,,,
54.052,lost,,,,
54.064,lost,,,,
54.077,lost,,,,
54.091,lost,,,,
54.106,lost,,,,
54.115,lost,,,,
54.125,lost,,,,
54.137,lost,,,,
54.145,lost,,,,
54.154,lost,,,,
54.166,lost,,,,
54.177,lost,,,,
54.190,lost,,,,
54.203,lost,,,,
54.216,lost,,,,
54.230,lost,,,,
54.243,lost,,,,
54.257,lost,,,,
54.269,lost,,,,
54.279,lost,,,,
54.290,lost,,,,
54.306,lost,,,,
54.318,lost,,,,
54.331,lost,,,,
54.343,lost,,,,
54.356,lost,,,,
54.370,lost,,,,
54.380,lost,,,,
54.393,lost,,,,
54.408,lost,,,,
54.418,lost,,,,
54.428,lost,,,,
54.441,lost,,,,
54.452,lost,,,,
54.465,lost,,,,
54.477,lost,,,,
54.490,lost,,,,
54.503,lost,,,,
54.513,lost,,,,
54.526,lost,,,,
54.538,lost,,,,
54.551,lost,,,,
54.563,lost,,,,
54.573,lost,,,,
54.583,lost,,,,
54.595,lost,,,,
54.606,lost,,,,
54.618,lost,,,,
54.630,lost,,,,
54.641,lost,,,,
54.655,lost,,,,
54.668,lost,,,,
54.679,lost,,,,
54.694,lost,,,,
54.704,lost,,,,
54.717,lost,,,,
54.730,lost,,,,
54.742,lost,,,,
54.755,lost,,,,
54.767,lost,,,,
54.776,lost,,,,
54.789,lost,,,,
54.801,lost,,,,
54.812,lost,,,,
54.827,lost,,,,
54.838,lost,,,,
54.850,lost,,,,
54.863,lost,,,,
54.875,lost,,,,
54.887,lost,,,,
54.899,lost,,,,
54.911,lost,,,,
54.925,lost,,,,
54.935,lost,,,,
54.948,lost,,,,
54.962,lost,,,,
54.976,lost,,,,
54.989,lost,,,,
55.001,lost,,,,
55.013,lost,,,,
55.026,lost,,,,
55.038,lost,,,,
55.053,lost,,,,
55.061,lost,,,,
55.069,lost,,,,
55.079,lost,,,,
55.090,lost,,,,
55.099,lost,,,,
55.110,lost,,,,
55.123,lost,,,,
55.131,lost,,,,
55.142,lost,,,,
55.154,lost,,,,
55.166,lost,,,,
55.178,lost,,,,
55.192,lost,,,,
55.205,lost,,,,
55.219,lost,,,,
55.228,lost,,,,
55.239,lost,,,,
55.250,lost,,,,
55.259,lost,,,,
55.272,lost,,,,
55.285,lost,,,,
55.295,lost,,,,
55.306,lost,,,,
55.318,lost,,,,
55.328,lost,,,,
55.341,lost,,,,
55.356,lost,,,,
55.365,lost,,,,
55.375,lost,,,,
55.388,lost,,,,
55.397,lost,,,,
55.408,lost,,,,
55.421,lost,,,,
55.429,lost,,,,
55.441,lost,,,,
55.453,lost,,,,
55.462,lost,,,,
55.474,lost,,,,
55.485,lost,,,,
55.496,lost,,,,
55.509,lost,,,,
55.522,lost,,,,
55.533,lost,,,,
55.545,lost,,,,
55.558,lost,,,,
55.570,lost,,,,
55.583,lost,,,,
55.594,lost,,,,
55.607,lost,,,,
55.620,lost,,,,
55.627,lost,,,,
55.636,lost,,,,
55.645,lost,,,,
55.656,lost,,,,
55.666,lost,,,,
55.679,lost,,,,
55.693,lost,,,,
55.703,lost,,,,
55.715,lost,,,,
55.725,lost,,,,
55.735,lost,,,,
55.743,lost,,,,
55.756,lost,,,,
55.767,lost,,,,
55.778,lost,,,,
55.789,lost,,,,
55.801,lost,,,,
55.812,lost,,,,
55.827,lost,,,,
55.839,lost,,,,
55.852,lost,,,,
55.859,lost,,,,
55.869,lost,,,,
55.878,lost,,,,
55.891,lost,,,,
55.904,lost,,,,
55.919,lost,,,,
55.929,lost,,,,
55.940,lost,,,,
55.955,lost,,,,
55.967,lost,,,,
55.978,lost,,,,
55.993,lost,,,,
56.005,lost,,,,
56.018,lost,,,,
56.029,lost,,,,
56.041,lost,,,,
56.055,lost,,,,
56.065,lost,,,,
56.077,lost,,,,
56.087,lost,,,,
56.095,lost,,,,
56.105,lost,,,,
56.117,lost,,,,
56.128,lost,,,,
56.142,lost,,,,
56.154,lost,,,,
56.163,lost,,,,
56.174,lost,,,,
56.184,lost,,,,
56.192,lost,,,,
56.203,lost,,,,
56.214,lost,,,,
56.225,lost,,,,
56.237,lost,,,,
56.246,lost,,,,
56.257,lost,,,,
56.269,lost,,,,
56.279,lost,,,,
56.291,lost,,,,
56.305,lost,,,,
56.313,lost,,,,
56.323,lost,,,,
56.333,lost,,,,
56.344,lost,,,,
56.356,lost,,,,
56.368,lost,,,,
56.381,lost,,,,
56.390,lost,,,,
56.402,lost,,,,
56.411,lost,,,,
56.420,lost,,,,
56.430,lost,,,,
56.443,lost,,,,
56.453,lost,,,,
56.462,lost,,,,
56.476,lost,,,,
56.486,lost,,,,
56.496,lost,,,,
56.506,lost,,,,
56.516,lost,,,,
56.526,lost,,,,
56.538,lost,,,,
56.549,lost,,,,
56.561,lost,,,,
56.575,lost,,,,
56.585,lost,,,,
56.595,lost,,,,
56.607,lost,,,,
56.618,lost,,,,
56.631,lost,,,,
56.643,lost,,,,
56.657,lost,,,,
56.672,lost,,,,
56.681,lost,,,,
56.694,lost,,,,
56.707,lost,,,,
56.717,lost,,,,
56.727,lost,,,,
56.738,lost,,,,
56.749,lost,,,,
56.763,lost,,,,
56.775,lost,,,,
56.784,lost,,,,
56.794,lost,,,,
56.805,lost,,,,
56.814,lost,,,,
56.825,lost,,,,
56.835,lost,,,,
56.845,lost,,,,
56.858,lost,,,,
56.873,lost,,,,
56.885,lost,,,,
56.897,lost,,,,
56.909,lost,,,,
56.918,lost,,,,
56.929,lost,,,,
56.940,lost,,,,
56.949,lost,,,,
56.961,lost,,,,
56.974,lost,,,,
56.984,lost,,,,
56.994,lost,,,,
57.003,lost,,,,
57.010,lost,,,,
57.019,lost,,,,
57.028,lost,,,,
57.039,lost,,,,
57.049,lost,,,,
57.059,lost,,,,
57.072,lost,,,,
57.083,lost,,,,
57.095,lost,,,,
57.107,lost,,,,
57.116,lost,,,,
57.126,lost,,,,
57.140,lost,,,,
57.149,lost,,,,
57.161,lost,,,,
57.172,lost,,,,
57.184,lost,,,,
57.196,lost,,,,
57.207,lost,,,,
57.217,lost,,,,
57.228,lost,,,,
57.239,lost,,,,
57.250,lost,,,,
57.259,lost,,,,
57.273,lost,,,,
57.282,lost,,,,
57.294,lost,,,,
57.304,lost,,,,
57.312,lost,,,,
57.322,lost,,,,
57.333,lost,,,,
57.343,lost,,,,
57.356,lost,,,,
57.371,lost,,,,
57.379,lost,,,,
57.389,lost,,,,
57.401,lost,,,,
57.412,lost,,,,
57.424,lost,,,,
57.440,lost,,,,
57.453,lost,,,,
57.464,lost,,,,
57.475,lost,,,,
57.486,lost,,,,
57.497,lost,,,,
57.507,lost,,,,
57.518,lost,,,,
57.529,lost,,,,
57.541,lost,,,,
57.551,lost,,,,
57.560,lost,,,,
57.572,lost,,,,
57.581,lost,,,,
57.590,lost,,,,
57.602,lost,,,,
57.611,lost,,,,
57.620,lost,,,,
57.630,lost,,,,
57.641,lost,,,,
57.651,lost,,,,
57.663,lost,,,,
57.675,lost,,,,
57.687,lost,,,,
57.700,lost,,,,
57.717,lost,,,,
57.730,lost,,,,
57.740,lost,,,,
57.751,lost,,,,
57.765,lost,,,,
57.774,lost,,,,
57.785,lost,,,,
57.795,lost,,,,
57.806,lost,,,,
57.817,lost,,,,
57.827,lost,,,,
57.838,lost,,,,
57.846,lost,,,,
57.857,lost,,,,
57.869,lost,,,,
57.877,lost,,,,
57.886,lost,,,,
57.895,lost,,,,
57.908,lost,,,,
57.920,lost,,,,
57.933,lost,,,,
57.943,lost,,,,
57.954,lost,,,,
57.965,lost,,,,
57.976,lost,,,,
57.988,lost,,,,
57.998,lost,,,,
58.011,lost,,,,
58.025,lost,,,,
58.035,lost,,,,
58.044,lost,,,,
58.056,lost,,,,
58.066,lost,,,,
58.077,lost,,,,
58.092,lost,,,,
58.105,lost,,,,
58.118,lost,,,,
58.131,lost,,,,
58.143,lost,,,,
58.158,lost,,,,
58.169,lost,,,,
58.180,lost,,,,
58.193,lost,,,,
58.204,lost,,,,
58.215,lost,,,,
58.227,lost,,,,
58.238,lost,,,,
58.248,lost,,,,
58.258,lost,,,,
58.271,lost,,,,
58.285,lost,,,,
58.296,lost,,,,
58.307,lost,,,,
58.320,lost,,,,
58.329,lost,,,,
58.341,lost,,,,
58.353,lost,,,,
58.364,lost,,,,
58.376,lost,,,,
58.390,lost,,,,
58.402,lost,,,,
58.415,lost,,,,
58.428,lost,,,,
58.441,lost,,,,
58.454,lost,,,,
58.461,lost,,,,
58.472,lost,,,,
58.484,lost,,,,
58.496,lost,,,,
58.509,lost,,,,
58.523,lost,,,,
58.532,lost,,,,
58.540,lost,,,,
58.552,lost,,,,
58.563,lost,,,,
58.574,lost,,,,
58.585,lost,,,,
58.596,lost,,,,
58.607,lost,,,,
58.621,lost,,,,
58.635,lost,,,,
58.644,lost,,,,
58.654,lost,,,,
58.666,lost,,,,
58.678,lost,,,,
58.691,lost,,,,
58.702,lost,,,,
58.714,lost,,,,
58.727,lost,,,,
58.741,lost,,,,
58.755,lost,,,,
58.763,lost,,,,
58.773,lost,,,,
58.784,lost,,,,
58.796,lost,,,,
58.808,lost,,,,
58.821,lost,,,,
58.830,lost,,,,
58.843,lost,,,,
58.856,lost,,,,
58.865,lost,,,,
58.876,lost,,,,
58.885,lost,,,,
58.897,lost,,,,
58.908,lost,,,,
58.923,lost,,,,
58.937,lost,,,,
58.947,lost,,,,
58.956,lost,,,,
58.968,lost,,,,
58.983,lost,,,,
58.996,lost,,,,
59.007,lost,,,,
59.022,lost,,,,
59.036,lost,,,,
59.047,lost,,,,
59.060,lost,,,,
59.073,lost,,,,
59.085,lost,,,,
59.093,lost,,,,
59.101,lost,,,,
59.109,lost,,,,
59.121,lost,,,,
59.130,lost,,,,
59.141,lost,,,,
59.151,lost,,,,
59.160,lost,,,,
59.168,lost,,,,
59.175,lost,,,,
59.187,lost,,,,
59.198,lost,,,,
59.211,lost,,,,
59.223,lost,,,,
59.232,lost,,,,
59.242,lost,,,,
59.255,lost,,,,
59.263,lost,,,,
59.272,lost,,,,
59.284,lost,,,,
59.293,lost,,,,
59.302,lost,,,,
59.311,lost,,,,
59.324,lost,,,,
59.334,lost,,,,
59.345,lost,,,,
59.356,lost,,,,
59.365,lost,,,,
59.374,lost,,,,
59.388,lost,,,,
59.399,lost,,,,
59.411,lost,,,,
59.423,lost,,,,
59.434,lost,,,,
59.443,lost,,,,
59.458,lost,,,,
59.472,lost,,,,
59.484,lost,,,,
59.493,lost,,,,
59.502,lost,,,,
59.513,lost,,,,
59.524,lost,,,,
59.535,lost,,,,
59.547,lost,,,,
59.558,lost,,,,
59.570,lost,,,,
59.584,lost,,,,
59.593,lost,,,,
59.604,lost,,,,
59.616,lost,,,,
59.627,lost,,,,
59.640,lost,,,,
59.652,lost,,,,
59.663,lost,,,,
59.676,lost,,,,
59.688,lost,,,,
59.699,lost,,,,
59.714,lost,,,,
59.724,lost,,,,
59.735,lost,,,,
59.747,lost,,,,
59.758,lost,,,,
59.773,lost,,,,
59.785,lost,,,,
59.796,lost,,,,
59.810,lost,,,,
59.821,lost,,,,
59.835,lost,,,,
59.850,lost,,,,
59.861,lost,,,,
59.875,lost,,,,
59.885,lost,,,,
59.895,lost,,,,
59.908,lost,,,,
59.916,lost,,,,
59.926,lost,,,,
59.940,lost,,,,
59.952,lost,,,,
59.963,lost,,,,
59.976,lost,,,,
59.986,lost,,,,
59.996,lost,,,,
60.008,lost,,,,
60.018,lost,,,,
60.028,lost,,,,
60.042,lost,,,,
60.053,lost,,,,
60.063,lost,,,,
60.074,lost,,,,
60.083,lost,,,,
60.093,lost,,,,
60.105,lost,,,,
60.116,lost,,,,
60.127,lost,,,,
60.140,lost,,,,
60.151,lost,,,,
60.162,lost,,,,
60.175,lost,,,,
60.185,lost,,,,
60.193,lost,,,,
60.205,lost,,,,
60.215,lost,,,,
60.228,lost,,,,
60.240,lost,,,,
60.248,lost,,,,
60.259,lost,,,,
60.270,lost,,,,
60.280,lost,,,,
60.291,lost,,,,
60.306,lost,,,,
60.314,lost,,,,
60.325,lost,,,,
60.337,lost,,,,
60.344,lost,,,,
60.354,lost,,,,
60.366,lost,,,,
60.377,lost,,,,
60.388,lost,,,,
60.401,lost,,,,
60.413,lost,,,,
60.424,lost,,,,
60.434,lost,,,,
60.442,lost,,,,
60.453,lost,,,,
60.465,lost,,,,
60.476,lost,,,,
60.485,lost,,,,
60.495,lost,,,,
60.505,lost,,,,
60.517,lost,,,,
60.529,lost,,,,
60.541,lost,,,,
60.554,lost,,,,
60.568,lost,,,,
60.578,lost,,,,
60.590,lost,,,,
60.602,lost,,,,
60.611,lost,,,,
60.624,lost,,,,
60.637,lost,,,,
60.646,lost,,,,
60.659,lost,,,,
60.670,lost,,,,
60.680,lost,,,,
60.692,lost,,,,
60.706,lost,,,,
60.718,lost,,,,
60.731,lost,,,,
60.741,lost,,,,
60.750,lost,,,,
60.758,lost,,,,
60.771,lost,,,,
60.780,lost,,,,
60.792,lost,,,,
60.801,lost,,,,
60.812,lost,,,,
60.825,lost,,,,
60.836,lost,,,,
60.846,lost,,,,
60.860,lost,,,,
60.871,lost,,,,
60.879,lost,,,,
60.890,lost,,,,
60.900,lost,,,,
60.909,lost,,,,
60.919,lost,,,,
60.928,lost,,,,
60.941,lost,,,,
60.948,lost,,,,
60.959,lost,,,,
60.970,lost,,,,
60.979,lost,,,,
60.988,lost,,,,
60.999,lost,,,,
61.009,lost,,,,
61.018,lost,,,,
61.029,lost,,,,
61.039,lost,,,,
61.049,lost,,,,
61.061,lost,,,,
61.073,lost,,,,
61.085,lost,,,,
61.097,lost,,,,
61.109,lost,,,,
61.119,lost,,,,
61.129,lost,,,,
61.142,lost,,,,
61.153,lost,,,,
61.164,lost,,,,
61.173,lost,,,,
61.181,lost,,,,
61.190,lost,,,,
61.202,lost,,,,
61.211,lost,,,,
61.225,lost,,,,
61.237,lost,,,,
61.245,lost,,,,
61.253,lost,,,,
61.263,lost,,,,
61.275,lost,,,,
61.287,lost,,,,
61.302,lost,,,,
61.312,lost,,,,
61.322,lost,,,,
61.332,lost,,,,
61.345,lost,,,,
61.357,lost,,,,
61.372,lost,,,,
61.380,lost,,,,
61.387,lost,,,,
61.394,lost,,,,
61.405,lost,,,,
61.416,lost,,,,
61.428,lost,,,,
61.441,lost,,,,
61.452,lost,,,,
61.464,lost,,,,
61.476,lost,,,,
61.487,lost,,,,
61.500,lost,,,,
61.509,lost,,,,
61.519,lost,,,,
61.529,lost,,,,
61.540,lost,,,,
61.552,lost,,,,
61.565,lost,,,,
61.574,lost,,,,
61.582,lost,,,,
61.593,lost,,,,
61.603,lost,,,,
61.615,lost,,,,
61.629,lost,,,,
61.640,lost,,,,
61.649,lost,,,,
61.660,lost,,,,
61.671,lost,,,,
61.682,lost,,,,
61.693,lost,,,,
61.702,lost,,,,
61.710,lost,,,,
61.722,lost,,,,
61.734,lost,,,,
61.743,lost,,,,
61.753,lost,,,,
61.764,lost,,,,
61.775,lost,,,,
61.790,lost,,,,
61.802,lost,,,,
61.813,lost,,,,
61.825,lost,,,,
61.836,lost,,,,
61.846,lost,,,,
61.860,lost,,,,
61.869,lost,,,,
61.877,lost,,,,
61.889,lost,,,,
61.900,lost,,,,
61.909,lost,,,,
61.921,lost,,,,
61.930,lost,,,,
61.938,lost,,,,
61.948,lost,,,,
61.958,lost,,,,
61.967,lost,,,,
61.978,lost,,,,
61.990,lost,,,,
62.000,lost,,,,
62.011,lost,,,,
62.025,lost,,,,
62.033,lost,,,,
62.043,lost,,,,
62.056,lost,,,,
62.067,lost,,,,
62.079,lost,,,,
62.092,lost,,,,
62.100,lost,,,,
62.108,lost,,,,
62.121,lost,,,,
62.130,lost,,,,
62.139,lost,,,,
62.149,lost,,,,
62.158,lost,,,,
62.167,lost,,,,
62.176,lost,,,,
62.188,lost,,,,
62.197,lost,,,,
62.205,lost,,,,
62.214,lost,,,,
62.226,lost,,,,
62.236,lost,,,,
62.247,lost,,,,
62.258,lost,,,,
62.266,lost,,,,
62.275,lost,,,,
62.288,lost,,,,
62.300,lost,,,,
62.311,lost,,,,
62.326,lost,,,,
62.335,lost,,,,
62.345,lost,,,,
62.356,lost,,,,
62.365,lost,,,,
62.374,lost,,,,
62.385,lost,,,,
62.393,lost,,,,
62.402,lost,,,,
62.411,lost,,,,
62.423,lost,,,,
62.433,lost,,,,
62.442,lost,,,,
62.455,lost,,,,
62.467,lost,,,,
62.481,lost,,,,
62.493,lost,,,,
62.502,lost,,,,
62.512,lost,,,,
62.523,lost,,,,
62.531,lost,,,,
62.539,lost,,,,
62.549,lost,,,,
62.561,lost,,,,
62.568,lost,,,,
62.576,lost,,,,
62.588,lost,,,,
62.598,lost,,,,
62.610,lost,,,,
62.621,lost,,,,
62.631,lost,,,,
62.641,lost,,,,
62.653,lost,,,,
62.662,lost,,,,
62.673,lost,,,,
62.687,lost,,,,
62.696,lost,,,,
62.704,lost,,,,
62.713,lost,,,,
62.723,lost,,,,
62.735,lost,,,,
62.744,lost,,,,
62.756,lost,,,,
62.765,lost,,,,
62.775,lost,,,,
62.787,lost,,,,
62.796,lost,,,,
62.805,lost,,,,
62.815,lost,,,,
62.824,lost,,,,
62.833,lost,,,,
62.843,lost,,,,
62.854,lost,,,,
62.863,lost,,,,
62.872,lost,,,,
62.883,lost,,,,
62.892,lost,,,,
62.901,lost,,,,
62.914,lost,,,,
62.925,lost,,,,
62.933,lost,,,,
62.944,lost,,,,
62.955,lost,,,,
62.963,lost,,,,
62.974,lost,,,,
62.986,lost,,,,
62.995,lost,,,,
63.006,lost,,,,
63.017,lost,,,,
63.026,lost,,,,
63.035,lost,,,,
63.046,lost,,,,
63.055,lost,,,,
63.063,lost,,,,
63.072,lost,,,,
63.084,lost,,,,
63.093,lost,,,,
63.102,lost,,,,
63.114,lost,,,,
63.123,lost,,,,
63.133,lost,,,,
63.146,lost,,,,
63.156,lost,,,,
63.168,lost,,,,
63.179,lost,,,,
63.192,lost,,,,
63.203,lost,,,,
63.214,lost,,,,
63.225,lost,,,,
63.238,lost,,,,
63.252,lost,,,,
63.260,lost,,,,
63.270,lost,,,,
63.281,lost,,,,
63.290,lost,,,,
63.300,lost,,,,
63.309,lost,,,,
63.320,lost,,,,
63.328,lost,,,,
63.338,lost,,,,
63.351,lost,,,,
63.361,lost,,,,
63.370,lost,,,,
63.381,lost,,,,
63.391,lost,,,,
63.399,lost,,,,
63.409,lost,,,,
63.420,lost,,,,
63.429,lost,,,,
63.439,lost,,,,
63.450,lost,,,,
63.460,lost,,,,
63.470,lost,,,,
63.482,lost,,,,
63.492,lost,,,,
63.500,lost,,,,
63.509,lost,,,,
63.521,lost,,,,
63.529,lost,,,,
63.539,lost,,,,
63.550,lost,,,,
63.560,lost,,,,
63.570,lost,,,,
63.580,lost,,,,
63.590,lost,,,,
63.597,lost,,,,
63.607,lost,,,,
63.618,lost,,,,
63.629,lost,,,,
63.639,lost,,,,
63.654,lost,,,,
63.662,lost,,,,
63.672,lost,,,,
63.685,lost,,,,
63.694,lost,,,,
63.703,lost,,,,
63.713,lost,,,,
63.724,lost,,,,
63.734,lost,,,,
63.743,lost,,,,
63.754,lost,,,,
63.763,lost,,,,
63.772,lost,,,,
63.783,lost,,,,
63.793,lost,,,,
63.802,lost,,,,
63.811,lost,,,,
63.822,lost,,,,
63.832,lost,,,,
63.841,lost,,,,
63.851,lost,,,,
63.859,lost,,,,
63.868,lost,,,,
63.878,lost,,,,
63.887,lost,,,,
63.896,lost,,,,
63.907,lost,,,,
63.918,lost,,,,
63.926,lost,,,,
63.936,lost,,,,
63.945,lost,,,,
63.955,lost,,,,
63.965,lost,,,,
63.975,lost,,,,
63.987,lost,,,,
63.996,lost,,,,
64.006,lost,,,,
64.018,lost,,,,
64.026,lost,,,,
64.037,lost,,,,
64.048,lost,,,,
64.057,lost,,,,
64.067,lost,,,,
64.077,lost,,,,
64.087,lost,,,,
64.096,lost,,,,
64.106,lost,,,,
64.118,lost,,,,
64.127,lost,,,,
64.138,lost,,,,
64.148,lost,,,,
64.157,lost,,,,
64.166,lost,,,,
64.176,lost,,,,
64.186,lost,,,,
64.194,lost,,,,
64.204,lost,,,,
64.216,lost,,,,
64.226,lost,,,,
64.238,lost,,,,
64.250,lost,,,,
64.259,lost,,,,
64.269,lost,,,,
64.279,lost,,,,
64.289,lost,,,,
64.300,lost,,,,
64.310,lost,,,,
64.320,lost,,,,
64.330,lost,,,,
64.340,lost,,,,
64.350,lost,,,,
64.359,lost,,,,
64.371,lost,,,,
64.382,lost,,,,
64.392,lost,,,,
64.403,lost,,,,
64.413,lost,,,,
64.423,lost,,,,
64.432,lost,,,,
64.443,lost,,,,
64.453,lost,,,,
64.462,lost,,,,
64.472,lost,,,,
64.484,lost,,,,
64.494,lost,,,,
64.505,lost,,,,
64.515,lost,,,,
64.524,lost,,,,
64.536,lost,,,,
64.546,lost,,,,
64.555,lost,,,,
64.565,lost,,,,
64.576,lost,,,,
64.586,lost,,,,
64.595,lost,,,,
64.606,lost,,,,
64.616,lost,,,,
64.625,lost,,,,
64.638,lost,,,,
64.647,lost,,,,
64.658,lost,,,,
64.669,lost,,,,
64.679,lost,,,,
64.688,lost,,,,
64.699,lost,,,,
64.710,lost,,,,
64.720,lost,,,,
64.731,lost,,,,
64.743,lost,,,,
64.754,lost,,,,
64.765,lost,,,,
64.776,lost,,,,
64.786,lost,,,,
64.797,lost,,,,
64.808,lost,,,,
64.817,lost,,,,
64.828,lost,,,,
64.839,lost,,,,
64.849,lost,,,,
64.860,lost,,,,
64.872,lost,,,,
64.881,lost,,,,
64.892,lost,,,,
64.905,lost,,,,
64.914,lost,,,,
64.925,lost,,,,
64.936,lost,,,,
64.945,lost,,,,
64.955,lost,,,,
64.968,lost,,,,
64.980,lost,,,,
64.993,lost,,,,
65.006,lost,,,,
65.017,lost,,,,
65.028,lost,,,,
65.039,lost,,,,
65.048,lost,,,,
65.060,lost,,,,
65.072,lost,,,,
65.082,lost,,,,
65.093,lost,,,,
65.104,lost,,,,
65.113,lost,,,,
65.123,lost,,,,
65.134,lost,,,,
65.145,lost,,,,
65.159,lost,,,,
65.173,lost,,,,
65.182,lost,,,,
65.193,lost,,,,
65.204,lost,,,,
65.216,lost,,,,
65.229,lost,,,,
65.243,lost,,,,
65.253,lost,,,,
65.265,lost,,,,
65.275,lost,,,,
65.285,lost,,,,
65.297,lost,,,,
65.307,lost,,,,
65.316,lost,,,,
65.327,lost,,,,
65.337,lost,,,,
65.350,lost,,,,
65.362,lost,,,,
65.377,lost,,,,
65.390,lost,,,,
65.405,lost,,,,
65.417,lost,,,,
65.430,lost,,,,
65.442,lost,,,,
65.452,lost,,,,
65.464,lost,,,,
65.475,lost,,,,
65.484,lost,,,,
65.494,lost,,,,
65.507,lost,,,,
65.517,lost,,,,
65.528,lost,,,,
65.539,lost,,,,
65.551,lost,,,,
65.566,lost,,,,
65.576,lost,,,,
65.587,lost,,,,
65.598,lost,,,,
65.608,lost,,,,
65.617,lost,,,,
65.627,lost,,,,
65.638,lost,,,,
65.652,lost,,,,
65.664,lost,,,,
65.677,lost,,,,
65.691,lost,,,,
65.706,lost,,,,
65.718,lost,,,,
65.731,lost,,,,
65.744,lost,,,,
65.756,lost,,,,
65.770,lost,,,,
65.779,lost,,,,
65.790,lost,,,,
65.803,lost,,,,
65.815,lost,,,,
65.828,lost,,,,
65.841,lost,,,,
65.851,lost,,,,
65.860,lost,,,,
65.872,lost,,,,
65.884,lost,,,,
65.895,lost,,,,
65.910,lost,,,,
65.920,lost,,,,
65.930,lost,,,,
65.941,lost,,,,
65.949,lost,,,,
65.959,lost,,,,
65.971,lost,,,,
65.984,lost,,,,
65.996,lost,,,,
66.011,lost,,,,
66.023,lost,,,,
66.039,lost,,,,
66.048,lost,,,,
66.057,lost,,,,
66.069,lost,,,,
66.079,lost,,,,
66.091,lost,,,,
66.105,lost,,,,
66.115,lost,,,,
66.125,lost,,,,
66.138,lost,,,,
66.151,lost,,,,
66.163,lost,,,,
66.175,target,0.139,0.233,3.350,1
66.187,target,0.139,0.233,3.350,1
66.198,target,0.139,0.233,3.350,1
66.208,target,0.139,0.233,3.350,1
66.221,target,0.139,0.233,3.350,1
66.236,target,0.139,0.233,3.350,1
66.248,target,0.139,0.233,3.350,1
66.258,target,0.139,0.233,3.350,1
66.272,target,0.139,0.233,3.350,1
66.282,target,0.139,0.233,3.350,1
66.292,target,0.139,0.233,3.350,1
66.303,target,0.139,0.233,3.350,1
66.314,target,0.139,0.233,3.350,1
66.327,target,0.139,0.233,3.350,1
66.342,target,0.139,0.233,3.350,1
66.352,target,0.139,0.233,3.350,1
66.362,target,0.139,0.233,3.350,1
66.373,target,0.139,0.233,3.350,1
66.384,target,0.139,0.233,3.350,1
66.393,target,0.139,0.233,3.350,1
66.405,target,0.139,0.233,3.350,1
66.418,target,0.139,0.233,3.350,1
66.431,target,0.139,0.233,3.350,1
66.446,target,0.139,0.233,3.350,1
66.456,target,0.139,0.233,3.350,1
66.469,target,0.139,0.233,3.350,1
66.479,target,0.139,0.233,3.350,1
66.490,target,0.139,0.233,3.350,1
66.505,target,0.139,0.233,3.350,1
66.518,target,0.139,0.233,3.350,1
66.531,target,0.139,0.233,3.350,1
66.542,target,0.139,0.233,3.350,1
66.554,target,0.139,0.233,3.350,1
66.566,target,0.139,0.233,3.350,1
66.580,target,0.139,0.233,3.350,1
66.591,target,0.139,0.233,3.350,1
66.607,target,0.139,0.233,3.350,1
66.618,target,0.139,0.233,3.350,1
66.628,target,0.139,0.233,3.350,1
66.641,target,0.139,0.233,3.350,1
66.652,target,0.139,0.233,3.350,1
66.662,target,0.139,0.233,3.350,1
66.673,target,0.139,0.233,3.350,1
66.686,target,0.139,0.233,3.350,1
66.699,lost,,,,
66.710,lost,,,,
66.726,lost,,,,
66.741,lost,,,,
66.754,lost,,,,
66.769,lost,,,,
66.778,lost,,,,
66.788,lost,,,,
66.801,lost,,,,
66.813,lost,,,,
66.826,lost,,,,
66.839,lost,,,,
66.848,lost,,,,
66.861,lost,,,,
66.874,lost,,,,
66.888,lost,,,,
66.903,lost,,,,
66.917,lost,,,,
66.932,lost,,,,
66.943,lost,,,,
66.955,lost,,,,
66.966,lost,,,,
66.977,lost,,,,
66.992,lost,,,,
67.004,lost,,,,
67.014,lost,,,,
67.026,lost,,,,
67.039,lost,,,,
67.051,lost,,,,
67.063,lost,,,,
67.075,lost,,,,
67.089,lost,,,,
67.101,lost,,,,
67.114,lost,,,,
67.128,lost,,,,
67.138,lost,,,,
67.148,lost,,,,
67.160,lost,,,,
67.174,lost,,,,
67.188,lost,,,,
67.199,lost,,,,
67.209,lost,,,,
67.219,lost,,,,
67.230,lost,,,,
67.240,lost,,,,
67.252,lost,,,,
67.262,lost,,,,
67.274,lost,,,,
67.288,lost,,,,
67.301,lost,,,,
67.312,lost,,,,
67.325,lost,,,,
67.337,lost,,,,
67.350,lost,,,,
67.361,lost,,,,
67.373,lost,,,,
67.387,lost,,,,
67.397,lost,,,,
67.406,lost,,,,
67.417,lost,,,,
67.426,lost,,,,
67.438,lost,,,,
67.451,lost,,,,
67.461,lost,,,,
67.472,lost,,,,
67.484,lost,,,,
67.496,target,0.318,0.117,2.764,1
67.511,target,0.318,0.117,2.764,1
67.526,target,0.318,0.117,2.764,1
67.538,target,0.318,0.117,2.764,1
67.552,target,0.318,0.117,2.764,1
67.564,target,0.318,0.117,2.764,1
67.577,target,0.318,0.117,2.764,1
67.590,target,0.318,0.117,2.764,1
67.602,target,0.318,0.117,2.764,1
67.615,target,0.318,0.117,2.764,1
67.627,target,0.318,0.117,2.764,1
67.638,target,0.318,0.117,2.764,1
67.653,target,0.318,0.117,2.764,1
67.664,target,0.318,0.117,2.764,1
67.677,target,0.318,0.117,2.764,1
67.691,target,0.318,0.117,2.764,1
67.702,target,0.318,0.117,2.764,1
67.716,target,0.318,0.117,2.764,1
67.728,target,0.318,0.117,2.764,1
67.740,target,0.318,0.117,2.764,1
67.756,target,0.318,0.117,2.764,1
67.768,target,0.318,0.117,2.764,1
67.781,target,0.318,0.117,2.764,1
67.793,target,0.252,-0.165,2.669,1
67.806,target,0.252,-0.165,2.669,1
67.822,target,0.252,-0.165,2.669,1
67.834,target,0.252,-0.165,2.669,1
67.846,target,0.252,-0.165,2.669,1
67.860,target,0.252,-0.165,2.669,1
67.872,target,0.252,-0.165,2.669,1
67.888,target,0.252,-0.165,2.669,1
67.901,target,0.252,-0.165,2.669,1
67.916,target,0.252,-0.165,2.669,1
67.927,target,0.252,-0.165,2.669,1
67.942,target,0.252,-0.165,2.669,1
67.957,target,0.252,-0.165,2.669,1
67.970,target,0.252,-0.165,2.669,1
67.984,target,0.252,-0.165,2.669,1
67.997,target,0.252,-0.165,2.669,1
68.011,target,0.252,-0.165,2.669,1
68.025,target,0.198,-0.066,2.588,1
68.038,target,0.198,-0.066,2.588,1
68.052,target,0.198,-0.066,2.588,1
68.067,target,0.198,-0.066,2.588,1
68.080,target,0.198,-0.066,2.588,1
68.093,target,0.198,-0.066,2.588,1
68.108,target,0.198,-0.066,2.588,1
68.122,target,0.198,-0.066,2.588,1
68.136,target,0.198,-0.066,2.588,1
68.150,target,0.198,-0.066,2.588,1
68.163,target,0.198,-0.066,2.588,1
68.176,target,0.198,-0.066,2.588,1
68.190,target,0.198,-0.066,2.588,1
68.203,target,0.198,-0.066,2.588,1
68.217,target,0.349,-0.292,2.332,1
68.230,target,0.349,-0.292,2.332,1
68.246,target,0.349,-0.292,2.332,1
68.260,target,0.349,-0.292,2.332,1
68.272,target,0.349,-0.292,2.332,1
68.286,target,0.421,-0.369,2.555,1
68.299,target,0.421,-0.369,2.555,1
68.310,target,0.421,-0.369,2.555,1
68.325,target,0.421,-0.369,2.555,1
68.340,target,0.421,-0.369,2.555,1
68.355,target,0.517,-0.452,2.423,1
68.367,target,0.517,-0.452,2.423,1
68.380,target,0.517,-0.452,2.423,1
68.395,target,0.517,-0.452,2.423,1
68.407,target,0.517,-0.452,2.423,1
68.421,target,0.564,-0.492,2.277,1
68.435,target,0.564,-0.492,2.277,1
68.450,target,0.564,-0.492,2.277,1
68.463,target,0.564,-0.492,2.277,1
68.477,target,0.564,-0.492,2.277,1
68.494,target,0.564,-0.492,2.277,1
68.508,target,0.564,-0.492,2.277,1
68.524,target,0.564,-0.492,2.277,1
68.537,target,0.564,-0.492,2.277,1
68.551,target,0.564,-0.492,2.277,1
68.563,target,0.564,-0.492,2.277,1
68.577,target,0.564,-0.492,2.277,1
68.591,target,0.564,-0.492,2.277,1
68.605,target,0.564,-0.492,2.277,1
68.620,target,0.564,-0.492,2.277,1
68.632,target,0.564,-0.492,2.277,1
68.645,target,0.564,-0.492,2.277,1
68.660,target,0.564,-0.492,2.277,1
68.673,target,0.564,-0.492,2.277,1
68.690,target,0.564,-0.492,2.277,1
68.705,target,0.564,-0.492,2.277,1
68.719,target,0.564,-0.492,2.277,1
68.731,target,0.392,-0.377,2.283,1
68.746,target,0.392,-0.377,2.283,1
68.762,target,0.392,-0.377,2.283,1
68.776,target,0.392,-0.377,2.283,1
68.791,target,0.392,-0.377,2.283,1
68.807,target,0.392,-0.377,2.283,1
68.824,target,0.392,-0.377,2.283,1
68.837,target,0.392,-0.377,2.283,1
68.850,target,0.392,-0.377,2.283,1
68.863,target,0.392,-0.377,2.283,1
68.875,target,0.392,-0.377,2.283,1
68.890,target,0.232,-0.319,2.190,1
68.907,target,0.232,-0.319,2.190,1
68.923,target,0.232,-0.319,2.190,1
68.937,target,0.232,-0.319,2.190,1
68.951,target,0.190,-0.344,2.082,1
68.964,target,0.190,-0.344,2.082,1
68.976,target,0.190,-0.344,2.082,1
68.992,target,0.190,-0.344,2.082,1
69.006,target,0.190,-0.344,2.082,1
69.021,target,0.190,-0.344,2.082,1
69.035,target,0.190,-0.344,2.082,1
69.049,target,0.090,-0.490,2.128,1
69.062,target,0.090,-0.490,2.128,1
69.078,target,0.090,-0.490,2.128,1
69.093,target,0.090,-0.490,2.128,1
69.109,target,0.090,-0.490,2.128,1
69.124,target,0.090,-0.490,2.128,1
69.138,target,0.090,-0.490,2.128,1
69.156,target,0.090,-0.490,2.128,1
69.172,target,0.090,-0.490,2.128,1
69.188,target,0.041,-0.237,1.979,1
69.203,target,0.041,-0.237,1.979,1
69.217,target,0.047,-0.280,1.903,1
69.230,target,0.047,-0.280,1.903,1
69.244,target,0.047,-0.280,1.903,1
69.260,target,0.047,-0.280,1.903,1
69.274,target,0.047,-0.280,1.903,1
69.292,target,0.047,-0.280,1.903,1
69.307,target,0.047,-0.280,1.903,1
69.322,target,0.047,-0.280,1.903,1
69.337,target,0.047,-0.280,1.903,1
69.350,target,0.047,-0.280,1.903,1
69.363,target,0.047,-0.280,1.903,1
69.378,target,0.047,-0.280,1.903,1
69.394,target,0.047,-0.280,1.903,1
69.407,target,0.047,-0.280,1.903,1
69.423,target,0.047,-0.280,1.903,1
69.437,target,0.047,-0.280,1.903,1
69.453,target,0.047,-0.280,1.903,1
69.468,target,0.047,-0.280,1.903,1
69.483,target,0.047,-0.280,1.903,1
69.496,target,0.047,-0.280,1.903,1
69.510,target,0.047,-0.280,1.903,1
69.526,target,0.047,-0.280,1.903,1
69.541,target,0.047,-0.280,1.903,1
69.555,target,0.047,-0.280,1.903,1
69.570,target,0.047,-0.280,1.903,1
69.588,target,0.047,-0.280,1.903,1
69.602,target,0.047,-0.280,1.903,1
69.617,target,0.047,-0.280,1.903,1
69.627,target,0.047,-0.280,1.903,1
69.639,target,0.047,-0.280,1.903,1
69.654,target,0.047,-0.280,1.903,1
69.670,target,0.047,-0.280,1.903,1
69.685,target,-0.035,-0.381,1.673,1
69.700,target,-0.035,-0.381,1.673,1
69.714,target,-0.035,-0.381,1.673,1
69.728,target,-0.035,-0.381,1.673,1
69.742,target,-0.035,-0.381,1.673,1
69.756,target,-0.035,-0.381,1.673,1
69.770,target,-0.035,-0.381,1.673,1
69.785,target,-0.035,-0.381,1.673,1
69.799,target,-0.035,-0.381,1.673,1
69.815,target,-0.035,-0.381,1.673,1
69.831,target,-0.035,-0.381,1.673,1
69.845,target,-0.035,-0.381,1.673,1
69.860,target,-0.035,-0.381,1.673,1
69.875,target,-0.035,-0.381,1.673,1
69.890,target,-0.035,-0.381,1.673,1
69.904,target,-0.035,-0.381,1.673,1
69.917,target,-0.035,-0.381,1.673,1
69.933,target,-0.035,-0.381,1.673,1
69.950,target,-0.035,-0.381,1.673,1
69.964,target,-0.035,-0.381,1.673,1
69.980,target,-0.035,-0.381,1.673,1
69.994,target,-0.035,-0.381,1.673,1
70.010,target,-0.035,-0.381,1.673,1
70.024,target,-0.035,-0.381,1.673,1
70.039,target,-0.035,-0.381,1.673,1
70.054,target,-0.035,-0.381,1.673,1
70.068,target,-0.035,-0.381,1.673,1
70.083,target,-0.035,-0.381,1.673,1
70.098,target,-0.035,-0.381,1.673,1
70.113,target,-0.035,-0.381,1.673,1
70.126,target,-0.035,-0.381,1.673,1
70.143,target,-0.035,-0.381,1.673,1
70.157,target,-0.035,-0.381,1.673,1
70.170,target,-0.035,-0.381,1.673,1
70.185,target,-0.035,-0.381,1.673,1
70.200,target,-0.035,-0.381,1.673,1
70.216,lost,,,,
70.228,lost,,,,
70.243,lost,,,,
70.256,lost,,,,
70.273,lost,,,,
70.287,lost,,,,
70.302,lost,,,,
70.317,lost,,,,
70.332,lost,,,,
70.347,lost,,,,
70.360,lost,,,,
70.373,lost,,,,
70.388,lost,,,,
70.403,lost,,,,
70.417,lost,,,,
70.433,lost,,,,
70.446,lost,,,,
70.461,lost,,,,
70.476,lost,,,,
70.492,lost,,,,
70.508,target,-0.702,-0.408,1.592,1
70.525,target,-0.702,-0.408,1.592,1
70.543,target,-0.702,-0.408,1.592,1
70.557,target,-0.702,-0.408,1.592,1
70.573,target,-0.769,-0.690,1.716,2
70.585,target,-0.769,-0.690,1.716,2
70.599,target,-0.769,-0.690,1.716,2
70.610,target,-0.769,-0.690,1.716,2
70.622,target,-0.769,-0.690,1.716,2
70.638,target,-0.769,-0.690,1.716,2
70.648,target,-0.769,-0.690,1.716,2
70.661,target,-0.769,-0.690,1.716,2
70.674,target,-0.769,-0.690,1.716,2
70.688,target,-0.769,-0.690,1.716,2
70.703,target,-0.769,-0.690,1.716,2
70.714,target,-0.769,-0.690,1.716,2
70.727,target,-0.769,-0.690,1.716,2
70.740,target,-0.769,-0.690,1.716,2
70.751,target,-0.769,-0.690,1.716,2
70.765,target,-0.769,-0.690,1.716,2
70.777,target,-0.769,-0.690,1.716,2
70.789,target,-0.769,-0.690,1.716,2
70.804,target,-0.769,-0.690,1.716,2
70.815,target,-0.769,-0.690,1.716,2
70.828,target,-0.769,-0.690,1.716,2
70.841,target,-0.796,-0.945,1.514,1
70.852,target,-0.796,-0.945,1.514,1
70.865,target,-0.796,-0.945,1.514,1
70.876,target,-0.778,-0.938,1.540,1
70.888,target,-0.778,-0.938,1.540,1
70.899,target,-0.778,-0.938,1.540,1
70.910,target,-0.783,-0.987,1.546,1
70.921,target,-0.783,-0.987,1.546,1
70.933,target,-0.783,-0.987,1.546,1
70.943,target,-0.783,-0.987,1.546,1
70.954,target,-0.783,-0.987,1.546,1
70.967,target,-0.783,-0.987,1.546,1
70.979,target,-0.748,-1.006,1.520,1
70.991,target,-0.748,-1.006,1.520,1
71.003,target,-0.748,-1.006,1.520,1
71.017,target,-0.748,-1.006,1.520,1
71.031,target,-0.748,-1.006,1.520,1
71.043,target,-0.662,-0.879,1.157,1
71.055,target,-0.662,-0.879,1.157,1
71.067,target,-0.662,-0.879,1.157,1
71.077,target,-0.718,-1.007,1.520,1
71.089,target,-0.718,-1.007,1.520,1
71.100,target,-0.718,-1.007,1.520,1
71.110,target,-0.730,-0.971,1.551,1
71.121,target,-0.730,-0.971,1.551,1
71.133,target,-0.730,-0.971,1.551,1
71.144,target,-0.749,-0.941,1.438,1
71.155,target,-0.749,-0.941,1.438,1
71.168,target,-0.749,-0.941,1.438,1
71.179,target,-0.719,-0.912,1.516,1
71.193,target,-0.719,-0.912,1.516,1
71.206,target,-0.719,-0.912,1.516,1
71.218,target,-0.719,-0.912,1.516,1
71.230,target,-0.719,-0.912,1.516,1
71.244,target,-0.719,-0.912,1.516,1
71.257,target,-0.719,-0.912,1.516,1
71.272,target,-0.719,-0.912,1.516,1
71.286,target,-0.719,-0.912,1.516,1
71.299,target,-0.719,-0.912,1.516,1
71.311,target,-0.719,-0.912,1.516,1
71.323,target,-0.719,-0.912,1.516,1
71.336,target,-0.719,-0.912,1.516,1
71.347,target,-0.719,-0.912,1.516,1
71.360,target,-0.719,-0.912,1.516,1
71.374,target,-0.719,-0.912,1.516,1
71.387,target,-0.719,-0.912,1.516,1
71.399,target,-0.719,-0.912,1.516,1
71.411,target,-0.719,-0.912,1.516,1
71.424,target,-0.719,-0.912,1.516,1
71.438,target,-0.719,-0.912,1.516,1
71.448,target,-0.719,-0.912,1.516,1
71.460,target,-0.719,-0.912,1.516,1
71.473,target,-0.719,-0.912,1.516,1
71.488,target,-0.719,-0.912,1.516,1
71.503,target,-0.719,-0.912,1.516,1
71.518,target,-0.719,-0.912,1.516,1
71.535,target,-0.719,-0.912,1.516,1
71.546,target,-0.719,-0.912,1.516,1
71.557,target,-0.719,-0.912,1.516,1
71.569,target,-0.719,-0.912,1.516,1
71.580,target,-0.719,-0.912,1.516,1
71.590,target,-0.719,-0.912,1.516,1
71.601,target,-0.719,-0.912,1.516,1
71.611,target,-0.719,-0.912,1.516,1
71.621,target,-0.719,-0.912,1.516,1
71.630,target,-0.719,-0.912,1.516,1
71.642,target,-0.719,-0.912,1.516,1
71.653,target,-0.719,-0.912,1.516,1
71.662,target,-0.719,-0.912,1.516,1
71.674,target,-0.719,-0.912,1.516,1
71.685,target,-0.719,-0.912,1.516,1
71.694,lost,,,,
71.707,lost,,,,
71.718,lost,,,,
71.727,lost,,,,
71.740,lost,,,,
71.750,lost,,,,
71.759,lost,,,,
71.771,lost,,,,
71.780,lost,,,,
71.789,lost,,,,
71.800,lost,,,,
71.808,lost,,,,
71.817,lost,,,,
71.826,lost,,,,
71.838,lost,,,,
71.847,lost,,,,
71.856,lost,,,,
71.869,lost,,,,
71.878,lost,,,,
71.888,lost,,,,
71.899,lost,,,,
71.908,lost,,,,
71.917,lost,,,,
71.927,lost,,,,
71.937,lost,,,,
71.946,lost,,,,
71.956,lost,,,,
71.968,lost,,,,
71.977,lost,,,,
71.987,lost,,,,
71.996,lost,,,,
72.006,lost,,,,
72.017,lost,,,,
72.027,lost,,,,
72.038,lost,,,,
72.047,lost,,,,
72.056,lost,,,,
72.068,lost,,,,
72.077,lost,,,,
72.086,lost,,,,
72.097,lost,,,,
72.107,lost,,,,
72.117,lost,,,,
72.127,lost,,,,
72.136,lost,,,,
72.144,lost,,,,
72.154,lost,,,,
72.164,lost,,,,
72.174,lost,,,,
72.182,lost,,,,
72.193,lost,,,,
72.203,lost,,,,
72.211,lost,,,,
72.221,lost,,,,
72.231,lost,,,,
72.241,lost,,,,
72.252,lost,,,,
72.263,lost,,,,
72.273,lost,,,,
72.283,lost,,,,
72.293,lost,,,,
72.302,lost,,,,
72.311,lost,,,,
72.321,lost,,,,
72.331,lost,,,,
72.340,lost,,,,
72.350,lost,,,,
72.361,lost,,,,
72.371,lost,,,,
72.379,lost,,,,
72.389,lost,,,,
72.401,lost,,,,
72.410,lost,,,,
72.420,lost,,,,
72.431,lost,,,,
72.440,lost,,,,
72.450,lost,,,,
72.460,lost,,,,
72.471,lost,,,,
72.481,lost,,,,
72.491,lost,,,,
72.501,lost,,,,
72.510,lost,,,,
72.521,lost,,,,
72.533,lost,,,,
72.542,lost,,,,
72.552,lost,,,,
72.561,lost,,,,
72.571,lost,,,,
72.582,lost,,,,
72.593,lost,,,,
72.603,lost,,,,
72.612,lost,,,,
72.622,lost,,,,
72.632,lost,,,,
72.640,lost,,,,
72.650,lost,,,,
72.661,lost,,,,
72.670,lost,,,,
72.679,lost,,,,
72.688,lost,,,,
72.698,lost,,,,
72.708,lost,,,,
72.718,lost,,,,
72.727,lost,,,,
72.737,lost,,,,
72.747,lost,,,,
72.757,lost,,,,
72.769,lost,,,,
72.779,lost,,,,
72.789,lost,,,,
72.798,lost,,,,
72.807,lost,,,,
72.818,lost,,,,
72.827,lost,,,,
72.837,lost,,,,
72.847,lost,,,,
72.857,lost,,,,
72.867,lost,,,,
72.878,lost,,,,
72.889,lost,,,,
72.898,lost,,,,
72.909,lost,,,,
72.919,lost,,,,
72.929,lost,,,,
72.938,lost,,,,
72.949,lost,,,,
72.958,lost,,,,
72.967,lost,,,,
72.978,lost,,,,
72.988,lost,,,,
72.996,lost,,,,
73.006,lost,,,,
73.020,lost,,,,
73.029,lost,,,,
73.039,lost,,,,
73.049,lost,,,,
73.059,lost,,,,
73.068,lost,,,,
73.079,lost,,,,
73.089,lost,,,,
73.097,lost,,,,
73.107,lost,,,,
73.118,lost,,,,
73.127,lost,,,,
73.137,lost,,,,
73.148,lost,,,,
73.158,lost,,,,
73.167,lost,,,,
73.178,lost,,,,
73.188,lost,,,,
73.196,lost,,,,
73.206,lost,,,,
73.216,lost,,,,
73.225,lost,,,,
73.234,lost,,,,
73.244,lost,,,,
73.255,lost,,,,
73.265,lost,,,,
73.275,lost,,,,
73.286,lost,,,,
73.295,lost,,,,
73.305,lost,,,,
73.315,lost,,,,
73.325,lost,,,,
73.334,lost,,,,
73.343,lost,,,,
73.353,lost,,,,
73.362,lost,,,,
73.372,lost,,,,
73.382,lost,,,,
73.391,lost,,,,
73.400,lost,,,,
73.411,lost,,,,
73.421,lost,,,,
73.429,lost,,,,
73.439,lost,,,,
73.448,lost,,,,
73.457,lost,,,,
73.466,lost,,,,
73.476,lost,,,,
73.485,lost,,,,
73.494,lost,,,,
73.504,lost,,,,
73.514,lost,,,,
73.524,lost,,,,
73.534,lost,,,,
73.542,lost,,,,
73.552,lost,,,,
73.561,lost,,,,
73.571,lost,,,,
73.580,lost,,,,
73.591,lost,,,,
73.598,lost,,,,
73.608,lost,,,,
73.620,lost,,,,
73.629,lost,,,,
73.639,lost,,,,
73.648,lost,,,,
73.658,lost,,,,
73.667,lost,,,,
73.676,lost,,,,
73.687,lost,,,,
73.695,lost,,,,
73.705,lost,,,,
73.712,lost,,,,
73.722,lost,,,,
73.730,lost,,,,
73.739,lost,,,,
73.750,lost,,,,
73.760,lost,,,,
73.771,lost,,,,
73.779,lost,,,,
73.789,lost,,,,
73.798,lost,,,,
73.807,lost,,,,
73.820,lost,,,,
73.829,lost,,,,
73.838,lost,,,,
73.848,lost,,,,
73.857,lost,,,,
73.866,lost,,,,
73.875,lost,,,,
73.887,lost,,,,
73.896,lost,,,,
73.906,lost,,,,
73.916,lost,,,,
73.925,lost,,,,
73.934,lost,,,,
73.942,lost,,,,
73.953,lost,,,,
73.963,lost,,,,
73.972,lost,,,,
73.983,lost,,,,
73.993,lost,,,,
74.003,lost,,,,
74.013,lost,,,,
74.023,lost,,,,
74.033,lost,,,,
74.044,lost,,,,
74.055,lost,,,,
74.064,lost,,,,
74.074,lost,,,,
74.084,lost,,,,
74.093,lost,,,,
74.102,lost,,,,
74.113,lost,,,,
74.122,lost,,,,
74.130,lost,,,,
74.141,lost,,,,
74.150,lost,,,,
74.159,lost,,,,
74.170,lost,,,,
74.179,lost,,,,
74.189,lost,,,,
74.199,lost,,,,
74.210,lost,,,,
74.220,lost,,,,
74.229,lost,,,,
74.238,lost,,,,
74.248,lost,,,,
74.259,lost,,,,
74.271,lost,,,,
74.280,lost,,,,
74.290,lost,,,,
74.301,lost,,,,
74.311,lost,,,,
74.319,lost,,,,
74.328,lost,,,,
74.338,lost,,,,
74.347,lost,,,,
74.356,lost,,,,
74.366,lost,,,,
74.377,lost,,,,
74.386,lost,,,,
74.394,lost,,,,
74.404,lost,,,,
74.414,lost,,,,
74.422,lost,,,,
74.431,lost,,,,
74.441,lost,,,,
74.450,lost,,,,
74.460,lost,,,,
74.471,lost,,,,
74.480,lost,,,,
74.489,lost,,,,
74.498,lost,,,,
74.509,lost,,,,
74.518,lost,,,,
74.528,lost,,,,
74.540,lost,,,,
74.548,lost,,,,
74.557,lost,,,,
74.566,lost,,,,
74.576,lost,,,,
74.586,lost,,,,
74.596,lost,,,,
74.606,lost,,,,
74.616,lost,,,,
74.626,lost,,,,
74.637,lost,,,,
74.646,lost,,,,
74.656,lost,,,,
74.666,lost,,,,
74.676,lost,,,,
74.685,lost,,,,
74.695,lost,,,,
74.706,lost,,,,
74.714,lost,,,,
74.723,lost,,,,
74.733,lost,,,,
74.742,lost,,,,
74.751,lost,,,,
74.761,lost,,,,
74.774,lost,,,,
74.783,lost,,,,
74.793,lost,,,,
74.805,lost,,,,
74.814,lost,,,,
74.824,lost,,,,
74.835,lost,,,,
74.844,lost,,,,
74.854,lost,,,,
74.864,lost,,,,
74.874,lost,,,,
74.883,lost,,,,
74.893,lost,,,,
74.905,lost,,,,
74.915,lost,,,,
74.926,lost,,,,
74.938,lost,,,,
74.947,lost,,,,
74.959,lost,,,,
74.971,lost,,,,
74.980,lost,,,,
74.991,lost,,,,
75.003,lost,,,,
75.012,lost,,,,
75.023,lost,,,,
75.034,lost,,,,
75.044,lost,,,,
75.054,lost,,,,
75.065,lost,,,,
75.075,lost,,,,
75.085,lost,,,,
75.096,lost,,,,
75.106,lost,,,,
75.115,lost,,,,
75.125,lost,,,,
75.135,lost,,,,
75.143,lost,,,,
75.152,lost,,,,
75.162,lost,,,,
75.172,lost,,,,
75.181,lost,,,,
75.191,lost,,,,
75.202,lost,,,,
75.211,lost,,,,
75.219,lost,,,,
75.227,lost,,,,
75.239,lost,,,,
75.248,lost,,,,
75.259,lost,,,,
75.270,lost,,,,
75.280,lost,,,,
75.291,lost,,,,
75.302,lost,,,,
75.311,lost,,,,
75.321,lost,,,,
75.331,lost,,,,
75.340,lost,,,,
75.348,lost,,,,
75.359,lost,,,,
75.369,lost,,,,
75.378,lost,,,,
75.388,lost,,,,
75.399,lost,,,,
75.409,lost,,,,
75.419,lost,,,,
75.428,lost,,,,
75.440,lost,,,,
75.449,lost,,,,
75.458,lost,,,,
75.469,lost,,,,
75.478,lost,,,,
75.488,lost,,,,
75.498,lost,,,,
75.509,lost,,,,
75.521,lost,,,,
75.532,lost,,,,
75.542,lost,,,,
75.553,lost,,,,
75.563,lost,,,,
75.573,lost,,,,
75.582,lost,,,,
75.592,lost,,,,
75.605,lost,,,,
75.616,lost,,,,
75.626,lost,,,,
75.639,lost,,,,
75.647,lost,,,,
75.657,lost,,,,
75.668,lost,,,,
75.677,lost,,,,
75.687,lost,,,,
75.695,lost,,,,
75.705,lost,,,,
75.714,lost,,,,
75.723,lost,,,,
75.733,lost,,,,
75.743,lost,,,,
75.752,lost,,,,
75.762,lost,,,,
75.773,lost,,,,
75.783,lost,,,,
75.792,lost,,,,
75.803,lost,,,,
75.812,lost,,,,
75.821,lost,,,,
75.830,lost,,,,
75.839,lost,,,,
75.848,lost,,,,
75.858,lost,,,,
75.869,lost,,,,
75.877,lost,,,,
75.887,lost,,,,
75.899,lost,,,,
75.908,lost,,,,
75.919,lost,,,,
75.929,lost,,,,
75.939,lost,,,,
75.948,lost,,,,
75.960,lost,,,,
75.971,lost,,,,
75.983,lost,,,,
75.995,lost,,,,
76.004,lost,,,,
76.014,lost,,,,
76.026,lost,,,,
76.036,lost,,,,
76.045,lost,,,,
76.056,lost,,,,
76.066,lost,,,,
76.074,lost,,,,
76.085,lost,,,,
76.095,lost,,,,
76.104,lost,,,,
76.113,lost,,,,
76.123,lost,,,,
76.135,lost,,,,
76.144,lost,,,,
76.156,lost,,,,
76.165,lost,,,,
76.174,lost,,,,
76.183,lost,,,,
76.193,lost,,,,
76.205,lost,,,,
76.216,lost,,,,
76.227,lost,,,,
76.238,lost,,,,
76.247,lost,,,,
76.256,lost,,,,
76.266,lost,,,,
76.276,lost,,,,
76.286,lost,,,,
76.296,lost,,,,
76.308,lost,,,,
76.318,lost,,,,
76.327,lost,,,,
76.337,lost,,,,
76.346,lost,,,,
76.355,lost,,,,
76.367,lost,,,,
76.377,lost,,,,
76.386,lost,,,,
76.397,lost,,,,
76.407,lost,,,,
76.416,lost,,,,
76.425,lost,,,,
76.435,lost,,,,
76.447,lost,,,,
76.456,lost,,,,
76.466,lost,,,,
76.477,lost,,,,
76.490,lost,,,,
76.498,lost,,,,
76.508,lost,,,,
76.516,lost,,,,
76.524,lost,,,,
76.534,lost,,,,
76.542,lost,,,,
76.552,lost,,,,
76.562,lost,,,,
76.572,lost,,,,
76.582,lost,,,,
76.591,lost,,,,
76.600,lost,,,,
76.609,lost,,,,
76.619,lost,,,,
76.630,lost,,,,
76.641,lost,,,,
76.652,lost,,,,
76.661,lost,,,,
76.671,lost,,,,
76.680,lost,,,,
76.689,lost,,,,
76.699,lost,,,,
76.710,lost,,,,
76.722,lost,,,,
76.732,lost,,,,
76.740,lost,,,,
76.749,lost,,,,
76.758,lost,,,,
76.768,lost,,,,
76.777,lost,,,,
76.788,lost,,,,
76.799,lost,,,,
76.810,lost,,,,
76.823,lost,,,,
76.835,lost,,,,
76.845,lost,,,,
76.855,lost,,,,
76.864,lost,,,,
76.877,lost,,,,
76.889,lost,,,,
76.902,lost,,,,
76.911,lost,,,,
76.921,lost,,,,
76.929,lost,,,,
76.940,lost,,,,
76.951,lost,,,,
76.961,lost,,,,
76.972,lost,,,,
76.980,lost,,,,
76.989,lost,,,,
76.997,lost,,,,
77.006,lost,,,,
77.018,lost,,,,
77.028,lost,,,,
77.037,lost,,,,
77.046,lost,,,,
77.056,lost,,,,
77.066,lost,,,,
77.075,lost,,,,
77.085,lost,,,,
77.093,lost,,,,
77.103,lost,,,,
77.114,lost,,,,
77.124,lost,,,,
77.135,lost,,,,
77.146,lost,,,,
77.156,lost,,,,
77.166,lost,,,,
77.177,lost,,,,
77.190,lost,,,,
77.204,lost,,,,
77.217,lost,,,,
77.229,lost,,,,
77.241,lost,,,,
77.251,lost,,,,
77.260,lost,,,,
77.270,lost,,,,
77.281,lost,,,,
77.292,lost,,,,
77.302,lost,,,,
77.310,lost,,,,
77.318,lost,,,,
77.326,lost,,,,
77.336,lost,,,,
77.348,lost,,,,
77.359,lost,,,,
77.369,lost,,,,
77.379,lost,,,,
77.390,lost,,,,
77.402,lost,,,,
77.410,lost,,,,
77.418,lost,,,,
77.427,lost,,,,
77.436,lost,,,,
77.444,lost,,,,
77.454,lost,,,,
77.463,lost,,,,
77.472,lost,,,,
77.479,lost,,,,
77.489,lost,,,,
77.500,lost,,,,
77.508,lost,,,,
77.517,lost,,,,
77.526,lost,,,,
77.534,lost,,,,
77.544,lost,,,,
77.554,lost,,,,
77.562,lost,,,,
77.571,lost,,,,
77.580,lost,,,,
77.589,lost,,,,
77.599,lost,,,,
77.608,lost,,,,
77.616,lost,,,,
77.626,lost,,,,
77.637,lost,,,,
77.648,lost,,,,
77.658,lost,,,,
77.667,lost,,,,
77.676,lost,,,,
77.686,lost,,,,
77.695,lost,,,,
77.705,lost,,,,
77.714,lost,,,,
77.725,lost,,,,
77.736,lost,,,,
77.747,lost,,,,
77.758,lost,,,,
77.769,lost,,,,
77.777,lost,,,,
77.787,lost,,,,
77.796,lost,,,,
77.808,lost,,,,
77.819,lost,,,,
77.828,lost,,,,
77.839,lost,,,,
77.848,lost,,,,
77.858,lost,,,,
77.870,lost,,,,
77.878,lost,,,,
77.887,lost,,,,
77.895,lost,,,,
77.904,lost,,,,
77.913,lost,,,,
77.923,lost,,,,
77.933,lost,,,,
77.942,lost,,,,
77.952,lost,,,,
77.962,lost,,,,
77.971,lost,,,,
77.981,lost,,,,
77.990,lost,,,,
77.999,lost,,,,
78.009,lost,,,,
78.019,lost,,,,
78.027,lost,,,,
78.036,lost,,,,
78.044,lost,,,,
78.052,lost,,,,
78.061,lost,,,,
78.071,lost,,,,
78.082,lost,,,,
78.092,lost,,,,
78.101,lost,,,,
78.112,lost,,,,
78.124,lost,,,,
78.133,lost,,,,
78.143,lost,,,,
78.151,lost,,,,
78.161,lost,,,,
78.170,lost,,,,
78.179,lost,,,,
78.190,lost,,,,
78.200,lost,,,,
78.211,lost,,,,
78.223,lost,,,,
78.232,lost,,,,
78.240,lost,,,,
78.248,lost,,,,
78.257,lost,,,,
78.267,lost,,,,
78.277,lost,,,,
78.285,lost,,,,
78.294,lost,,,,
78.303,lost,,,,
78.312,lost,,,,
78.322,lost,,,,
78.332,lost,,,,
78.341,lost,,,,
78.350,lost,,,,
78.359,lost,,,,
78.369,lost,,,,
78.376,lost,,,,
78.388,lost,,,,
78.398,lost,,,,
78.408,lost,,,,
78.417,lost,,,,
78.426,lost,,,,
78.436,lost,,,,
78.445,lost,,,,
78.454,lost,,,,
78.462,lost,,,,
78.470,lost,,,,
78.481,lost,,,,
78.490,lost,,,,
78.497,lost,,,,
78.506,lost,,,,
78.514,lost,,,,
78.523,lost,,,,
78.534,lost,,,,
78.544,lost,,,,
78.554,lost,,,,
78.562,lost,,,,
78.571,lost,,,,
78.580,lost,,,,
78.591,lost,,,,
78.601,lost,,,,
78.609,lost,,,,
78.618,lost,,,,
78.627,lost,,,,
78.636,lost,,,,
78.645,lost,,,,
78.656,lost,,,,
78.666,lost,,,,
78.676,lost,,,,
78.686,lost,,,,
78.696,lost,,,,
78.707,lost,,,,
78.715,lost,,,,
78.723,lost,,,,
78.730,lost,,,,
78.739,lost,,,,
78.749,lost,,,,
78.759,lost,,,,
78.768,lost,,,,
78.777,lost,,,,
78.787,lost,,,,
78.797,lost,,,,
78.807,lost,,,,
78.814,lost,,,,
78.822,lost,,,,
78.828,lost,,,,
78.836,lost,,,,
78.846,lost,,,,
78.856,lost,,,,
78.865,lost,,,,
78.874,lost,,,,
78.882,lost,,,,
78.891,lost,,,,
78.901,lost,,,,
78.911,lost,,,,
78.921,lost,,,,
78.931,lost,,,,
78.941,lost,,,,
78.950,lost,,,,
78.960,lost,,,,
78.972,lost,,,,
78.981,lost,,,,
78.992,lost,,,,
79.004,lost,,,,
79.015,lost,,,,
79.025,lost,,,,
79.036,lost,,,,
79.046,lost,,,,
79.055,lost,,,,
79.067,lost,,,,
79.077,lost,,,,
79.086,lost,,,,
79.095,lost,,,,
79.103,lost,,,,
79.113,lost,,,,
79.123,lost,,,,
79.134,lost,,,,
79.145,lost,,,,
79.155,lost,,,,
79.167,lost,,,,
79.177,lost,,,,
79.187,lost,,,,
79.195,lost,,,,
79.206,lost,,,,
79.217,lost,,,,
79.226,lost,,,,
79.238,lost,,,,
79.248,lost,,,,
79.260,lost,,,,
79.275,lost,,,,
79.287,lost,,,,
79.298,lost,,,,
79.310,lost,,,,
79.323,lost,,,,
79.335,lost,,,,
79.345,lost,,,,
79.357,lost,,,,
79.370,lost,,,,
79.381,lost,,,,
79.392,lost,,,,
79.404,lost,,,,
79.417,lost,,,,
79.428,lost,,,,
79.441,lost,,,,
79.454,lost,,,,
79.468,lost,,,,
79.479,lost,,,,
79.491,lost,,,,
79.502,lost,,,,
79.514,lost,,,,
79.526,lost,,,,
79.537,lost,,,,
79.547,lost,,,,
79.557,lost,,,,
79.572,lost,,,,
79.584,lost,,,,
79.596,lost,,,,
79.608,lost,,,,
79.620,lost,,,,
79.630,lost,,,,
79.645,lost,,,,
79.657,lost,,,,
79.669,lost,,,,
79.681,lost,,,,
79.693,lost,,,,
79.705,lost,,,,
79.718,lost,,,,
79.728,lost,,,,
79.739,lost,,,,
79.752,lost,,,,
79.762,lost,,,,
79.775,lost,,,,
79.788,lost,,,,
79.799,lost,,,,
79.809,lost,,,,
79.821,lost,,,,
79.834,lost,,,,
79.845,lost,,,,
79.857,lost,,,,
79.868,lost,,,,
79.881,lost,,,,
79.893,lost,,,,
79.906,lost,,,,
79.916,lost,,,,
79.927,lost,,,,
79.940,lost,,,,
79.952,lost,,,,
79.961,lost,,,,
79.972,lost,,,,
79.986,lost,,,,
79.999,lost,,,,
80.010,lost,,,,
80.021,lost,,,,
80.032,lost,,,,
80.047,lost,,,,
80.058,lost,,,,
80.069,lost,,,,
80.081,lost,,,,
80.093,lost,,,,
80.106,lost,,,,
80.118,lost,,,,
80.129,lost,,,,
80.141,lost,,,,
80.154,lost,,,,
80.164,lost,,,,
80.176,lost,,,,
80.188,lost,,,,
80.202,lost,,,,
80.213,lost,,,,
80.225,lost,,,,
80.239,lost,,,,
80.252,lost,,,,
80.263,lost,,,,
80.275,lost,,,,
80.286,lost,,,,
80.299,lost,,,,
80.309,lost,,,,
80.320,lost,,,,
80.332,lost,,,,
80.342,lost,,,,
80.354,lost,,,,
80.364,lost,,,,
80.374,lost,,,,
80.385,lost,,,,
80.397,lost,,,,
80.408,lost,,,,
80.419,lost,,,,
80.429,lost,,,,
80.441,lost,,,,
80.453,lost,,,,
80.463,lost,,,,
80.475,lost,,,,
80.487,lost,,,,
80.500,lost,,,,
80.511,lost,,,,
80.522,lost,,,,
80.532,lost,,,,
80.543,lost,,,,
80.556,lost,,,,
80.569,lost,,,,
80.579,lost,,,,
80.590,lost,,,,
80.602,lost,,,,
80.613,lost,,,,
80.624,lost,,,,
80.636,lost,,,,
80.648,lost,,,,
80.660,lost,,,,
80.672,lost,,,,
80.682,lost,,,,
80.692,lost,,,,
80.704,lost,,,,
80.717,lost,,,,
80.728,lost,,,,
80.740,lost,,,,
80.754,lost,,,,
80.767,lost,,,,
80.778,lost,,,,
80.791,lost,,,,
80.804,lost,,,,
80.816,lost,,,,
80.828,lost,,,,
80.841,lost,,,,
80.852,lost,,,,
80.864,lost,,,,
80.876,lost,,,,
80.888,lost,,,,
80.900,lost,,,,
80.913,lost,,,,
80.926,lost,,,,
80.938,lost,,,,
80.950,lost,,,,
80.963,lost,,,,
80.975,lost,,,,
80.986,lost,,,,
80.996,lost,,,,
81.010,lost,,,,
81.020,lost,,,,
81.030,lost,,,,
81.042,lost,,,,
81.057,lost,,,,
81.069,lost,,,,
81.081,lost,,,,
81.092,lost,,,,
81.104,lost,,,,
81.117,lost,,,,
81.128,lost,,,,
81.140,lost,,,,
81.152,lost,,,,
81.163,lost,,,,
81.174,lost,,,,
81.185,lost,,,,
81.198,lost,,,,
81.210,lost,,,,
81.220,lost,,,,
81.235,lost,,,,
81.249,lost,,,,
81.259,lost,,,,
81.269,lost,,,,
81.282,lost,,,,
81.297,lost,,,,
81.308,lost,,,,
81.319,lost,,,,
81.332,lost,,,,
81.344,lost,,,,
81.357,lost,,,,
81.369,lost,,,,
81.380,lost,,,,
81.392,lost,,,,
81.407,lost,,,,
81.419,lost,,,,
81.431,lost,,,,
81.444,lost,,,,
81.456,lost,,,,
81.468,lost,,,,
81.479,lost,,,,
81.489,lost,,,,
81.502,lost,,,,
81.513,lost,,,,
81.524,lost,,,,
81.534,lost,,,,
81.545,lost,,,,
81.558,lost,,,,
81.571,lost,,,,
81.582,lost,,,,
81.592,lost,,,,
81.605,lost,,,,
81.618,lost,,,,
81.629,lost,,,,
81.641,lost,,,,
81.656,lost,,,,
81.669,lost,,,,
81.680,lost,,,,
81.693,lost,,,,
81.705,lost,,,,
81.717,lost,,,,
81.729,lost,,,,
81.739,lost,,,,
81.751,lost,,,,
81.763,lost,,,,
81.776,lost,,,,
81.787,lost,,,,
81.797,lost,,,,
81.809,lost,,,,
81.822,lost,,,,
81.831,lost,,,,
81.842,lost,,,,
81.854,lost,,,,
81.866,lost,,,,
81.876,lost,,,,
81.887,lost,,,,
81.898,lost,,,,
81.910,lost,,,,
81.922,lost,,,,
81.934,lost,,,,
81.945,lost,,,,
81.957,lost,,,,
81.970,lost,,,,
81.980,lost,,,,
81.992,lost,,,,
82.003,lost,,,,
82.015,lost,,,,
82.028,lost,,,,
82.039,lost,,,,
82.051,lost,,,,
82.063,lost,,,,
82.076,lost,,,,
82.087,lost,,,,
82.100,lost,,,,
82.112,lost,,,,
82.126,lost,,,,
82.137,lost,,,,
82.146,lost,,,,
82.159,lost,,,,
82.172,lost,,,,
82.184,lost,,,,
82.194,lost,,,,
82.207,lost,,,,
82.221,lost,,,,
82.234,lost,,,,
82.245,lost,,,,
82.257,lost,,,,
82.270,lost,,,,
82.282,lost,,,,
82.296,lost,,,,
82.307,lost,,,,
82.319,lost,,,,
82.331,lost,,,,
82.342,lost,,,,
82.353,lost,,,,
82.364,lost,,,,
82.377,lost,,,,
82.389,lost,,,,
82.401,lost,,,,
82.412,lost,,,,
82.422,lost,,,,
82.435,lost,,,,
82.448,lost,,,,
82.462,lost,,,,
82.471,lost,,,,
82.480,lost,,,,
82.489,lost,,,,
82.497,lost,,,,
82.506,lost,,,,
82.514,lost,,,,
82.523,lost,,,,
82.531,lost,,,,
82.540,lost,,,,
82.548,lost,,,,
82.557,lost,,,,
82.565,lost,,,,
82.574,lost,,,,
82.582,lost,,,,
82.591,lost,,,,
82.599,lost,,,,
82.608,lost,,,,
82.616,lost,,,,
82.624,lost,,,,
82.633,lost,,,,
82.642,lost,,,,
82.650,lost,,,,
82.658,lost,,,,
82.667,lost,,,,
82.675,lost,,,,
82.684,lost,,,,
82.692,lost,,,,
82.700,lost,,,,
82.708,lost,,,,
82.717,lost,,,,
82.726,lost,,,,
82.736,lost,,,,
82.745,lost,,,,
82.753,lost,,,,
82.761,lost,,,,
82.769,lost,,,,
82.777,lost,,,,
82.786,lost,,,,
82.795,lost,,,,
82.803,lost,,,,
82.811,lost,,,,
82.820,lost,,,,
82.828,lost,,,,
82.837,lost,,,,
82.845,lost,,,,
82.854,lost,,,,
82.862,lost,,,,
82.870,lost,,,,
82.879,lost,,,,
82.887,lost,,,,
82.896,lost,,,,
82.905,lost,,,,
82.918,lost,,,,
82.930,lost,,,,
82.941,lost,,,,
82.952,lost,,,,
82.960,lost,,,,
82.969,lost,,,,
82.977,lost,,,,
82.985,lost,,,,
82.994,lost,,,,
83.002,lost,,,,
83.010,lost,,,,
83.019,lost,,,,
83.027,lost,,,,
83.036,lost,,,,
83.044,lost,,,,
83.053,lost,,,,
83.061,lost,,,,
83.069,lost,,,,
83.077,lost,,,,
83.086,lost,,,,
83.094,lost,,,,
83.102,lost,,,,
83.111,lost,,,,
83.119,lost,,,,
83.127,lost,,,,
83.136,lost,,,,
83.144,lost,,,,
83.152,lost,,,,
83.160,lost,,,,
83.169,lost,,,,
83.177,lost,,,,
83.185,lost,,,,
83.193,lost,,,,
83.202,lost,,,,
83.210,lost,,,,
83.218,lost,,,,
83.226,lost,,,,
83.234,lost,,,,
83.242,lost,,,,
83.251,lost,,,,
83.259,lost,,,,
83.267,lost,,,,
83.275,lost,,,,
83.283,lost,,,,
83.291,lost,,,,
83.299,lost,,,,
83.307,lost,,,,
83.316,lost,,,,
83.324,lost,,,,
83.332,lost,,,,
83.340,lost,,,,
83.348,lost,,,,
83.356,lost,,,,
83.364,lost,,,,
83.372,lost,,,,
83.380,lost,,,,
83.388,lost,,,,
83.396,lost,,,,
83.404,lost,,,,
83.412,lost,,,,
83.419,lost,,,,
83.427,lost,,,,
83.435,lost,,,,
83.443,lost,,,,
83.452,lost,,,,
83.460,lost,,,,
83.468,lost,,,,
83.476,lost,,,,
83.484,lost,,,,
83.493,lost,,,,
83.501,lost,,,,
83.509,lost,,,,
83.517,lost,,,,
83.525,lost,,,,
83.533,lost,,,,
83.541,lost,,,,
83.549,lost,,,,
83.557,lost,,,,
83.565,lost,,,,
83.573,lost,,,,
83.581,lost,,,,
83.590,lost,,,,
83.598,lost,,,,
83.606,lost,,,,
83.614,lost,,,,
83.622,lost,,,,
83.630,lost,,,,
83.638,lost,,,,
83.646,lost,,,,
83.654,lost,,,,
83.662,lost,,,,
83.670,lost,,,,
83.678,lost,,,,
83.687,lost,,,,
83.695,lost,,,,
83.703,lost,,,,
83.711,lost,,,,
83.719,lost,,,,
83.727,lost,,,,
83.736,lost,,,,
83.744,lost,,,,
83.752,lost,,,,
83.760,lost,,,,
83.768,lost,,,,
83.776,lost,,,,
83.784,lost,,,,
83.792,lost,,,,
83.800,lost,,,,
83.808,lost,,,,
83.816,lost,,,,
83.824,lost,,,,
83.832,lost,,,,
83.840,lost,,,,
83.849,lost,,,,
83.857,lost,,,,
83.865,lost,,,,
83.873,lost,,,,
83.881,lost,,,,
83.889,lost,,,,
83.897,lost,,,,
83.905,lost,,,,
83.913,lost,,,,
83.922,lost,,,,
83.930,lost,,,,
83.938,lost,,,,
83.946,lost,,,,
83.954,lost,,,,
83.962,lost,,,,
83.970,lost,,,,
83.978,lost,,,,
83.986,lost,,,,
83.994,lost,,,,
84.003,lost,,,,
84.011,lost,,,,
84.019,lost,,,,
84.027,lost,,,,
84.035,lost,,,,
84.043,lost,,,,
84.051,lost,,,,
84.059,lost,,,,
84.068,lost,,,,
84.076,lost,,,,
84.084,lost,,,,
84.092,lost,,,,
84.100,lost,,,,
84.108,lost,,,,
84.116,lost,,,,
84.124,lost,,,,
84.132,lost,,,,
84.141,lost,,,,
84.149,lost,,,,
84.157,lost,,,,
84.165,lost,,,,
84.173,lost,,,,
84.181,lost,,,,
84.189,lost,,,,
84.197,lost,,,,
84.205,lost,,,,
84.213,lost,,,,
84.222,lost,,,,
84.230,lost,,,,
84.238,lost,,,,
84.245,lost,,,,
84.253,lost,,,,
84.260,lost,,,,
84.267,lost,,,,
84.274,lost,,,,
84.282,lost,,,,
84.289,lost,,,,
84.296,lost,,,,
84.304,lost,,,,
84.312,lost,,,,
84.321,lost,,,,
84.329,lost,,,,
84.337,lost,,,,
84.345,lost,,,,
84.353,lost,,,,
84.361,lost,,,,
84.368,lost,,,,
84.375,lost,,,,
84.383,lost,,,,
84.390,lost,,,,
84.397,lost,,,,
84.405,lost,,,,
84.412,lost,,,,
84.419,lost,,,,
84.426,lost,,,,
84.434,lost,,,,
84.441,lost,,,,
84.449,lost,,,,
84.456,lost,,,,
84.464,lost,,,,
84.471,lost,,,,
84.479,lost,,,,
84.486,lost,,,,
84.494,lost,,,,
84.501,lost,,,,
84.509,lost,,,,
84.516,lost,,,,
84.524,lost,,,,
84.531,lost,,,,
84.538,lost,,,,
84.545,lost,,,,
84.553,lost,,,,
84.560,lost,,,,
84.567,lost,,,,
84.575,lost,,,,
84.583,lost,,,,
84.590,lost,,,,
84.597,lost,,,,
84.605,lost,,,,
84.612,lost,,,,
84.619,lost,,,,
84.626,lost,,,,
84.634,lost,,,,
84.641,lost,,,,
84.648,lost,,,,
84.656,lost,,,,
84.663,lost,,,,
84.670,lost,,,,
84.677,lost,,,,
84.685,lost,,,,
84.692,lost,,,,
84.699,lost,,,,
84.706,lost,,,,
84.714,lost,,,,
84.721,lost,,,,
84.728,lost,,,,
84.735,lost,,,,
84.743,lost,,,,
84.750,lost,,,,
84.757,lost,,,,
84.765,lost,,,,
84.772,lost,,,,
84.779,lost,,,,
84.787,lost,,,,
84.794,lost,,,,
84.801,lost,,,,
84.809,lost,,,,
84.816,lost,,,,
84.824,lost,,,,
84.831,lost,,,,
84.838,lost,,,,
84.845,lost,,,,
84.853,lost,,,,
84.860,lost,,,,
84.867,lost,,,,
84.874,lost,,,,
84.882,lost,,,,
84.889,lost,,,,
84.896,lost,,,,
84.904,lost,,,,
84.911,lost,,,,
84.918,lost,,,,
84.926,lost,,,,
84.933,lost,,,,
84.941,lost,,,,
84.948,lost,,,,
84.955,lost,,,,
84.962,lost,,,,
84.969,lost,,,,
84.977,lost,,,,
84.984,lost,,,,
84.991,lost,,,,
84.999,lost,,,,
85.006,lost,,,,
85.013,lost,,,,
85.020,lost,,,,
85.027,lost,,,,
85.035,lost,,,,
85.042,lost,,,,
85.049,lost,,,,
85.056,lost,,,,
85.064,lost,,,,
85.071,lost,,,,
85.078,lost,,,,
85.085,lost,,,,
85.092,lost,,,,
85.100,lost,,,,
85.107,lost,,,,
85.114,lost,,,,
85.122,lost,,,,
85.129,lost,,,,
85.136,lost,,,,
85.143,lost,,,,
85.151,lost,,,,
85.158,lost,,,,
85.165,lost,,,,
85.173,lost,,,,
85.180,lost,,,,
85.187,lost,,,,
85.194,lost,,,,
85.202,lost,,,,
85.209,lost,,,,
85.216,lost,,,,
85.223,lost,,,,
85.231,lost,,,,
85.238,lost,,,,
85.245,lost,,,,
85.252,lost,,,,
85.260,lost,,,,
85.267,lost,,,,
85.274,lost,,,,
85.282,lost,,,,
85.289,lost,,,,
85.296,lost,,,,
85.303,lost,,,,
85.311,lost,,,,
85.318,lost,,,,
85.325,lost,,,,
85.332,lost,,,,
85.340,lost,,,,
85.347,lost,,,,
85.354,lost,,,,
85.361,lost,,,,
85.369,lost,,,,
85.377,lost,,,,
85.384,lost,,,,
85.392,lost,,,,
85.400,lost,,,,
85.407,lost,,,,
85.414,lost,,,,
85.422,lost,,,,
85.429,lost,,,,
85.437,lost,,,,
85.444,lost,,,,
85.452,lost,,,,
85.459,lost,,,,
85.467,lost,,,,
85.474,lost,,,,
85.482,lost,,,,
85.489,lost,,,,
85.496,lost,,,,
85.504,lost,,,,
85.511,lost,,,,
85.519,lost,,,,
85.526,lost,,,,
85.533,lost,,,,
85.540,lost,,,,
85.548,lost,,,,
85.555,lost,,,,
85.562,lost,,,,
85.569,lost,,,,
85.577,lost,,,,
85.584,lost,,,,
85.591,lost,,,,
85.600,lost,,,,
85.608,lost,,,,
85.615,lost,,,,
85.624,lost,,,,
85.632,lost,,,,
85.640,lost,,,,
85.647,lost,,,,
85.655,lost,,,,
85.662,lost,,,,
85.670,lost,,,,
85.678,lost,,,,
85.686,lost,,,,
85.694,lost,,,,
85.702,lost,,,,
85.709,lost,,,,
85.717,lost,,,,
85.725,lost,,,,
85.733,lost,,,,
85.741,lost,,,,
85.749,lost,,,,
85.757,lost,,,,
85.765,lost,,,,
85.772,lost,,,,
85.780,lost,,,,
85.787,lost,,,,
85.796,lost,,,,
85.804,lost,,,,
85.812,lost,,,,
85.820,lost,,,,
85.828,lost,,,,
85.836,lost,,,,
85.844,lost,,,,
85.852,lost,,,,
85.859,lost,,,,
85.867,lost,,,,
85.874,lost,,,,
85.884,lost,,,,
85.894,lost,,,,
85.902,lost,,,,
85.911,lost,,,,
85.921,lost,,,,
85.930,lost,,,,
85.940,lost,,,,
85.948,lost,,,,
85.959,lost,,,,
85.966,lost,,,,
85.975,lost,,,,
85.983,lost,,,,
85.992,lost,,,,
85.999,lost,,,,
86.009,lost,,,,
86.018,lost,,,,
86.026,lost,,,,
86.036,lost,,,,
86.044,lost,,,,
86.053,lost,,,,
86.061,lost,,,,
86.069,lost,,,,
86.078,lost,,,,
86.086,lost,,,,
86.094,lost,,,,
86.105,lost,,,,
86.113,lost,,,,
86.121,lost,,,,
86.129,lost,,,,
86.137,lost,,,,
86.145,lost,,,,
86.153,lost,,,,
86.161,lost,,,,
86.169,lost,,,,
86.177,lost,,,,
86.185,lost,,,,
86.193,lost,,,,
86.201,lost,,,,
86.210,lost,,,,
86.218,lost,,,,
86.226,lost,,,,
86.234,lost,,,,
86.242,lost,,,,
86.250,lost,,,,
86.258,lost,,,,
86.267,lost,,,,
86.275,lost,,,,
86.283,lost,,,,
86.292,lost,,,,
86.300,lost,,,,
86.309,lost,,,,
86.317,lost,,,,
86.325,lost,,,,
86.334,lost,,,,
86.342,lost,,,,
86.350,lost,,,,
86.358,lost,,,,
86.366,lost,,,,
86.375,lost,,,,
86.383,lost,,,,
86.392,lost,,,,
86.400,lost,,,,
86.408,lost,,,,
86.417,lost,,,,
86.425,lost,,,,
86.433,lost,,,,
86.442,lost,,,,
86.450,lost,,,,
86.458,lost,,,,
86.467,lost,,,,
86.475,lost,,,,
86.484,lost,,,,
86.493,lost,,,,
86.501,lost,,,,
86.509,lost,,,,
86.518,lost,,,,
86.526,lost,,,,
86.534,lost,,,,
86.543,lost,,,,
86.551,lost,,,,
86.559,lost,,,,
86.567,lost,,,,
86.576,lost,,,,
86.584,lost,,,,
86.592,lost,,,,
86.601,lost,,,,
86.609,lost,,,,
86.617,lost,,,,
86.625,lost,,,,
86.634,lost,,,,
86.642,lost,,,,
86.650,lost,,,,
86.658,lost,,,,
86.667,lost,,,,
86.675,lost,,,,
86.684,lost,,,,
86.692,lost,,,,
86.700,lost,,,,
86.709,lost,,,,
86.717,lost,,,,
86.725,lost,,,,
86.734,lost,,,,
86.742,lost,,,,
86.750,lost,,,,
86.758,lost,,,,
86.767,lost,,,,
86.777,lost,,,,
86.788,lost,,,,
86.798,lost,,,,
86.807,lost,,,,
86.815,lost,,,,
86.822,lost,,,,
86.830,lost,,,,
86.837,lost,,,,
86.846,lost,,,,
86.854,lost,,,,
86.863,lost,,,,
86.871,lost,,,,
86.879,lost,,,,
86.887,lost,,,,
86.894,lost,,,,
86.902,lost,,,,
86.910,lost,,,,
86.921,lost,,,,
86.929,lost,,,,
87.182,lost,,,,
87.195,lost,,,,
87.207,lost,,,,
87.218,lost,,,,
87.229,lost,,,,
87.241,lost,,,,
87.250,lost,,,,
87.259,lost,,,,
87.268,lost,,,,
87.277,lost,,,,
87.286,lost,,,,
87.294,lost,,,,
87.303,lost,,,,
87.312,lost,,,,
87.320,lost,,,,
87.329,lost,,,,
87.338,lost,,,,
87.346,lost,,,,
87.357,lost,,,,
87.366,lost,,,,
87.375,lost,,,,
87.383,lost,,,,
87.392,lost,,,,
87.400,lost,,,,
87.413,lost,,,,
87.424,lost,,,,
87.434,lost,,,,
87.442,lost,,,,
87.451,lost,,,,
87.458,lost,,,,
87.467,lost,,,,
87.474,lost,,,,
87.482,lost,,,,
87.490,lost,,,,
87.501,lost,,,,
87.510,lost,,,,
87.521,lost,,,,
87.528,lost,,,,
87.537,lost,,,,
87.545,lost,,,,
87.554,lost,,,,
87.562,lost,,,,
87.571,lost,,,,
87.579,lost,,,,
87.588,lost,,,,
87.830,lost,,,,
87.839,lost,,,,
87.848,lost,,,,
87.857,lost,,,,
87.865,lost,,,,
87.875,lost,,,,
87.888,lost,,,,
87.901,lost,,,,
87.914,lost,,,,
87.923,lost,,,,
87.931,lost,,,,
87.940,lost,,,,
87.949,lost,,,,
87.957,lost,,,,
87.965,lost,,,,
87.977,lost,,,,
87.985,lost,,,,
87.995,lost,,,,
88.006,lost,,,,
88.017,lost,,,,
88.024,lost,,,,
88.032,lost,,,,
88.039,lost,,,,
88.047,lost,,,,
88.055,lost,,,,
88.062,lost,,,,
88.071,lost,,,,
88.079,lost,,,,
88.090,lost,,,,
88.098,lost,,,,
88.107,lost,,,,
88.114,lost,,,,
88.122,lost,,,,
88.129,lost,,,,
88.137,lost,,,,
88.145,lost,,,,
88.153,lost,,,,
88.161,lost,,,,
88.168,lost,,,,
88.176,lost,,,,
88.183,lost,,,,
88.191,lost,,,,
88.199,lost,,,,
88.206,lost,,,,
88.214,lost,,,,
88.222,lost,,,,
88.230,lost,,,,
88.238,lost,,,,
88.246,lost,,,,
88.254,lost,,,,
88.265,lost,,,,
88.272,lost,,,,
88.280,lost,,,,
88.288,lost,,,,
88.295,lost,,,,
88.303,lost,,,,
88.310,lost,,,,
88.318,lost,,,,
88.326,lost,,,,
88.334,lost,,,,
88.341,lost,,,,
88.350,lost,,,,
88.358,lost,,,,
88.367,lost,,,,
88.375,lost,,,,
88.382,lost,,,,
88.390,lost,,,,
88.398,lost,,,,
88.406,lost,,,,
88.413,lost,,,,
88.421,lost,,,,
88.429,lost,,,,
88.437,lost,,,,
88.445,lost,,,,
88.453,lost,,,,
88.460,lost,,,,
88.468,lost,,,,
88.475,lost,,,,
88.484,lost,,,,
88.492,lost,,,,
88.500,lost,,,,
88.507,lost,,,,
88.515,lost,,,,
88.523,lost,,,,
88.531,lost,,,,
88.540,lost,,,,
88.548,lost,,,,
88.557,lost,,,,
88.565,lost,,,,
88.573,lost,,,,
88.582,lost,,,,
88.591,lost,,,,
88.599,lost,,,,
88.608,lost,,,,
88.616,lost,,,,
88.624,lost,,,,
88.633,lost,,,,
88.641,lost,,,,
88.651,lost,,,,
88.659,lost,,,,
88.668,lost,,,,
88.676,lost,,,,
88.685,lost,,,,
88.693,lost,,,,
88.702,lost,,,,
88.710,lost,,,,
88.719,lost,,,,
88.728,lost,,,,
88.737,lost,,,,
88.745,lost,,,,
88.753,lost,,,,
88.761,lost,,,,
88.768,lost,,,,
88.776,lost,,,,
88.783,lost,,,,
88.791,lost,,,,
88.799,lost,,,,
88.806,lost,,,,
88.813,lost,,,,
88.821,lost,,,,
88.828,lost,,,,
88.837,lost,,,,
88.845,lost,,,,
88.853,lost,,,,
88.861,lost,,,,
88.869,lost,,,,
88.879,lost,,,,
88.888,lost,,,,
88.897,lost,,,,
88.906,lost,,,,
88.914,lost,,,,
88.923,lost,,,,
88.931,lost,,,,
88.940,lost,,,,
88.949,lost,,,,
88.958,lost,,,,
88.966,lost,,,,
88.975,lost,,,,
88.984,lost,,,,
88.992,lost,,,,
89.000,lost,,,,
89.008,lost,,,,
89.016,lost,,,,
89.025,lost,,,,
89.037,lost,,,,
89.049,lost,,,,
89.062,lost,,,,
89.075,lost,,,,
89.089,lost,,,,
89.101,lost,,,,
89.112,lost,,,,
89.126,lost,,,,
89.139,lost,,,,
89.151,lost,,,,
89.162,lost,,,,
89.172,lost,,,,
89.186,lost,,,,
89.195,lost,,,,
89.206,lost,,,,
89.217,lost,,,,
89.228,lost,,,,
89.238,lost,,,,
89.247,lost,,,,
89.258,lost,,,,
89.268,lost,,,,
89.278,lost,,,,
89.289,lost,,,,
89.300,lost,,,,
89.310,lost,,,,
89.323,lost,,,,
89.335,lost,,,,
89.348,lost,,,,
89.358,lost,,,,
89.370,lost,,,,
89.381,lost,,,,
89.392,lost,,,,
89.405,lost,,,,
89.417,lost,,,,
89.429,lost,,,,
89.442,lost,,,,
89.453,lost,,,,
89.463,lost,,,,
89.474,lost,,,,
89.486,lost,,,,
89.499,lost,,,,
89.512,lost,,,,
89.524,lost,,,,
89.539,lost,,,,
89.552,lost,,,,
89.564,lost,,,,
89.577,lost,,,,
89.592,lost,,,,
89.604,lost,,,,
89.615,lost,,,,
89.627,lost,,,,
89.639,lost,,,,
89.652,lost,,,,
89.666,lost,,,,
89.676,lost,,,,
89.688,lost,,,,
89.702,lost,,,,
89.715,lost,,,,
89.727,lost,,,,
89.739,lost,,,,
89.754,lost,,,,
89.765,lost,,,,
89.777,lost,,,,
89.788,lost,,,,
89.799,lost,,,,
89.811,lost,,,,
89.823,lost,,,,
89.837,lost,,,,
89.849,lost,,,,
89.861,lost,,,,
89.871,lost,,,,
89.881,lost,,,,
89.892,lost,,,,
89.909,lost,,,,
89.923,lost,,,,
89.937,lost,,,,
89.952,lost,,,,
89.963,lost,,,,
89.975,lost,,,,
89.987,lost,,,,
89.999,lost,,,,
90.012,lost,,,,
90.024,lost,,,,
90.035,lost,,,,
90.047,lost,,,,
90.059,lost,,,,
90.071,lost,,,,
90.086,lost,,,,
90.099,lost,,,,
90.111,lost,,,,
90.122,lost,,,,
90.135,lost,,,,
90.146,lost,,,,
90.156,lost,,,,
90.169,lost,,,,
90.183,lost,,,,
90.193,lost,,,,
90.204,lost,,,,
90.215,lost,,,,
90.227,lost,,,,
90.237,lost,,,,
90.250,lost,,,,
90.264,lost,,,,
90.276,lost,,,,
90.288,lost,,,,
90.299,lost,,,,
90.312,lost,,,,
90.324,lost,,,,
90.336,lost,,,,
90.346,lost,,,,
90.362,lost,,,,
90.375,lost,,,,
90.388,lost,,,,
90.401,lost,,,,
90.413,lost,,,,
90.426,lost,,,,
90.445,lost,,,,
90.458,lost,,,,
90.484,lost,,,,
90.501,lost,,,,
90.519,lost,,,,
90.531,lost,,,,
90.550,lost,,,,
90.566,lost,,,,
90.582,lost,,,,
90.599,lost,,,,
90.612,lost,,,,
90.627,lost,,,,
90.642,lost,,,,
90.657,lost,,,,
90.670,lost,,,,
90.681,lost,,,,
90.695,lost,,,,
90.705,lost,,,,
90.717,lost,,,,
90.728,lost,,,,
90.741,lost,,,,
90.755,lost,,,,
90.768,lost,,,,
90.781,lost,,,,
90.792,lost,,,,
90.803,lost,,,,
90.815,lost,,,,
90.828,lost,,,,
90.844,lost,,,,
90.857,lost,,,,
90.870,lost,,,,
90.882,lost,,,,
90.894,lost,,,,
90.907,lost,,,,
90.922,lost,,,,
90.935,lost,,,,
90.947,lost,,,,
90.958,lost,,,,
90.972,lost,,,,
90.984,lost,,,,
90.996,lost,,,,
91.011,lost,,,,
91.031,lost,,,,
91.055,lost,,,,
91.070,lost,,,,
91.081,lost,,,,
91.094,lost,,,,
91.108,lost,,,,
91.124,lost,,,,
91.138,lost,,,,
91.151,lost,,,,
91.163,lost,,,,
91.174,lost,,,,
91.186,lost,,,,
91.200,lost,,,,
91.212,lost,,,,
91.226,lost,,,,
91.240,lost,,,,
91.253,lost,,,,
91.265,lost,,,,
91.277,lost,,,,
91.291,lost,,,,
91.305,lost,,,,
91.318,lost,,,,
91.330,lost,,,,
91.344,lost,,,,
91.357,lost,,,,
91.371,lost,,,,
91.385,lost,,,,
91.398,lost,,,,
91.409,lost,,,,
91.420,lost,,,,
91.432,lost,,,,
91.445,lost,,,,
91.458,lost,,,,
91.474,lost,,,,
91.486,lost,,,,
91.498,lost,,,,
91.511,lost,,,,
91.523,lost,,,,
91.535,lost,,,,
91.546,lost,,,,
91.560,lost,,,,
91.575,lost,,,,
91.588,lost,,,,
91.600,lost,,,,
91.612,lost,,,,
91.624,lost,,,,
91.636,lost,,,,
91.650,lost,,,,
91.663,lost,,,,
91.676,lost,,,,
91.690,lost,,,,
91.702,lost,,,,
91.713,lost,,,,
91.727,lost,,,,
91.740,lost,,,,
91.756,lost,,,,
91.770,lost,,,,
91.781,lost,,,,
91.795,lost,,,,
91.808,lost,,,,
91.821,lost,,,,
91.835,lost,,,,
91.848,lost,,,,
91.861,lost,,,,
91.872,lost,,,,
91.885,lost,,,,
91.898,lost,,,,
91.910,lost,,,,
91.924,lost,,,,
91.940,lost,,,,
91.953,lost,,,,
91.966,lost,,,,
91.978,lost,,,,
91.992,lost,,,,
92.004,lost,,,,
92.017,lost,,,,
92.030,lost,,,,
92.043,lost,,,,
92.055,lost,,,,
92.069,lost,,,,
92.081,lost,,,,
92.096,lost,,,,
92.110,lost,,,,
92.121,lost,,,,
92.132,lost,,,,
92.146,lost,,,,
92.159,lost,,,,
92.172,lost,,,,
92.184,lost,,,,
92.198,lost,,,,
92.212,lost,,,,
92.224,lost,,,,
92.235,lost,,,,
92.247,lost,,,,
92.259,lost,,,,
92.273,lost,,,,
92.288,lost,,,,
92.299,lost,,,,
92.310,lost,,,,
92.324,lost,,,,
92.342,lost,,,,
92.360,lost,,,,
92.372,lost,,,,
92.386,lost,,,,
92.399,lost,,,,
92.414,lost,,,,
92.429,lost,,,,
92.443,lost,,,,
92.458,lost,,,,
92.471,lost,,,,
92.487,lost,,,,
92.503,lost,,,,
92.514,lost,,,,
92.525,lost,,,,
92.538,lost,,,,
92.551,lost,,,,
92.562,lost,,,,
92.573,lost,,,,
92.589,lost,,,,
92.604,lost,,,,
92.617,lost,,,,
92.628,lost,,,,
92.639,lost,,,,
92.653,lost,,,,
92.665,lost,,,,
92.678,lost,,,,
92.696,lost,,,,
92.712,lost,,,,
92.724,lost,,,,
92.736,lost,,,,
92.748,lost,,,,
92.761,lost,,,,
92.774,lost,,,,
92.787,lost,,,,
92.802,lost,,,,
92.815,lost,,,,
92.828,lost,,,,
92.843,lost,,,,
92.856,lost,,,,
92.868,lost,,,,
92.881,lost,,,,
92.895,lost,,,,
92.908,lost,,,,
92.923,lost,,,,
92.937,lost,,,,
92.951,lost,,,,
92.964,lost,,,,
92.977,lost,,,,
92.990,lost,,,,
93.003,lost,,,,
93.017,lost,,,,
93.031,lost,,,,
93.043,lost,,,,
93.054,lost,,,,
93.065,lost,,,,
93.077,lost,,,,
93.090,lost,,,,
93.104,lost,,,,
93.119,lost,,,,
93.131,lost,,,,
93.144,lost,,,,
93.156,lost,,,,
93.170,lost,,,,
93.186,lost,,,,
93.200,lost,,,,
93.215,lost,,,,
93.229,lost,,,,
93.244,lost,,,,
93.259,lost,,,,
93.271,lost,,,,
93.286,lost,,,,
93.299,lost,,,,
93.312,lost,,,,
93.325,lost,,,,
93.338,lost,,,,
93.351,lost,,,,
93.363,lost,,,,
93.375,lost,,,,
93.391,lost,,,,
93.405,lost,,,,
93.419,lost,,,,
93.431,lost,,,,
93.443,lost,,,,
93.457,lost,,,,
93.473,lost,,,,
93.486,lost,,,,
93.498,lost,,,,
93.510,lost,,,,
93.524,lost,,,,
93.537,lost,,,,
93.552,lost,,,,
93.566,lost,,,,
93.579,lost,,,,
93.591,lost,,,,
93.604,lost,,,,
93.615,lost,,,,
93.628,lost,,,,
93.641,lost,,,,
93.656,lost,,,,
93.670,lost,,,,
93.681,lost,,,,
93.693,lost,,,,
93.706,lost,,,,
93.718,lost,,,,
93.733,lost,,,,
93.745,lost,,,,
93.757,lost,,,,
93.770,lost,,,,
93.784,lost,,,,
93.797,lost,,,,
93.811,lost,,,,
93.828,lost,,,,
93.843,lost,,,,
93.858,lost,,,,
93.871,lost,,,,
93.882,lost,,,,
