elapsed_s,event,body_x,body_y,dist,tags_used
12.756,lost,,,,
12.807,lost,,,,
12.824,lost,,,,
12.839,lost,,,,
12.856,lost,,,,
12.869,lost,,,,
12.884,lost,,,,
12.900,lost,,,,
12.915,lost,,,,
12.927,lost,,,,
12.941,lost,,,,
12.956,lost,,,,
12.968,lost,,,,
12.980,lost,,,,
12.994,lost,,,,
13.007,lost,,,,
13.020,lost,,,,
13.032,lost,,,,
13.046,lost,,,,
13.059,lost,,,,
13.072,lost,,,,
13.086,lost,,,,
13.100,lost,,,,
13.112,lost,,,,
13.122,lost,,,,
13.135,lost,,,,
13.149,lost,,,,
13.162,lost,,,,
13.174,lost,,,,
13.188,lost,,,,
13.202,lost,,,,
13.215,lost,,,,
13.228,lost,,,,
13.240,lost,,,,
13.255,lost,,,,
13.271,lost,,,,
13.286,lost,,,,
13.298,lost,,,,
13.312,lost,,,,
13.326,lost,,,,
13.338,lost,,,,
13.351,lost,,,,
13.366,lost,,,,
13.378,lost,,,,
13.390,lost,,,,
13.403,lost,,,,
13.418,lost,,,,
13.431,lost,,,,
13.443,lost,,,,
13.457,lost,,,,
13.472,lost,,,,
13.488,lost,,,,
13.504,lost,,,,
13.521,lost,,,,
13.537,lost,,,,
13.552,lost,,,,
13.568,lost,,,,
13.582,lost,,,,
13.598,lost,,,,
13.610,lost,,,,
13.624,lost,,,,
13.639,lost,,,,
13.654,lost,,,,
13.666,lost,,,,
13.680,lost,,,,
13.692,lost,,,,
13.704,lost,,,,
13.717,lost,,,,
13.731,lost,,,,
13.743,lost,,,,
13.755,lost,,,,
13.767,lost,,,,
13.780,lost,,,,
13.797,lost,,,,
13.812,lost,,,,
13.828,lost,,,,
13.843,lost,,,,
13.856,lost,,,,
13.868,lost,,,,
13.882,lost,,,,
13.896,lost,,,,
13.909,lost,,,,
13.923,lost,,,,
13.938,lost,,,,
13.951,lost,,,,
13.964,lost,,,,
13.980,lost,,,,
13.992,lost,,,,
14.006,lost,,,,
14.018,lost,,,,
14.033,lost,,,,
14.045,lost,,,,
14.057,lost,,,,
14.071,lost,,,,
14.088,lost,,,,
14.101,lost,,,,
14.112,lost,,,,
14.126,lost,,,,
14.141,lost,,,,
14.155,lost,,,,
14.169,lost,,,,
14.184,lost,,,,
14.200,lost,,,,
14.214,lost,,,,
14.227,lost,,,,
14.240,lost,,,,
14.255,lost,,,,
14.268,lost,,,,
14.281,lost,,,,
14.294,lost,,,,
14.307,lost,,,,
14.321,lost,,,,
14.334,lost,,,,
14.347,lost,,,,
14.360,lost,,,,
14.373,lost,,,,
14.386,lost,,,,
14.402,lost,,,,
14.415,lost,,,,
14.427,lost,,,,
14.441,lost,,,,
14.455,lost,,,,
14.468,lost,,,,
14.479,lost,,,,
14.490,lost,,,,
14.502,lost,,,,
14.518,lost,,,,
14.533,lost,,,,
14.547,lost,,,,
14.561,lost,,,,
14.573,lost,,,,
14.586,lost,,,,
14.602,lost,,,,
14.614,lost,,,,
14.627,lost,,,,
14.642,lost,,,,
14.657,lost,,,,
14.668,lost,,,,
14.682,lost,,,,
14.695,lost,,,,
14.709,lost,,,,
14.721,lost,,,,
14.737,lost,,,,
14.751,lost,,,,
14.764,lost,,,,
14.777,lost,,,,
14.791,lost,,,,
14.807,lost,,,,
14.821,lost,,,,
14.834,lost,,,,
14.848,lost,,,,
14.860,lost,,,,
14.873,lost,,,,
14.887,lost,,,,
14.901,lost,,,,
14.914,lost,,,,
14.929,lost,,,,
14.943,lost,,,,
14.956,lost,,,,
14.968,lost,,,,
14.981,lost,,,,
14.994,lost,,,,
15.009,lost,,,,
15.022,lost,,,,
15.033,lost,,,,
15.047,lost,,,,
15.060,lost,,,,
15.075,lost,,,,
15.089,lost,,,,
15.102,lost,,,,
15.115,lost,,,,
15.129,lost,,,,
15.142,lost,,,,
15.158,lost,,,,
15.171,lost,,,,
15.185,lost,,,,
15.199,lost,,,,
15.212,lost,,,,
15.225,lost,,,,
15.238,lost,,,,
15.252,lost,,,,
15.267,lost,,,,
15.282,lost,,,,
15.295,lost,,,,
15.309,lost,,,,
15.323,lost,,,,
15.336,lost,,,,
15.349,lost,,,,
15.364,lost,,,,
15.376,lost,,,,
15.389,lost,,,,
15.402,lost,,,,
15.416,lost,,,,
15.429,lost,,,,
15.442,lost,,,,
15.456,lost,,,,
15.471,lost,,,,
15.487,lost,,,,
15.500,lost,,,,
15.515,lost,,,,
15.528,lost,,,,
15.541,lost,,,,
15.555,lost,,,,
15.569,lost,,,,
15.584,lost,,,,
15.599,lost,,,,
15.612,lost,,,,
15.626,lost,,,,
15.639,lost,,,,
15.650,lost,,,,
15.662,lost,,,,
15.674,lost,,,,
15.688,lost,,,,
15.701,lost,,,,
15.713,lost,,,,
15.727,lost,,,,
15.740,lost,,,,
15.752,lost,,,,
15.765,lost,,,,
15.779,lost,,,,
15.793,lost,,,,
15.806,lost,,,,
15.818,lost,,,,
15.831,lost,,,,
15.841,lost,,,,
15.857,lost,,,,
15.869,lost,,,,
15.883,lost,,,,
15.898,lost,,,,
15.911,lost,,,,
15.923,lost,,,,
15.935,lost,,,,
15.949,lost,,,,
15.961,lost,,,,
15.973,lost,,,,
15.984,lost,,,,
15.997,lost,,,,
16.011,lost,,,,
16.023,lost,,,,
16.038,lost,,,,
16.052,lost,,,,
16.068,lost,,,,
16.081,lost,,,,
16.094,lost,,,,
16.107,lost,,,,
16.120,lost,,,,
16.132,lost,,,,
16.142,lost,,,,
16.155,lost,,,,
16.169,lost,,,,
16.183,lost,,,,
16.194,lost,,,,
16.205,lost,,,,
16.217,lost,,,,
16.231,lost,,,,
16.242,lost,,,,
16.256,lost,,,,
16.269,lost,,,,
16.285,lost,,,,
16.297,lost,,,,
16.309,lost,,,,
16.321,lost,,,,
16.336,lost,,,,
16.347,lost,,,,
16.359,lost,,,,
16.371,lost,,,,
16.385,lost,,,,
16.400,lost,,,,
16.411,lost,,,,
16.424,lost,,,,
16.437,lost,,,,
16.449,lost,,,,
16.460,lost,,,,
16.472,lost,,,,
16.487,lost,,,,
16.503,lost,,,,
16.514,lost,,,,
16.526,lost,,,,
16.538,lost,,,,
16.552,lost,,,,
16.565,lost,,,,
16.575,lost,,,,
16.587,lost,,,,
16.600,lost,,,,
16.616,lost,,,,
16.627,lost,,,,
16.641,lost,,,,
16.654,lost,,,,
16.665,lost,,,,
16.676,lost,,,,
16.688,lost,,,,
16.702,lost,,,,
16.713,lost,,,,
16.725,lost,,,,
16.736,lost,,,,
16.752,lost,,,,
16.766,lost,,,,
16.776,lost,,,,
16.786,lost,,,,
16.798,lost,,,,
16.812,lost,,,,
16.825,lost,,,,
16.839,lost,,,,
16.851,lost,,,,
16.865,lost,,,,
16.876,lost,,,,
16.889,lost,,,,
16.903,lost,,,,
16.918,lost,,,,
16.929,lost,,,,
16.939,lost,,,,
16.951,lost,,,,
16.964,lost,,,,
16.976,lost,,,,
16.990,lost,,,,
17.001,lost,,,,
17.015,lost,,,,
17.028,lost,,,,
17.042,lost,,,,
17.056,lost,,,,
17.068,lost,,,,
17.081,lost,,,,
17.094,lost,,,,
17.105,lost,,,,
17.118,lost,,,,
17.131,lost,,,,
17.142,lost,,,,
17.154,lost,,,,
17.166,lost,,,,
17.182,lost,,,,
17.194,lost,,,,
17.205,lost,,,,
17.217,lost,,,,
17.227,lost,,,,
17.238,lost,,,,
17.253,lost,,,,
17.269,lost,,,,
17.281,lost,,,,
17.294,lost,,,,
17.306,lost,,,,
17.318,lost,,,,
17.331,lost,,,,
17.345,lost,,,,
17.356,lost,,,,
17.369,lost,,,,
17.381,lost,,,,
17.394,lost,,,,
17.407,lost,,,,
17.420,lost,,,,
17.432,lost,,,,
17.445,lost,,,,
17.460,lost,,,,
17.473,lost,,,,
17.484,lost,,,,
17.497,lost,,,,
17.510,lost,,,,
17.523,lost,,,,
17.534,lost,,,,
17.546,lost,,,,
17.558,lost,,,,
17.571,lost,,,,
17.583,lost,,,,
17.594,lost,,,,
17.607,lost,,,,
17.619,lost,,,,
17.632,lost,,,,
17.646,lost,,,,
17.660,lost,,,,
17.673,lost,,,,
17.684,lost,,,,
17.696,lost,,,,
17.708,lost,,,,
17.722,lost,,,,
17.735,lost,,,,
17.747,lost,,,,
17.760,lost,,,,
17.774,lost,,,,
17.787,lost,,,,
17.799,lost,,,,
17.812,lost,,,,
17.827,lost,,,,
17.838,lost,,,,
17.851,lost,,,,
17.865,lost,,,,
17.880,lost,,,,
17.893,lost,,,,
17.905,lost,,,,
17.918,lost,,,,
17.931,lost,,,,
17.943,lost,,,,
17.955,lost,,,,
17.968,lost,,,,
17.979,lost,,,,
17.991,lost,,,,
18.003,lost,,,,
18.015,lost,,,,
18.027,lost,,,,
18.039,lost,,,,
18.052,lost,,,,
18.063,lost,,,,
18.076,lost,,,,
18.087,lost,,,,
18.099,lost,,,,
18.112,lost,,,,
18.125,lost,,,,
18.138,lost,,,,
18.150,lost,,,,
18.163,lost,,,,
18.177,lost,,,,
18.191,lost,,,,
18.202,lost,,,,
18.214,lost,,,,
18.226,lost,,,,
18.239,lost,,,,
18.253,lost,,,,
18.265,lost,,,,
18.276,lost,,,,
18.287,lost,,,,
18.301,lost,,,,
18.314,lost,,,,
18.325,lost,,,,
18.338,lost,,,,
18.352,lost,,,,
18.363,lost,,,,
18.374,lost,,,,
18.388,lost,,,,
18.403,lost,,,,
18.415,lost,,,,
18.426,lost,,,,
18.439,lost,,,,
18.455,lost,,,,
18.466,lost,,,,
18.478,lost,,,,
18.490,lost,,,,
18.505,lost,,,,
18.519,lost,,,,
18.529,lost,,,,
18.542,lost,,,,
18.555,lost,,,,
18.568,lost,,,,
18.579,lost,,,,
18.592,lost,,,,
18.607,lost,,,,
18.620,lost,,,,
18.633,lost,,,,
18.646,lost,,,,
18.658,lost,,,,
18.671,lost,,,,
18.684,lost,,,,
18.698,lost,,,,
18.711,lost,,,,
18.723,lost,,,,
18.735,lost,,,,
18.750,lost,,,,
18.765,lost,,,,
18.776,lost,,,,
18.788,lost,,,,
18.801,lost,,,,
18.815,lost,,,,
18.827,lost,,,,
18.838,lost,,,,
18.852,lost,,,,
18.866,lost,,,,
18.877,lost,,,,
18.889,lost,,,,
18.902,lost,,,,
18.916,lost,,,,
18.927,lost,,,,
18.938,lost,,,,
18.950,lost,,,,
18.962,lost,,,,
18.974,lost,,,,
18.986,lost,,,,
18.998,lost,,,,
19.011,lost,,,,
19.023,lost,,,,
19.035,lost,,,,
19.046,lost,,,,
19.058,lost,,,,
19.072,lost,,,,
19.085,lost,,,,
19.097,lost,,,,
19.112,lost,,,,
19.123,lost,,,,
19.134,lost,,,,
19.148,lost,,,,
19.163,lost,,,,
19.176,lost,,,,
19.191,lost,,,,
19.203,lost,,,,
19.216,lost,,,,
19.230,lost,,,,
19.241,lost,,,,
19.253,lost,,,,
19.265,lost,,,,
19.278,lost,,,,
19.291,lost,,,,
19.301,lost,,,,
19.314,lost,,,,
19.325,lost,,,,
19.338,lost,,,,
19.351,lost,,,,
19.364,lost,,,,
19.376,lost,,,,
19.389,lost,,,,
19.403,lost,,,,
19.415,lost,,,,
19.428,lost,,,,
19.441,lost,,,,
19.455,lost,,,,
19.466,lost,,,,
19.477,lost,,,,
19.489,lost,,,,
19.503,lost,,,,
19.515,lost,,,,
19.527,lost,,,,
19.541,lost,,,,
19.555,lost,,,,
19.568,lost,,,,
19.579,lost,,,,
19.592,lost,,,,
19.605,lost,,,,
19.618,lost,,,,
19.630,lost,,,,
19.643,lost,,,,
19.656,lost,,,,
19.669,lost,,,,
19.681,lost,,,,
19.695,lost,,,,
19.707,lost,,,,
19.720,lost,,,,
19.733,lost,,,,
19.749,lost,,,,
19.760,lost,,,,
19.773,lost,,,,
19.785,lost,,,,
19.800,lost,,,,
19.812,lost,,,,
19.824,lost,,,,
19.836,lost,,,,
19.848,lost,,,,
19.860,lost,,,,
19.874,lost,,,,
19.887,lost,,,,
19.901,lost,,,,
19.915,lost,,,,
19.927,lost,,,,
19.939,lost,,,,
19.951,lost,,,,
19.964,lost,,,,
19.978,lost,,,,
19.990,lost,,,,
20.002,lost,,,,
20.017,lost,,,,
20.031,lost,,,,
20.043,lost,,,,
20.055,lost,,,,
20.068,lost,,,,
20.083,lost,,,,
20.094,lost,,,,
20.106,lost,,,,
20.118,lost,,,,
20.129,lost,,,,
20.143,lost,,,,
20.157,lost,,,,
20.169,lost,,,,
20.184,lost,,,,
20.197,lost,,,,
20.209,lost,,,,
20.221,lost,,,,
20.235,lost,,,,
20.248,lost,,,,
20.260,lost,,,,
20.272,lost,,,,
20.283,lost,,,,
20.296,lost,,,,
20.308,lost,,,,
20.319,lost,,,,
20.333,lost,,,,
20.345,lost,,,,
20.357,lost,,,,
20.369,lost,,,,
20.383,lost,,,,
20.397,lost,,,,
20.409,lost,,,,
20.420,lost,,,,
20.433,lost,,,,
20.445,lost,,,,
20.457,lost,,,,
20.468,lost,,,,
20.480,lost,,,,
20.493,lost,,,,
20.506,lost,,,,
20.518,lost,,,,
20.531,lost,,,,
20.544,lost,,,,
20.558,lost,,,,
20.569,lost,,,,
20.582,lost,,,,
20.594,lost,,,,
20.607,lost,,,,
20.619,lost,,,,
20.630,lost,,,,
20.643,lost,,,,
20.656,lost,,,,
20.669,lost,,,,
20.680,lost,,,,
20.691,lost,,,,
20.704,lost,,,,
20.718,lost,,,,
20.731,lost,,,,
20.743,lost,,,,
20.756,lost,,,,
20.771,lost,,,,
20.785,lost,,,,
20.798,lost,,,,
20.811,lost,,,,
20.825,lost,,,,
20.838,lost,,,,
20.850,lost,,,,
20.863,lost,,,,
20.876,lost,,,,
20.889,lost,,,,
20.902,lost,,,,
20.917,lost,,,,
20.929,lost,,,,
20.940,lost,,,,
20.952,lost,,,,
20.967,lost,,,,
20.980,lost,,,,
20.993,lost,,,,
21.006,lost,,,,
21.020,lost,,,,
21.032,lost,,,,
21.044,lost,,,,
21.056,lost,,,,
21.070,lost,,,,
21.084,lost,,,,
21.098,lost,,,,
21.109,lost,,,,
21.123,lost,,,,
21.137,lost,,,,
21.150,lost,,,,
21.163,lost,,,,
21.177,lost,,,,
21.191,lost,,,,
21.204,lost,,,,
21.216,lost,,,,
21.230,lost,,,,
21.243,lost,,,,
21.254,lost,,,,
21.264,lost,,,,
21.276,lost,,,,
21.292,lost,,,,
21.305,lost,,,,
21.318,lost,,,,
21.329,lost,,,,
21.340,lost,,,,
21.355,lost,,,,
21.368,lost,,,,
21.380,lost,,,,
21.393,lost,,,,
21.407,lost,,,,
21.419,lost,,,,
21.431,lost,,,,
21.443,lost,,,,
21.456,lost,,,,
21.469,lost,,,,
21.481,lost,,,,
21.493,lost,,,,
21.508,lost,,,,
21.520,lost,,,,
21.531,lost,,,,
21.543,lost,,,,
21.553,lost,,,,
21.565,lost,,,,
21.579,lost,,,,
21.592,lost,,,,
21.605,lost,,,,
21.618,lost,,,,
21.630,lost,,,,
21.643,lost,,,,
21.655,lost,,,,
21.669,lost,,,,
21.684,lost,,,,
21.694,lost,,,,
21.706,lost,,,,
21.721,lost,,,,
21.734,lost,,,,
21.747,lost,,,,
21.759,lost,,,,
21.774,lost,,,,
21.787,lost,,,,
21.801,lost,,,,
21.815,lost,,,,
21.828,lost,,,,
21.840,lost,,,,
21.851,lost,,,,
21.864,lost,,,,
21.878,lost,,,,
21.891,lost,,,,
21.903,lost,,,,
21.916,lost,,,,
21.928,lost,,,,
21.941,lost,,,,
21.953,lost,,,,
21.966,lost,,,,
21.978,lost,,,,
21.990,lost,,,,
22.002,lost,,,,
22.015,lost,,,,
22.028,lost,,,,
22.040,lost,,,,
22.052,lost,,,,
22.062,lost,,,,
22.074,lost,,,,
22.087,lost,,,,
22.103,lost,,,,
22.116,lost,,,,
22.132,lost,,,,
22.143,lost,,,,
22.156,lost,,,,
22.167,lost,,,,
22.180,lost,,,,
22.193,lost,,,,
22.205,lost,,,,
22.217,lost,,,,
22.228,lost,,,,
22.238,lost,,,,
22.252,lost,,,,
22.266,lost,,,,
22.278,lost,,,,
22.290,lost,,,,
22.304,lost,,,,
22.317,lost,,,,
22.328,lost,,,,
22.339,lost,,,,
22.353,lost,,,,
22.365,lost,,,,
22.376,lost,,,,
22.390,lost,,,,
22.405,lost,,,,
22.417,lost,,,,
22.429,lost,,,,
22.444,lost,,,,
22.457,lost,,,,
22.469,lost,,,,
22.481,lost,,,,
22.494,lost,,,,
22.507,lost,,,,
22.518,lost,,,,
22.532,lost,,,,
22.544,lost,,,,
22.556,lost,,,,
22.571,lost,,,,
22.583,lost,,,,
22.595,lost,,,,
22.610,lost,,,,
22.623,lost,,,,
22.635,lost,,,,
22.646,lost,,,,
22.659,lost,,,,
22.673,lost,,,,
22.686,lost,,,,
22.698,lost,,,,
22.710,lost,,,,
22.723,lost,,,,
22.735,lost,,,,
22.745,lost,,,,
22.757,lost,,,,
22.770,lost,,,,
22.784,lost,,,,
22.798,lost,,,,
22.810,lost,,,,
22.822,lost,,,,
22.837,lost,,,,
22.848,lost,,,,
22.859,lost,,,,
22.873,lost,,,,
22.885,lost,,,,
22.898,lost,,,,
22.909,lost,,,,
22.922,lost,,,,
22.935,lost,,,,
22.948,lost,,,,
22.960,lost,,,,
22.971,lost,,,,
22.984,lost,,,,
22.998,lost,,,,
23.011,lost,,,,
23.023,lost,,,,
23.035,lost,,,,
23.048,lost,,,,
23.061,lost,,,,
23.073,lost,,,,
23.087,lost,,,,
23.101,lost,,,,
23.114,lost,,,,
23.126,lost,,,,
23.140,lost,,,,
23.154,lost,,,,
23.167,lost,,,,
23.180,lost,,,,
23.193,lost,,,,
23.208,lost,,,,
23.220,lost,,,,
23.232,lost,,,,
23.246,lost,,,,
23.259,lost,,,,
23.272,lost,,,,
23.284,lost,,,,
23.300,lost,,,,
23.313,lost,,,,
23.326,lost,,,,
23.339,lost,,,,
23.353,lost,,,,
23.366,lost,,,,
23.376,lost,,,,
23.389,lost,,,,
23.403,lost,,,,
23.418,lost,,,,
23.431,lost,,,,
23.443,lost,,,,
23.457,lost,,,,
23.471,lost,,,,
23.484,lost,,,,
23.498,lost,,,,
23.511,lost,,,,
23.526,lost,,,,
23.541,lost,,,,
23.555,lost,,,,
23.567,lost,,,,
23.577,lost,,,,
23.587,lost,,,,
23.601,lost,,,,
23.616,lost,,,,
23.628,lost,,,,
23.641,lost,,,,
23.653,lost,,,,
23.665,lost,,,,
23.678,lost,,,,
23.692,lost,,,,
23.705,lost,,,,
23.717,lost,,,,
23.729,lost,,,,
23.743,lost,,,,
23.756,lost,,,,
23.768,lost,,,,
23.781,lost,,,,
23.794,lost,,,,
23.806,lost,,,,
23.817,lost,,,,
23.832,lost,,,,
23.846,lost,,,,
23.858,lost,,,,
23.871,lost,,,,
23.885,lost,,,,
23.898,lost,,,,
23.908,lost,,,,
23.920,lost,,,,
23.934,lost,,,,
23.946,lost,,,,
23.961,lost,,,,
23.974,lost,,,,
23.988,lost,,,,
24.002,lost,,,,
24.014,lost,,,,
24.026,lost,,,,
24.040,lost,,,,
24.055,lost,,,,
24.068,lost,,,,
24.080,lost,,,,
24.092,lost,,,,
24.106,lost,,,,
24.119,lost,,,,
24.130,lost,,,,
24.147,lost,,,,
24.158,lost,,,,
24.169,lost,,,,
24.182,lost,,,,
24.197,lost,,,,
24.210,lost,,,,
24.222,lost,,,,
24.234,lost,,,,
24.248,lost,,,,
24.260,lost,,,,
24.273,lost,,,,
24.285,lost,,,,
24.298,lost,,,,
24.311,lost,,,,
24.326,lost,,,,
24.339,lost,,,,
24.354,lost,,,,
24.366,lost,,,,
24.379,lost,,,,
24.390,lost,,,,
24.404,lost,,,,
24.416,lost,,,,
24.427,lost,,,,
24.439,lost,,,,
24.453,lost,,,,
24.469,lost,,,,
24.482,lost,,,,
24.493,lost,,,,
24.506,lost,,,,
24.520,lost,,,,
24.532,lost,,,,
24.542,lost,,,,
24.557,lost,,,,
24.571,lost,,,,
24.584,lost,,,,
24.596,lost,,,,
24.607,lost,,,,
24.622,lost,,,,
24.635,lost,,,,
24.646,lost,,,,
24.659,lost,,,,
24.673,lost,,,,
24.686,lost,,,,
24.697,lost,,,,
24.709,lost,,,,
24.723,lost,,,,
24.735,lost,,,,
24.747,lost,,,,
24.761,lost,,,,
24.774,lost,,,,
24.787,lost,,,,
24.800,lost,,,,
24.811,lost,,,,
24.825,lost,,,,
24.840,lost,,,,
24.851,lost,,,,
24.862,lost,,,,
24.872,lost,,,,
24.883,lost,,,,
24.897,lost,,,,
24.910,lost,,,,
24.923,lost,,,,
24.937,lost,,,,
24.949,lost,,,,
24.962,lost,,,,
24.975,lost,,,,
24.990,lost,,,,
25.002,lost,,,,
25.013,lost,,,,
25.026,lost,,,,
25.040,lost,,,,
25.052,lost,,,,
25.063,lost,,,,
25.075,lost,,,,
25.089,lost,,,,
25.102,lost,,,,
25.113,lost,,,,
25.124,lost,,,,
25.140,lost,,,,
25.154,lost,,,,
25.168,lost,,,,
25.180,lost,,,,
25.193,lost,,,,
25.205,lost,,,,
25.217,lost,,,,
25.228,lost,,,,
25.239,lost,,,,
25.254,lost,,,,
25.266,lost,,,,
25.276,lost,,,,
25.292,lost,,,,
25.306,lost,,,,
25.318,lost,,,,
25.329,lost,,,,
25.339,lost,,,,
25.354,lost,,,,
25.368,lost,,,,
25.379,lost,,,,
25.391,lost,,,,
25.404,lost,,,,
25.416,lost,,,,
25.427,lost,,,,
25.439,lost,,,,
25.453,lost,,,,
25.465,lost,,,,
25.478,lost,,,,
25.493,lost,,,,
25.506,lost,,,,
25.518,lost,,,,
25.532,lost,,,,
25.546,lost,,,,
25.557,lost,,,,
25.569,lost,,,,
25.583,lost,,,,
25.596,lost,,,,
25.609,lost,,,,
25.622,lost,,,,
25.634,lost,,,,
25.648,lost,,,,
25.659,lost,,,,
25.673,lost,,,,
25.687,lost,,,,
25.702,lost,,,,
25.713,lost,,,,
25.726,lost,,,,
25.739,lost,,,,
25.753,lost,,,,
25.766,lost,,,,
25.778,lost,,,,
25.792,lost,,,,
25.807,lost,,,,
25.818,lost,,,,
25.831,lost,,,,
25.844,lost,,,,
25.858,lost,,,,
25.870,lost,,,,
25.882,lost,,,,
25.894,lost,,,,
25.908,lost,,,,
25.922,lost,,,,
25.933,lost,,,,
25.946,lost,,,,
25.960,lost,,,,
25.974,lost,,,,
25.986,lost,,,,
25.997,lost,,,,
26.010,lost,,,,
26.023,lost,,,,
26.036,lost,,,,
26.048,lost,,,,
26.060,lost,,,,
26.076,lost,,,,
26.089,lost,,,,
26.103,lost,,,,
26.117,lost,,,,
26.129,lost,,,,
26.141,lost,,,,
26.154,lost,,,,
26.168,lost,,,,
26.180,lost,,,,
26.192,lost,,,,
26.205,lost,,,,
26.220,lost,,,,
26.233,lost,,,,
26.245,lost,,,,
26.257,lost,,,,
26.270,lost,,,,
26.283,lost,,,,
26.296,lost,,,,
26.309,lost,,,,
26.323,lost,,,,
26.336,lost,,,,
26.347,lost,,,,
26.361,lost,,,,
26.373,lost,,,,
26.386,lost,,,,
26.401,lost,,,,
26.416,lost,,,,
26.430,lost,,,,
26.442,lost,,,,
26.455,lost,,,,
26.469,lost,,,,
26.483,lost,,,,
26.494,lost,,,,
26.507,lost,,,,
26.522,lost,,,,
26.536,lost,,,,
26.547,lost,,,,
26.559,lost,,,,
26.574,lost,,,,
26.587,lost,,,,
26.598,lost,,,,
26.609,lost,,,,
26.622,lost,,,,
26.635,lost,,,,
26.648,lost,,,,
26.661,lost,,,,
26.674,lost,,,,
26.689,lost,,,,
26.701,lost,,,,
26.714,lost,,,,
26.728,lost,,,,
26.740,lost,,,,
26.752,lost,,,,
26.763,lost,,,,
26.775,lost,,,,
26.789,lost,,,,
26.802,lost,,,,
26.814,lost,,,,
26.826,lost,,,,
26.838,lost,,,,
26.852,lost,,,,
26.865,lost,,,,
26.876,lost,,,,
26.888,lost,,,,
26.903,lost,,,,
26.917,lost,,,,
26.928,lost,,,,
26.940,lost,,,,
26.955,lost,,,,
26.968,lost,,,,
26.981,lost,,,,
26.995,lost,,,,
27.007,lost,,,,
27.019,lost,,,,
27.032,lost,,,,
27.046,lost,,,,
27.060,lost,,,,
27.073,lost,,,,
27.086,lost,,,,
27.101,lost,,,,
27.114,lost,,,,
27.126,lost,,,,
27.139,lost,,,,
27.153,lost,,,,
27.167,lost,,,,
27.178,lost,,,,
27.191,lost,,,,
27.206,lost,,,,
27.220,lost,,,,
27.232,lost,,,,
27.244,lost,,,,
27.256,lost,,,,
27.271,lost,,,,
27.284,lost,,,,
27.298,lost,,,,
27.310,lost,,,,
27.324,lost,,,,
27.336,lost,,,,
27.347,lost,,,,
27.360,lost,,,,
27.375,lost,,,,
27.388,lost,,,,
27.401,lost,,,,
27.416,lost,,,,
27.428,lost,,,,
27.440,lost,,,,
27.451,lost,,,,
27.464,lost,,,,
27.474,lost,,,,
27.487,lost,,,,
27.497,lost,,,,
27.510,lost,,,,
27.523,lost,,,,
27.535,lost,,,,
27.546,lost,,,,
27.558,lost,,,,
27.571,lost,,,,
27.586,lost,,,,
27.597,lost,,,,
27.610,lost,,,,
27.621,lost,,,,
27.634,lost,,,,
27.647,lost,,,,
27.660,lost,,,,
27.672,lost,,,,
27.686,lost,,,,
27.700,lost,,,,
27.711,lost,,,,
27.723,lost,,,,
27.739,lost,,,,
27.751,lost,,,,
27.763,lost,,,,
27.776,lost,,,,
27.789,lost,,,,
27.802,lost,,,,
27.813,lost,,,,
27.825,lost,,,,
27.840,lost,,,,
27.853,lost,,,,
27.864,lost,,,,
27.876,lost,,,,
27.890,lost,,,,
27.902,lost,,,,
27.913,lost,,,,
27.924,lost,,,,
27.938,lost,,,,
27.952,lost,,,,
27.964,lost,,,,
27.976,lost,,,,
27.989,lost,,,,
28.006,lost,,,,
28.018,lost,,,,
28.029,lost,,,,
28.042,lost,,,,
28.054,lost,,,,
28.066,lost,,,,
28.079,lost,,,,
28.092,lost,,,,
28.107,lost,,,,
28.120,lost,,,,
28.131,lost,,,,
28.145,lost,,,,
28.158,lost,,,,
28.171,lost,,,,
28.183,lost,,,,
28.198,lost,,,,
28.210,lost,,,,
28.221,lost,,,,
28.233,lost,,,,
28.247,lost,,,,
28.262,lost,,,,
28.274,lost,,,,
28.286,lost,,,,
28.302,lost,,,,
28.316,lost,,,,
28.327,lost,,,,
28.337,lost,,,,
28.349,lost,,,,
28.364,lost,,,,
28.376,lost,,,,
28.389,lost,,,,
28.402,lost,,,,
28.416,lost,,,,
28.431,lost,,,,
28.443,lost,,,,
28.455,lost,,,,
28.470,lost,,,,
28.485,lost,,,,
28.497,lost,,,,
28.512,lost,,,,
28.524,lost,,,,
28.537,lost,,,,
28.550,lost,,,,
28.565,lost,,,,
28.577,lost,,,,
28.589,lost,,,,
28.601,lost,,,,
28.616,lost,,,,
28.629,lost,,,,
28.641,lost,,,,
28.653,lost,,,,
28.666,lost,,,,
28.681,lost,,,,
28.693,lost,,,,
28.705,lost,,,,
28.717,lost,,,,
28.732,lost,,,,
28.744,lost,,,,
28.756,lost,,,,
28.769,lost,,,,
28.782,lost,,,,
28.794,lost,,,,
28.807,lost,,,,
28.818,lost,,,,
28.832,lost,,,,
28.848,lost,,,,
28.861,lost,,,,
28.876,lost,,,,
28.890,lost,,,,
28.903,lost,,,,
28.914,lost,,,,
28.926,lost,,,,
28.939,lost,,,,
28.953,lost,,,,
28.966,lost,,,,
28.979,lost,,,,
28.990,lost,,,,
29.004,lost,,,,
29.017,lost,,,,
29.031,lost,,,,
29.043,lost,,,,
29.057,lost,,,,
29.069,lost,,,,
29.080,lost,,,,
29.092,lost,,,,
29.106,lost,,,,
29.118,lost,,,,
29.129,lost,,,,
29.142,lost,,,,
29.155,lost,,,,
29.168,lost,,,,
29.181,lost,,,,
29.195,lost,,,,
29.207,lost,,,,
29.222,lost,,,,
29.235,lost,,,,
29.247,lost,,,,
29.259,lost,,,,
29.275,lost,,,,
29.289,lost,,,,
29.302,lost,,,,
29.314,lost,,,,
29.326,lost,,,,
29.338,lost,,,,
29.351,lost,,,,
29.363,lost,,,,
29.373,lost,,,,
29.387,lost,,,,
29.398,lost,,,,
29.412,lost,,,,
29.426,lost,,,,
29.439,lost,,,,
29.453,lost,,,,
29.468,lost,,,,
29.481,lost,,,,
29.492,lost,,,,
29.502,lost,,,,
29.517,lost,,,,
29.530,lost,,,,
29.543,lost,,,,
29.554,lost,,,,
29.568,lost,,,,
29.581,lost,,,,
29.593,lost,,,,
29.606,lost,,,,
29.620,lost,,,,
29.633,lost,,,,
29.644,lost,,,,
29.655,lost,,,,
29.670,lost,,,,
29.685,lost,,,,
29.698,lost,,,,
29.711,lost,,,,
29.724,lost,,,,
29.738,lost,,,,
29.752,lost,,,,
29.764,lost,,,,
29.777,lost,,,,
29.791,lost,,,,
29.803,lost,,,,
29.814,lost,,,,
29.828,lost,,,,
29.842,lost,,,,
29.856,lost,,,,
29.869,lost,,,,
29.881,lost,,,,
29.895,lost,,,,
29.909,lost,,,,
29.921,lost,,,,
29.933,lost,,,,
29.946,lost,,,,
29.960,lost,,,,
29.972,lost,,,,
29.985,lost,,,,
29.999,lost,,,,
30.010,lost,,,,
30.022,lost,,,,
30.036,lost,,,,
30.051,lost,,,,
30.064,lost,,,,
30.075,lost,,,,
30.087,lost,,,,
30.101,lost,,,,
30.115,lost,,,,
30.127,lost,,,,
30.140,lost,,,,
30.155,lost,,,,
30.169,lost,,,,
30.181,lost,,,,
30.194,lost,,,,
30.206,lost,,,,
30.219,lost,,,,
30.230,lost,,,,
30.243,lost,,,,
30.257,lost,,,,
30.268,lost,,,,
30.279,lost,,,,
30.291,lost,,,,
30.306,lost,,,,
30.319,lost,,,,
30.331,lost,,,,
30.343,lost,,,,
30.357,lost,,,,
30.371,lost,,,,
30.382,lost,,,,
30.395,lost,,,,
30.409,lost,,,,
30.424,lost,,,,
30.436,lost,,,,
30.448,lost,,,,
30.460,lost,,,,
30.474,lost,,,,
30.486,lost,,,,
30.499,lost,,,,
30.514,lost,,,,
30.527,lost,,,,
30.538,lost,,,,
30.550,lost,,,,
30.564,lost,,,,
30.576,lost,,,,
30.590,lost,,,,
30.602,lost,,,,
30.617,lost,,,,
30.631,lost,,,,
30.644,lost,,,,
30.656,lost,,,,
30.668,lost,,,,
30.682,lost,,,,
30.694,lost,,,,
30.706,lost,,,,
30.720,lost,,,,
30.733,lost,,,,
30.744,lost,,,,
30.756,lost,,,,
30.770,lost,,,,
30.784,lost,,,,
30.797,lost,,,,
30.810,lost,,,,
30.823,lost,,,,
30.838,lost,,,,
30.851,lost,,,,
30.865,lost,,,,
30.878,lost,,,,
30.891,lost,,,,
30.903,lost,,,,
30.916,lost,,,,
30.928,lost,,,,
30.941,lost,,,,
30.956,lost,,,,
30.969,lost,,,,
30.982,lost,,,,
30.996,lost,,,,
31.009,lost,,,,
31.022,lost,,,,
31.036,lost,,,,
31.051,lost,,,,
31.065,lost,,,,
31.077,lost,,,,
31.090,lost,,,,
31.105,lost,,,,
31.116,lost,,,,
31.128,lost,,,,
31.139,lost,,,,
31.153,lost,,,,
31.167,lost,,,,
31.178,lost,,,,
31.190,lost,,,,
31.204,lost,,,,
31.215,lost,,,,
31.226,lost,,,,
31.239,lost,,,,
31.253,lost,,,,
31.265,lost,,,,
31.278,lost,,,,
31.290,lost,,,,
31.305,lost,,,,
31.319,lost,,,,
31.331,lost,,,,
31.344,lost,,,,
31.360,lost,,,,
31.373,lost,,,,
31.385,lost,,,,
31.399,lost,,,,
31.412,lost,,,,
31.424,lost,,,,
31.437,lost,,,,
31.450,lost,,,,
31.466,lost,,,,
31.478,lost,,,,
31.490,lost,,,,
31.502,lost,,,,
31.515,lost,,,,
31.527,lost,,,,
31.539,lost,,,,
31.552,lost,,,,
31.567,lost,,,,
31.579,lost,,,,
31.591,lost,,,,
31.604,lost,,,,
31.619,lost,,,,
31.633,lost,,,,
31.644,lost,,,,
31.657,lost,,,,
31.673,lost,,,,
31.684,lost,,,,
31.695,lost,,,,
31.706,lost,,,,
31.721,lost,,,,
31.734,lost,,,,
31.746,lost,,,,
31.757,lost,,,,
31.769,lost,,,,
31.783,lost,,,,
31.795,lost,,,,
31.808,lost,,,,
31.823,lost,,,,
31.835,lost,,,,
31.847,lost,,,,
31.859,lost,,,,
31.872,lost,,,,
31.886,lost,,,,
31.898,lost,,,,
31.910,lost,,,,
31.922,lost,,,,
31.937,lost,,,,
31.949,lost,,,,
31.961,lost,,,,
31.974,lost,,,,
31.987,lost,,,,
32.001,lost,,,,
32.011,lost,,,,
32.024,lost,,,,
32.037,lost,,,,
32.051,lost,,,,
32.065,lost,,,,
32.079,lost,,,,
32.092,lost,,,,
32.106,lost,,,,
32.117,lost,,,,
32.132,lost,,,,
32.145,lost,,,,
32.158,lost,,,,
32.172,lost,,,,
32.187,lost,,,,
32.200,lost,,,,
32.211,lost,,,,
32.224,lost,,,,
32.238,lost,,,,
32.250,lost,,,,
32.261,lost,,,,
32.274,lost,,,,
32.287,lost,,,,
32.302,lost,,,,
32.314,lost,,,,
32.326,lost,,,,
32.341,lost,,,,
32.355,lost,,,,
32.368,lost,,,,
32.379,lost,,,,
32.392,lost,,,,
32.407,lost,,,,
32.419,lost,,,,
32.431,lost,,,,
32.444,lost,,,,
32.458,lost,,,,
32.469,lost,,,,
32.481,lost,,,,
32.493,lost,,,,
32.506,lost,,,,
32.519,lost,,,,
32.532,lost,,,,
32.545,lost,,,,
32.557,lost,,,,
32.568,lost,,,,
32.579,lost,,,,
32.591,lost,,,,
32.605,lost,,,,
32.617,lost,,,,
32.628,lost,,,,
32.642,lost,,,,
32.655,lost,,,,
32.668,lost,,,,
32.682,lost,,,,
32.693,lost,,,,
32.705,lost,,,,
32.720,lost,,,,
32.733,lost,,,,
32.744,lost,,,,
32.755,lost,,,,
32.770,lost,,,,
32.783,lost,,,,
32.794,lost,,,,
32.807,lost,,,,
32.822,lost,,,,
32.835,lost,,,,
32.846,lost,,,,
32.860,lost,,,,
32.873,lost,,,,
32.885,lost,,,,
32.897,lost,,,,
32.911,lost,,,,
32.924,lost,,,,
32.935,lost,,,,
32.948,lost,,,,
32.962,lost,,,,
32.974,lost,,,,
32.986,lost,,,,
32.998,lost,,,,
33.010,lost,,,,
33.023,lost,,,,
33.035,lost,,,,
33.047,lost,,,,
33.060,lost,,,,
33.073,lost,,,,
33.087,lost,,,,
33.100,lost,,,,
33.111,lost,,,,
33.125,lost,,,,
33.140,lost,,,,
33.153,lost,,,,
33.164,lost,,,,
33.178,lost,,,,
33.190,lost,,,,
33.202,lost,,,,
33.213,lost,,,,
33.227,lost,,,,
33.241,lost,,,,
33.254,lost,,,,
33.265,lost,,,,
33.279,lost,,,,
33.293,lost,,,,
33.305,lost,,,,
33.317,lost,,,,
33.331,lost,,,,
33.344,lost,,,,
33.356,lost,,,,
33.367,lost,,,,
33.380,lost,,,,
33.393,lost,,,,
33.405,lost,,,,
33.418,lost,,,,
33.433,lost,,,,
33.444,lost,,,,
33.457,lost,,,,
33.469,lost,,,,
33.481,lost,,,,
33.492,lost,,,,
33.505,lost,,,,
33.517,lost,,,,
33.528,lost,,,,
33.540,lost,,,,
33.554,lost,,,,
33.568,lost,,,,
33.579,lost,,,,
33.592,lost,,,,
33.606,lost,,,,
33.618,lost,,,,
33.631,lost,,,,
33.642,lost,,,,
33.655,lost,,,,
33.667,lost,,,,
33.678,lost,,,,
33.691,lost,,,,
33.705,lost,,,,
33.719,lost,,,,
33.731,lost,,,,
33.742,lost,,,,
33.757,lost,,,,
33.772,lost,,,,
33.784,lost,,,,
33.801,lost,,,,
33.814,lost,,,,
33.826,lost,,,,
33.838,lost,,,,
33.853,lost,,,,
33.866,lost,,,,
33.876,lost,,,,
33.887,lost,,,,
33.902,lost,,,,
33.915,lost,,,,
33.927,lost,,,,
33.942,lost,,,,
33.955,lost,,,,
33.969,lost,,,,
33.981,lost,,,,
33.993,lost,,,,
34.005,lost,,,,
34.021,lost,,,,
34.035,lost,,,,
34.047,lost,,,,
34.059,lost,,,,
34.072,lost,,,,
34.084,lost,,,,
34.097,lost,,,,
34.110,lost,,,,
34.124,lost,,,,
34.137,lost,,,,
34.150,lost,,,,
34.162,lost,,,,
34.177,lost,,,,
34.190,lost,,,,
34.205,lost,,,,
34.221,lost,,,,
34.235,lost,,,,
34.246,lost,,,,
34.258,lost,,,,
34.272,lost,,,,
34.285,lost,,,,
34.296,lost,,,,
34.308,lost,,,,
34.321,lost,,,,
34.335,lost,,,,
34.345,lost,,,,
34.356,lost,,,,
34.369,lost,,,,
34.382,lost,,,,
34.394,lost,,,,
34.407,lost,,,,
34.420,lost,,,,
34.433,lost,,,,
34.444,lost,,,,
34.456,lost,,,,
34.469,lost,,,,
34.484,lost,,,,
34.496,lost,,,,
34.509,lost,,,,
34.521,lost,,,,
34.535,lost,,,,
34.547,lost,,,,
34.559,lost,,,,
34.570,lost,,,,
34.585,lost,,,,
34.597,lost,,,,
34.610,lost,,,,
34.622,lost,,,,
34.636,lost,,,,
34.648,lost,,,,
34.659,lost,,,,
34.673,lost,,,,
34.688,lost,,,,
34.700,lost,,,,
34.713,lost,,,,
34.727,lost,,,,
34.740,lost,,,,
34.752,lost,,,,
34.764,lost,,,,
34.777,lost,,,,
34.790,lost,,,,
34.801,lost,,,,
34.815,lost,,,,
34.829,lost,,,,
34.840,lost,,,,
34.851,lost,,,,
34.861,lost,,,,
34.873,lost,,,,
34.889,lost,,,,
34.900,lost,,,,
34.911,lost,,,,
34.924,lost,,,,
34.939,lost,,,,
34.949,lost,,,,
34.963,lost,,,,
34.975,lost,,,,
34.989,lost,,,,
35.002,lost,,,,
35.013,lost,,,,
35.025,lost,,,,
35.038,lost,,,,
35.051,lost,,,,
35.063,lost,,,,
35.074,lost,,,,
35.088,lost,,,,
35.100,lost,,,,
35.111,lost,,,,
35.123,lost,,,,
35.137,lost,,,,
35.149,lost,,,,
35.160,lost,,,,
35.171,lost,,,,
35.185,lost,,,,
35.199,lost,,,,
35.211,lost,,,,
35.222,lost,,,,
35.236,lost,,,,
35.250,lost,,,,
35.261,lost,,,,
35.273,lost,,,,
35.288,lost,,,,
35.302,lost,,,,
35.314,lost,,,,
35.327,lost,,,,
35.340,lost,,,,
35.353,lost,,,,
35.365,lost,,,,
35.378,lost,,,,
35.391,lost,,,,
35.403,lost,,,,
35.414,lost,,,,
35.426,lost,,,,
35.438,lost,,,,
35.450,lost,,,,
35.460,lost,,,,
35.473,lost,,,,
35.489,lost,,,,
35.501,lost,,,,
35.511,lost,,,,
35.522,lost,,,,
35.538,lost,,,,
35.551,lost,,,,
35.563,lost,,,,
35.574,lost,,,,
35.586,lost,,,,
35.600,lost,,,,
35.611,lost,,,,
35.622,lost,,,,
35.636,lost,,,,
35.651,lost,,,,
35.663,lost,,,,
35.677,lost,,,,
35.690,lost,,,,
35.703,lost,,,,
35.714,lost,,,,
35.728,lost,,,,
35.741,lost,,,,
35.754,lost,,,,
35.766,lost,,,,
35.777,lost,,,,
35.789,lost,,,,
35.805,lost,,,,
35.818,lost,,,,
35.828,lost,,,,
35.840,lost,,,,
35.854,lost,,,,
35.866,lost,,,,
35.876,lost,,,,
35.888,lost,,,,
35.901,lost,,,,
35.915,lost,,,,
35.927,lost,,,,
35.940,lost,,,,
35.954,lost,,,,
35.968,lost,,,,
35.978,lost,,,,
35.989,lost,,,,
36.003,lost,,,,
36.016,lost,,,,
36.027,lost,,,,
36.039,lost,,,,
36.053,lost,,,,
36.067,lost,,,,
36.077,lost,,,,
36.091,lost,,,,
36.106,lost,,,,
36.119,lost,,,,
36.130,lost,,,,
36.140,lost,,,,
36.151,lost,,,,
36.165,lost,,,,
36.177,lost,,,,
36.188,lost,,,,
36.200,lost,,,,
36.213,lost,,,,
36.226,lost,,,,
36.238,lost,,,,
36.252,lost,,,,
36.266,lost,,,,
36.280,lost,,,,
36.291,lost,,,,
36.304,lost,,,,
36.317,lost,,,,
36.331,lost,,,,
36.343,lost,,,,
36.356,lost,,,,
36.370,lost,,,,
36.383,lost,,,,
36.393,lost,,,,
36.407,lost,,,,
36.421,lost,,,,
36.434,lost,,,,
36.446,lost,,,,
36.458,lost,,,,
36.474,lost,,,,
36.486,lost,,,,
36.497,lost,,,,
36.509,lost,,,,
36.524,lost,,,,
36.537,lost,,,,
36.548,lost,,,,
36.563,lost,,,,
36.577,lost,,,,
36.589,lost,,,,
36.601,lost,,,,
36.616,lost,,,,
36.628,lost,,,,
36.641,lost,,,,
36.653,lost,,,,
36.666,lost,,,,
36.677,lost,,,,
36.688,lost,,,,
36.701,lost,,,,
36.715,lost,,,,
36.726,lost,,,,
36.738,lost,,,,
36.752,lost,,,,
36.765,lost,,,,
36.775,lost,,,,
36.787,lost,,,,
36.800,lost,,,,
36.813,lost,,,,
36.827,lost,,,,
36.839,lost,,,,
36.851,lost,,,,
36.865,lost,,,,
36.877,lost,,,,
36.889,lost,,,,
36.901,lost,,,,
36.914,lost,,,,
36.927,lost,,,,
36.938,lost,,,,
36.950,lost,,,,
36.962,lost,,,,
36.976,lost,,,,
36.989,lost,,,,
37.001,lost,,,,
37.016,lost,,,,
37.028,lost,,,,
37.039,lost,,,,
37.051,lost,,,,
37.064,lost,,,,
37.077,lost,,,,
37.089,lost,,,,
37.101,lost,,,,
37.114,lost,,,,
37.128,lost,,,,
37.140,lost,,,,
37.152,lost,,,,
37.164,lost,,,,
37.177,lost,,,,
37.190,lost,,,,
37.203,lost,,,,
37.215,lost,,,,
37.226,lost,,,,
37.238,lost,,,,
37.251,lost,,,,
37.262,lost,,,,
37.274,lost,,,,
37.287,lost,,,,
37.298,lost,,,,
37.312,lost,,,,
37.324,lost,,,,
37.340,lost,,,,
37.352,lost,,,,
37.363,lost,,,,
37.374,lost,,,,
37.388,lost,,,,
37.401,lost,,,,
37.412,lost,,,,
37.424,lost,,,,
37.440,lost,,,,
37.452,lost,,,,
37.463,lost,,,,
37.475,lost,,,,
37.488,lost,,,,
37.501,lost,,,,
37.511,lost,,,,
37.522,lost,,,,
37.536,lost,,,,
37.549,lost,,,,
37.560,lost,,,,
37.572,lost,,,,
37.585,lost,,,,
37.598,lost,,,,
37.609,lost,,,,
37.621,lost,,,,
37.633,lost,,,,
37.645,lost,,,,
37.659,lost,,,,
37.670,lost,,,,
37.684,lost,,,,
37.697,lost,,,,
37.711,lost,,,,
37.723,lost,,,,
37.736,lost,,,,
37.748,lost,,,,
37.760,lost,,,,
37.772,lost,,,,
37.785,lost,,,,
37.797,lost,,,,
37.812,lost,,,,
37.825,lost,,,,
37.838,lost,,,,
37.853,lost,,,,
37.864,lost,,,,
37.876,lost,,,,
37.892,lost,,,,
37.905,lost,,,,
37.918,lost,,,,
37.930,lost,,,,
37.943,lost,,,,
37.956,lost,,,,
37.968,lost,,,,
37.981,lost,,,,
37.991,lost,,,,
38.007,lost,,,,
38.021,lost,,,,
38.031,lost,,,,
38.043,lost,,,,
38.057,lost,,,,
38.069,lost,,,,
38.082,lost,,,,
38.094,lost,,,,
38.107,lost,,,,
38.120,lost,,,,
38.132,lost,,,,
38.143,lost,,,,
38.156,lost,,,,
38.172,lost,,,,
38.184,lost,,,,
38.198,lost,,,,
38.210,lost,,,,
38.223,lost,,,,
38.236,lost,,,,
38.246,lost,,,,
38.259,lost,,,,
38.273,lost,,,,
38.285,lost,,,,
38.296,lost,,,,
38.310,lost,,,,
38.324,lost,,,,
38.336,lost,,,,
38.347,lost,,,,
38.357,lost,,,,
38.370,lost,,,,
38.386,lost,,,,
38.399,lost,,,,
38.413,lost,,,,
38.427,lost,,,,
38.439,lost,,,,
38.452,lost,,,,
38.465,lost,,,,
38.479,lost,,,,
38.491,lost,,,,
38.502,lost,,,,
38.514,lost,,,,
38.529,lost,,,,
38.540,lost,,,,
38.552,lost,,,,
38.565,lost,,,,
38.579,lost,,,,
38.592,lost,,,,
38.604,lost,,,,
38.616,lost,,,,
38.629,lost,,,,
38.642,lost,,,,
38.656,lost,,,,
38.670,lost,,,,
38.686,lost,,,,
38.698,lost,,,,
38.709,lost,,,,
38.721,lost,,,,
38.735,lost,,,,
38.747,lost,,,,
38.758,lost,,,,
38.770,lost,,,,
38.785,lost,,,,
38.798,lost,,,,
38.810,lost,,,,
38.822,lost,,,,
38.834,lost,,,,
38.851,lost,,,,
38.865,lost,,,,
38.879,lost,,,,
38.892,lost,,,,
38.903,lost,,,,
38.915,lost,,,,
38.928,lost,,,,
38.941,lost,,,,
38.954,lost,,,,
38.966,lost,,,,
38.979,lost,,,,
38.992,lost,,,,
39.004,lost,,,,
39.015,lost,,,,
39.028,lost,,,,
39.043,lost,,,,
39.056,lost,,,,
39.068,lost,,,,
39.081,lost,,,,
39.096,lost,,,,
39.110,lost,,,,
39.122,lost,,,,
39.134,lost,,,,
39.148,lost,,,,
39.160,lost,,,,
39.172,lost,,,,
39.186,lost,,,,
39.200,lost,,,,
39.212,lost,,,,
39.224,lost,,,,
39.235,lost,,,,
39.247,lost,,,,
39.262,lost,,,,
39.274,lost,,,,
39.286,lost,,,,
39.300,lost,,,,
39.313,lost,,,,
39.325,lost,,,,
39.336,lost,,,,
39.348,lost,,,,
39.361,lost,,,,
39.373,lost,,,,
39.385,lost,,,,
39.400,lost,,,,
39.412,lost,,,,
39.424,lost,,,,
39.436,lost,,,,
39.450,lost,,,,
39.464,lost,,,,
39.476,lost,,,,
39.489,lost,,,,
39.502,lost,,,,
39.515,lost,,,,
39.527,lost,,,,
39.539,lost,,,,
39.553,lost,,,,
39.568,lost,,,,
39.579,lost,,,,
39.593,lost,,,,
39.605,lost,,,,
39.621,lost,,,,
39.634,lost,,,,
39.645,lost,,,,
39.655,lost,,,,
39.670,lost,,,,
39.683,lost,,,,
39.695,lost,,,,
39.708,lost,,,,
39.723,lost,,,,
39.735,lost,,,,
39.748,lost,,,,
39.760,lost,,,,
39.773,lost,,,,
39.785,lost,,,,
39.797,lost,,,,
39.810,lost,,,,
39.824,lost,,,,
39.837,lost,,,,
39.849,lost,,,,
39.863,lost,,,,
39.876,lost,,,,
39.889,lost,,,,
39.902,lost,,,,
39.914,lost,,,,
39.929,lost,,,,
39.940,lost,,,,
39.952,lost,,,,
39.967,lost,,,,
39.979,lost,,,,
39.990,lost,,,,
40.002,lost,,,,
40.016,lost,,,,
40.031,lost,,,,
40.043,lost,,,,
40.056,lost,,,,
40.069,lost,,,,
40.083,lost,,,,
40.095,lost,,,,
40.106,lost,,,,
40.119,lost,,,,
40.132,lost,,,,
40.144,lost,,,,
40.156,lost,,,,
40.169,lost,,,,
40.183,lost,,,,
40.194,lost,,,,
40.206,lost,,,,
40.218,lost,,,,
40.231,lost,,,,
40.244,lost,,,,
40.255,lost,,,,
40.268,lost,,,,
40.281,lost,,,,
40.291,lost,,,,
40.303,lost,,,,
40.314,lost,,,,
40.327,lost,,,,
40.340,lost,,,,
40.352,lost,,,,
40.364,lost,,,,
40.377,lost,,,,
40.389,lost,,,,
40.401,lost,,,,
40.413,lost,,,,
40.427,lost,,,,
40.440,lost,,,,
40.453,lost,,,,
40.465,lost,,,,
40.477,lost,,,,
40.491,lost,,,,
40.504,lost,,,,
40.516,lost,,,,
40.527,lost,,,,
40.541,lost,,,,
40.555,lost,,,,
40.568,lost,,,,
40.580,lost,,,,
40.594,lost,,,,
40.606,lost,,,,
40.619,lost,,,,
40.632,lost,,,,
40.645,lost,,,,
40.660,lost,,,,
40.673,lost,,,,
40.687,lost,,,,
40.701,lost,,,,
40.714,lost,,,,
40.726,lost,,,,
40.738,lost,,,,
40.753,lost,,,,
40.765,lost,,,,
40.777,lost,,,,
40.791,lost,,,,
40.803,lost,,,,
40.815,lost,,,,
40.827,lost,,,,
40.841,lost,,,,
40.855,lost,,,,
40.868,lost,,,,
40.882,lost,,,,
40.897,lost,,,,
40.909,lost,,,,
40.922,lost,,,,
40.935,lost,,,,
40.950,lost,,,,
40.962,lost,,,,
40.974,lost,,,,
40.988,lost,,,,
41.005,lost,,,,
41.016,lost,,,,
41.028,lost,,,,
41.041,lost,,,,
41.054,lost,,,,
41.068,lost,,,,
41.080,lost,,,,
41.091,lost,,,,
41.104,lost,,,,
41.119,lost,,,,
41.132,lost,,,,
41.144,lost,,,,
41.156,lost,,,,
41.172,lost,,,,
41.184,lost,,,,
41.195,lost,,,,
41.205,lost,,,,
41.219,lost,,,,
41.232,lost,,,,
41.244,lost,,,,
41.256,lost,,,,
41.270,lost,,,,
41.281,lost,,,,
41.292,lost,,,,
41.304,lost,,,,
41.320,lost,,,,
41.331,lost,,,,
41.343,lost,,,,
41.354,lost,,,,
41.369,lost,,,,
41.381,lost,,,,
41.393,lost,,,,
41.407,lost,,,,
41.421,lost,,,,
41.434,lost,,,,
41.445,lost,,,,
41.458,lost,,,,
41.474,lost,,,,
41.488,lost,,,,
41.501,lost,,,,
41.514,lost,,,,
41.526,lost,,,,
41.542,lost,,,,
41.554,lost,,,,
41.567,lost,,,,
41.580,lost,,,,
41.593,lost,,,,
41.607,lost,,,,
41.618,lost,,,,
41.629,lost,,,,
41.642,lost,,,,
41.656,lost,,,,
41.670,lost,,,,
41.684,lost,,,,
41.696,lost,,,,
41.706,lost,,,,
41.718,lost,,,,
41.732,lost,,,,
41.744,lost,,,,
41.756,lost,,,,
41.770,lost,,,,
41.784,lost,,,,
41.795,lost,,,,
41.806,lost,,,,
41.818,lost,,,,
41.833,lost,,,,
41.845,lost,,,,
41.857,lost,,,,
41.869,lost,,,,
41.884,lost,,,,
41.896,lost,,,,
41.908,lost,,,,
41.921,lost,,,,
41.934,lost,,,,
41.946,lost,,,,
41.959,lost,,,,
41.972,lost,,,,
41.988,lost,,,,
42.002,lost,,,,
42.013,lost,,,,
42.026,lost,,,,
42.041,lost,,,,
42.054,lost,,,,
42.065,lost,,,,
42.077,lost,,,,
42.090,lost,,,,
42.105,lost,,,,
42.117,lost,,,,
42.130,lost,,,,
42.142,lost,,,,
42.157,lost,,,,
42.170,lost,,,,
42.182,lost,,,,
42.194,lost,,,,
42.210,lost,,,,
42.223,lost,,,,
42.236,lost,,,,
42.250,lost,,,,
42.263,lost,,,,
42.275,lost,,,,
42.289,lost,,,,
42.304,lost,,,,
42.316,lost,,,,
42.328,lost,,,,
42.341,lost,,,,
42.356,lost,,,,
42.370,lost,,,,
42.381,lost,,,,
42.392,lost,,,,
42.406,lost,,,,
42.419,lost,,,,
42.431,lost,,,,
42.442,lost,,,,
42.458,lost,,,,
42.469,lost,,,,
42.481,lost,,,,
42.494,lost,,,,
42.507,lost,,,,
42.519,lost,,,,
42.532,lost,,,,
42.545,lost,,,,
42.560,lost,,,,
42.572,lost,,,,
42.584,lost,,,,
42.598,lost,,,,
42.611,lost,,,,
42.625,lost,,,,
42.637,lost,,,,
42.650,lost,,,,
42.663,lost,,,,
42.676,lost,,,,
42.690,lost,,,,
42.703,lost,,,,
42.718,lost,,,,
42.730,lost,,,,
42.741,lost,,,,
42.754,lost,,,,
42.769,lost,,,,
42.782,lost,,,,
42.793,lost,,,,
42.805,lost,,,,
42.819,lost,,,,
42.831,lost,,,,
42.843,lost,,,,
42.857,lost,,,,
42.871,lost,,,,
42.883,lost,,,,
42.895,lost,,,,
42.906,lost,,,,
42.920,lost,,,,
42.935,lost,,,,
42.948,lost,,,,
42.963,lost,,,,
42.977,lost,,,,
42.990,lost,,,,
43.002,lost,,,,
43.017,lost,,,,
43.030,lost,,,,
43.042,lost,,,,
43.054,lost,,,,
43.069,lost,,,,
43.081,lost,,,,
43.092,lost,,,,
43.106,lost,,,,
43.120,lost,,,,
43.132,lost,,,,
43.144,lost,,,,
43.157,lost,,,,
43.172,lost,,,,
43.183,lost,,,,
43.195,lost,,,,
43.207,lost,,,,
43.221,lost,,,,
43.236,lost,,,,
43.247,lost,,,,
43.259,lost,,,,
43.273,lost,,,,
43.286,lost,,,,
43.298,lost,,,,
43.310,lost,,,,
43.323,lost,,,,
43.338,lost,,,,
43.351,lost,,,,
43.363,lost,,,,
43.375,lost,,,,
43.393,lost,,,,
43.406,lost,,,,
43.418,lost,,,,
43.433,lost,,,,
43.445,lost,,,,
43.457,lost,,,,
43.469,lost,,,,
43.483,lost,,,,
43.495,lost,,,,
43.506,lost,,,,
43.518,lost,,,,
43.531,lost,,,,
43.544,lost,,,,
43.557,lost,,,,
43.570,lost,,,,
43.583,lost,,,,
43.595,lost,,,,
43.608,lost,,,,
43.620,lost,,,,
43.632,lost,,,,
43.644,lost,,,,
43.660,lost,,,,
43.673,lost,,,,
43.686,lost,,,,
43.702,lost,,,,
43.717,lost,,,,
43.729,lost,,,,
43.744,lost,,,,
43.758,lost,,,,
43.772,lost,,,,
43.783,lost,,,,
43.798,lost,,,,
43.811,lost,,,,
43.827,lost,,,,
43.841,lost,,,,
43.853,lost,,,,
43.866,lost,,,,
43.882,lost,,,,
43.894,lost,,,,
43.906,lost,,,,
43.919,lost,,,,
43.934,lost,,,,
43.949,lost,,,,
43.963,lost,,,,
43.976,lost,,,,
43.990,lost,,,,
44.007,lost,,,,
44.020,lost,,,,
44.035,lost,,,,
44.051,lost,,,,
44.066,lost,,,,
44.077,lost,,,,
44.090,lost,,,,
44.104,lost,,,,
44.119,lost,,,,
44.132,lost,,,,
44.144,lost,,,,
44.158,lost,,,,
44.174,lost,,,,
44.186,lost,,,,
44.199,lost,,,,
44.211,lost,,,,
44.225,lost,,,,
44.241,lost,,,,
44.256,lost,,,,
44.270,lost,,,,
44.284,lost,,,,
44.299,lost,,,,
44.311,lost,,,,
44.325,lost,,,,
44.340,lost,,,,
44.354,lost,,,,
44.368,lost,,,,
44.382,lost,,,,
44.395,lost,,,,
44.409,lost,,,,
44.421,lost,,,,
44.434,lost,,,,
44.450,lost,,,,
44.463,lost,,,,
44.474,lost,,,,
44.487,lost,,,,
44.499,lost,,,,
44.513,lost,,,,
44.526,lost,,,,
44.540,lost,,,,
44.553,lost,,,,
44.567,lost,,,,
44.582,lost,,,,
44.596,lost,,,,
44.609,lost,,,,
44.623,lost,,,,
44.638,lost,,,,
44.652,lost,,,,
44.665,lost,,,,
44.682,lost,,,,
44.694,lost,,,,
44.708,lost,,,,
44.723,lost,,,,
44.736,lost,,,,
44.749,lost,,,,
44.763,lost,,,,
44.775,lost,,,,
44.790,lost,,,,
44.805,lost,,,,
44.817,lost,,,,
44.830,lost,,,,
44.842,lost,,,,
44.857,lost,,,,
44.873,lost,,,,
44.888,lost,,,,
44.901,lost,,,,
44.915,lost,,,,
44.929,lost,,,,
44.942,lost,,,,
44.955,lost,,,,
44.969,lost,,,,
44.983,lost,,,,
44.995,lost,,,,
45.007,lost,,,,
45.021,lost,,,,
45.038,lost,,,,
45.052,lost,,,,
45.065,lost,,,,
45.079,lost,,,,
45.092,lost,,,,
45.107,lost,,,,
45.122,lost,,,,
45.136,lost,,,,
45.151,lost,,,,
45.166,lost,,,,
45.179,lost,,,,
45.191,lost,,,,
45.205,lost,,,,
45.218,lost,,,,
45.229,lost,,,,
45.241,lost,,,,
45.255,lost,,,,
45.269,lost,,,,
45.282,lost,,,,
45.294,lost,,,,
45.309,lost,,,,
45.324,lost,,,,
45.337,lost,,,,
45.352,lost,,,,
45.367,lost,,,,
45.382,lost,,,,
45.394,lost,,,,
45.406,lost,,,,
45.420,lost,,,,
45.433,lost,,,,
45.446,lost,,,,
45.460,lost,,,,
45.473,lost,,,,
45.488,lost,,,,
45.500,lost,,,,
45.512,lost,,,,
45.524,lost,,,,
45.539,lost,,,,
45.554,lost,,,,
45.566,lost,,,,
45.578,lost,,,,
45.593,lost,,,,
45.607,lost,,,,
45.619,lost,,,,
45.634,lost,,,,
45.648,lost,,,,
45.661,lost,,,,
45.674,lost,,,,
45.687,lost,,,,
45.700,lost,,,,
45.714,lost,,,,
45.727,lost,,,,
45.739,lost,,,,
45.752,lost,,,,
45.767,lost,,,,
45.780,lost,,,,
45.793,lost,,,,
45.806,lost,,,,
45.820,lost,,,,
45.834,lost,,,,
45.845,lost,,,,
45.860,lost,,,,
45.874,lost,,,,
45.889,lost,,,,
45.902,lost,,,,
45.915,lost,,,,
45.927,lost,,,,
45.941,lost,,,,
45.956,lost,,,,
45.970,lost,,,,
45.984,lost,,,,
46.000,lost,,,,
46.012,lost,,,,
46.025,lost,,,,
46.038,lost,,,,
46.052,lost,,,,
46.065,lost,,,,
46.080,lost,,,,
46.092,lost,,,,
46.104,lost,,,,
46.118,lost,,,,
46.130,lost,,,,
46.142,lost,,,,
46.153,lost,,,,
46.165,lost,,,,
46.178,lost,,,,
46.191,lost,,,,
46.204,lost,,,,
46.218,lost,,,,
46.229,lost,,,,
46.243,lost,,,,
46.255,lost,,,,
46.269,lost,,,,
46.282,lost,,,,
46.294,lost,,,,
46.305,lost,,,,
46.320,lost,,,,
46.335,lost,,,,
46.348,lost,,,,
46.360,lost,,,,
46.374,lost,,,,
46.391,lost,,,,
46.403,lost,,,,
46.414,lost,,,,
46.424,lost,,,,
46.436,lost,,,,
46.451,lost,,,,
46.463,lost,,,,
46.477,lost,,,,
46.490,lost,,,,
46.503,lost,,,,
46.515,lost,,,,
46.528,lost,,,,
46.542,lost,,,,
46.553,lost,,,,
46.564,lost,,,,
46.577,lost,,,,
46.591,lost,,,,
46.603,lost,,,,
46.615,lost,,,,
46.626,lost,,,,
46.640,lost,,,,
46.654,lost,,,,
46.665,lost,,,,
46.676,lost,,,,
46.690,lost,,,,
46.705,lost,,,,
46.716,lost,,,,
46.728,lost,,,,
46.740,lost,,,,
46.754,lost,,,,
46.767,lost,,,,
46.780,lost,,,,
46.792,lost,,,,
46.808,lost,,,,
46.819,lost,,,,
46.832,lost,,,,
46.846,lost,,,,
46.858,lost,,,,
46.872,lost,,,,
46.885,lost,,,,
46.899,lost,,,,
46.912,lost,,,,
46.925,lost,,,,
46.938,lost,,,,
46.953,lost,,,,
46.965,lost,,,,
46.977,lost,,,,
46.989,lost,,,,
47.004,lost,,,,
47.018,lost,,,,
47.029,lost,,,,
47.041,lost,,,,
47.054,lost,,,,
47.069,lost,,,,
47.085,lost,,,,
47.099,lost,,,,
47.110,lost,,,,
47.122,lost,,,,
47.132,lost,,,,
47.146,lost,,,,
47.158,lost,,,,
47.174,lost,,,,
47.186,lost,,,,
47.201,lost,,,,
47.214,lost,,,,
47.227,lost,,,,
47.240,lost,,,,
47.252,lost,,,,
47.265,lost,,,,
47.277,lost,,,,
47.289,lost,,,,
47.303,lost,,,,
47.318,lost,,,,
47.329,lost,,,,
47.340,lost,,,,
47.355,lost,,,,
47.368,lost,,,,
47.380,lost,,,,
47.392,lost,,,,
47.405,lost,,,,
47.418,lost,,,,
47.431,lost,,,,
47.442,lost,,,,
47.455,lost,,,,
47.468,lost,,,,
47.482,lost,,,,
47.494,lost,,,,
47.507,lost,,,,
47.523,lost,,,,
47.536,lost,,,,
47.549,lost,,,,
47.561,lost,,,,
47.576,lost,,,,
47.589,lost,,,,
47.602,lost,,,,
47.617,lost,,,,
47.631,lost,,,,
47.642,lost,,,,
47.656,lost,,,,
47.670,lost,,,,
47.683,lost,,,,
47.694,lost,,,,
47.705,lost,,,,
47.717,lost,,,,
47.731,lost,,,,
47.744,lost,,,,
47.756,lost,,,,
47.770,lost,,,,
47.785,lost,,,,
47.797,lost,,,,
47.809,lost,,,,
47.823,lost,,,,
47.836,lost,,,,
47.848,lost,,,,
47.860,lost,,,,
47.872,lost,,,,
47.887,lost,,,,
47.900,lost,,,,
47.912,lost,,,,
47.924,lost,,,,
47.938,lost,,,,
47.952,lost,,,,
47.965,lost,,,,
47.979,lost,,,,
47.993,lost,,,,
48.006,lost,,,,
48.017,lost,,,,
48.033,lost,,,,
48.045,lost,,,,
48.056,lost,,,,
48.066,lost,,,,
48.078,lost,,,,
48.092,lost,,,,
48.104,lost,,,,
48.115,lost,,,,
48.127,lost,,,,
48.140,lost,,,,
48.153,lost,,,,
48.165,lost,,,,
48.177,lost,,,,
48.190,lost,,,,
48.204,lost,,,,
48.216,lost,,,,
48.227,lost,,,,
48.240,lost,,,,
48.253,lost,,,,
48.265,lost,,,,
48.278,lost,,,,
48.292,lost,,,,
48.306,lost,,,,
48.318,lost,,,,
48.330,lost,,,,
48.344,lost,,,,
48.359,lost,,,,
48.370,lost,,,,
48.381,lost,,,,
48.394,lost,,,,
48.407,lost,,,,
48.420,lost,,,,
48.432,lost,,,,
48.445,lost,,,,
48.460,lost,,,,
48.474,lost,,,,
48.485,lost,,,,
48.497,lost,,,,
48.512,lost,,,,
48.524,lost,,,,
48.535,lost,,,,
48.548,lost,,,,
48.561,lost,,,,
48.573,lost,,,,
48.586,lost,,,,
48.598,lost,,,,
48.611,lost,,,,
48.626,lost,,,,
48.637,lost,,,,
48.648,lost,,,,
48.661,lost,,,,
48.673,lost,,,,
48.685,lost,,,,
48.696,lost,,,,
48.709,lost,,,,
48.724,lost,,,,
48.737,lost,,,,
48.749,lost,,,,
48.762,lost,,,,
48.776,lost,,,,
48.787,lost,,,,
48.800,lost,,,,
48.813,lost,,,,
48.825,lost,,,,
48.838,lost,,,,
48.849,lost,,,,
48.861,lost,,,,
48.874,lost,,,,
48.888,lost,,,,
48.902,lost,,,,
48.914,lost,,,,
48.927,lost,,,,
48.942,lost,,,,
48.955,lost,,,,
48.968,lost,,,,
48.982,lost,,,,
48.994,lost,,,,
49.006,lost,,,,
49.018,lost,,,,
49.033,lost,,,,
49.045,lost,,,,
49.057,lost,,,,
49.070,lost,,,,
49.084,lost,,,,
49.096,lost,,,,
49.108,lost,,,,
49.118,lost,,,,
49.132,lost,,,,
49.148,lost,,,,
49.160,lost,,,,
49.172,lost,,,,
49.187,lost,,,,
49.201,lost,,,,
49.212,lost,,,,
49.225,lost,,,,
49.237,lost,,,,
49.252,lost,,,,
49.265,lost,,,,
49.277,lost,,,,
49.291,lost,,,,
49.306,lost,,,,
49.320,lost,,,,
49.332,lost,,,,
49.346,lost,,,,
49.358,lost,,,,
49.370,lost,,,,
49.381,lost,,,,
49.394,lost,,,,
49.406,lost,,,,
49.421,lost,,,,
49.433,lost,,,,
49.446,lost,,,,
49.458,lost,,,,
49.473,lost,,,,
49.484,lost,,,,
49.495,lost,,,,
49.508,lost,,,,
49.521,lost,,,,
49.534,lost,,,,
49.548,lost,,,,
49.560,lost,,,,
49.576,lost,,,,
49.589,lost,,,,
49.601,lost,,,,
49.615,lost,,,,
49.630,lost,,,,
49.642,lost,,,,
49.655,lost,,,,
49.668,lost,,,,
49.682,lost,,,,
49.695,lost,,,,
49.707,lost,,,,
49.721,lost,,,,
49.736,lost,,,,
49.750,lost,,,,
49.762,lost,,,,
49.778,lost,,,,
49.796,lost,,,,
49.809,lost,,,,
49.822,lost,,,,
49.834,lost,,,,
49.848,lost,,,,
49.863,lost,,,,
49.877,lost,,,,
49.891,lost,,,,
49.907,lost,,,,
49.924,lost,,,,
49.937,lost,,,,
49.950,lost,,,,
49.963,lost,,,,
49.978,lost,,,,
49.992,lost,,,,
50.005,lost,,,,
50.020,lost,,,,
50.035,lost,,,,
50.046,lost,,,,
50.058,lost,,,,
50.072,lost,,,,
50.087,lost,,,,
50.102,lost,,,,
50.114,lost,,,,
50.125,lost,,,,
50.138,lost,,,,
50.154,lost,,,,
50.168,lost,,,,
50.183,lost,,,,
50.195,lost,,,,
50.207,lost,,,,
50.219,lost,,,,
50.232,lost,,,,
50.244,lost,,,,
50.260,lost,,,,
50.273,lost,,,,
50.288,lost,,,,
50.303,lost,,,,
50.315,lost,,,,
50.328,lost,,,,
50.341,lost,,,,
50.355,lost,,,,
50.368,lost,,,,
50.380,lost,,,,
50.393,lost,,,,
50.409,lost,,,,
50.422,lost,,,,
50.434,lost,,,,
50.446,lost,,,,
50.459,lost,,,,
50.473,lost,,,,
50.486,lost,,,,
50.498,lost,,,,
50.512,lost,,,,
50.526,lost,,,,
50.540,lost,,,,
50.552,lost,,,,
50.566,lost,,,,
50.579,lost,,,,
50.591,lost,,,,
50.604,lost,,,,
50.619,lost,,,,
50.633,lost,,,,
50.647,lost,,,,
50.661,lost,,,,
50.677,lost,,,,
50.691,lost,,,,
50.704,lost,,,,
50.718,lost,,,,
50.734,lost,,,,
50.750,lost,,,,
50.762,lost,,,,
50.776,lost,,,,
50.789,lost,,,,
50.803,lost,,,,
50.818,lost,,,,
50.830,lost,,,,
50.845,lost,,,,
50.858,lost,,,,
50.871,lost,,,,
50.887,lost,,,,
50.899,lost,,,,
50.915,lost,,,,
50.928,lost,,,,
50.943,lost,,,,
50.957,lost,,,,
50.973,lost,,,,
50.990,lost,,,,
51.006,lost,,,,
51.022,lost,,,,
51.035,lost,,,,
51.051,lost,,,,
51.064,lost,,,,
51.078,lost,,,,
51.092,lost,,,,
51.107,lost,,,,
51.121,lost,,,,
51.135,lost,,,,
51.154,lost,,,,
51.175,lost,,,,
51.194,lost,,,,
51.211,lost,,,,
51.228,lost,,,,
51.244,lost,,,,
51.263,lost,,,,
51.278,lost,,,,
51.295,lost,,,,
51.311,lost,,,,
51.328,lost,,,,
51.345,lost,,,,
51.362,lost,,,,
51.378,lost,,,,
51.396,lost,,,,
51.413,lost,,,,
51.430,lost,,,,
51.449,lost,,,,
51.466,lost,,,,
51.484,lost,,,,
51.501,lost,,,,
51.518,lost,,,,
51.538,lost,,,,
51.555,lost,,,,
51.576,lost,,,,
51.595,lost,,,,
51.615,lost,,,,
51.634,lost,,,,
51.654,lost,,,,
51.672,lost,,,,
51.691,lost,,,,
51.708,lost,,,,
51.728,lost,,,,
51.745,lost,,,,
51.764,lost,,,,
51.782,lost,,,,
51.802,lost,,,,
51.818,lost,,,,
51.834,lost,,,,
51.852,lost,,,,
51.869,lost,,,,
51.884,lost,,,,
51.899,lost,,,,
51.916,lost,,,,
51.934,lost,,,,
51.951,lost,,,,
51.967,lost,,,,
51.982,lost,,,,
51.996,lost,,,,
52.011,lost,,,,
52.027,lost,,,,
52.043,lost,,,,
52.060,lost,,,,
52.074,lost,,,,
52.087,lost,,,,
52.101,lost,,,,
52.112,lost,,,,
52.122,lost,,,,
52.136,lost,,,,
52.148,lost,,,,
52.160,lost,,,,
52.172,lost,,,,
52.184,lost,,,,
52.196,lost,,,,
52.207,lost,,,,
52.220,lost,,,,
52.234,lost,,,,
52.245,lost,,,,
52.256,lost,,,,
52.269,lost,,,,
52.282,lost,,,,
52.298,lost,,,,
52.311,lost,,,,
52.324,lost,,,,
52.338,lost,,,,
52.350,lost,,,,
52.364,lost,,,,
52.380,lost,,,,
52.395,lost,,,,
52.407,lost,,,,
52.420,lost,,,,
52.433,lost,,,,
52.444,lost,,,,
52.457,lost,,,,
52.469,lost,,,,
52.485,lost,,,,
52.500,lost,,,,
52.512,lost,,,,
52.524,lost,,,,
52.538,lost,,,,
52.554,lost,,,,
52.568,lost,,,,
52.583,lost,,,,
52.598,lost,,,,
52.613,lost,,,,
52.627,lost,,,,
52.639,lost,,,,
52.654,target,-0.209,0.225,1.924,1
52.668,target,-0.209,0.225,1.924,1
52.683,target,-0.209,0.225,1.924,1
52.696,target,-0.209,0.225,1.924,1
52.709,target,-0.209,0.225,1.924,1
52.726,target,-0.209,0.225,1.924,1
52.738,target,-0.209,0.225,1.924,1
52.752,target,-0.209,0.225,1.924,1
52.765,target,-0.209,0.225,1.924,1
52.782,target,-0.209,0.225,1.924,1
52.797,target,-0.209,0.225,1.924,1
52.811,target,-0.209,0.225,1.924,1
52.824,target,-0.209,0.225,1.924,1
52.835,target,-0.209,0.225,1.924,1
52.847,target,-0.209,0.225,1.924,1
52.860,target,-0.209,0.225,1.924,1
52.874,target,-0.209,0.225,1.924,1
52.887,target,-0.209,0.225,1.924,1
52.903,target,-0.209,0.225,1.924,1
52.918,target,-0.209,0.225,1.924,1
52.930,target,-0.209,0.225,1.924,1
52.943,target,-0.209,0.225,1.924,1
52.958,target,-0.209,0.225,1.924,1
52.969,target,-0.209,0.225,1.924,1
52.981,target,-0.209,0.225,1.924,1
52.995,target,-0.209,0.225,1.924,1
53.007,target,-0.209,0.225,1.924,1
53.021,target,-0.209,0.225,1.924,1
53.035,target,-0.209,0.225,1.924,1
53.050,target,-0.209,0.225,1.924,1
53.064,target,-0.209,0.225,1.924,1
53.078,target,-0.209,0.225,1.924,1
53.091,target,-0.209,0.225,1.924,1
53.100,target,-0.209,0.225,1.924,1
53.111,target,-0.209,0.225,1.924,1
53.121,target,-0.209,0.225,1.924,1
53.135,target,-0.209,0.225,1.924,1
53.150,target,-0.209,0.225,1.924,1
53.164,target,-0.209,0.225,1.924,1
53.180,target,-0.209,0.225,1.924,1
53.193,lost,,,,
53.203,lost,,,,
53.214,lost,,,,
53.223,lost,,,,
53.235,lost,,,,
53.249,lost,,,,
53.262,lost,,,,
53.273,lost,,,,
53.288,lost,,,,
53.298,lost,,,,
53.308,lost,,,,
53.320,lost,,,,
53.329,lost,,,,
53.340,lost,,,,
53.352,lost,,,,
53.361,lost,,,,
53.371,lost,,,,
53.382,lost,,,,
53.392,lost,,,,
53.401,lost,,,,
53.413,lost,,,,
53.423,lost,,,,
53.432,lost,,,,
53.443,lost,,,,
53.454,lost,,,,
53.466,lost,,,,
53.480,lost,,,,
53.492,lost,,,,
53.502,lost,,,,
53.513,lost,,,,
53.523,lost,,,,
53.535,lost,,,,
53.550,lost,,,,
53.562,lost,,,,
53.575,lost,,,,
53.587,lost,,,,
53.595,lost,,,,
53.606,lost,,,,
53.618,lost,,,,
53.627,lost,,,,
53.637,lost,,,,
53.649,lost,,,,
53.658,lost,,,,
53.667,lost,,,,
53.676,lost,,,,
53.686,lost,,,,
53.695,lost,,,,
53.706,lost,,,,
53.717,lost,,,,
53.726,lost,,,,
53.737,lost,,,,
53.748,lost,,,,
53.758,lost,,,,
53.768,lost,,,,
53.778,lost,,,,
53.791,lost,,,,
53.804,lost,,,,
53.816,lost,,,,
53.825,lost,,,,
53.835,lost,,,,
53.844,lost,,,,
53.856,lost,,,,
53.866,lost,,,,
53.875,lost,,,,
53.885,lost,,,,
53.895,lost,,,,
53.905,lost,,,,
53.917,lost,,,,
53.925,lost,,,,
53.935,lost,,,,
53.946,lost,,,,
53.956,lost,,,,
53.965,lost,,,,
53.976,lost,,,,
53.986,lost,,,,
53.995,lost,,,,
54.006,lost,,,,
54.018,lost,,,,
54.027,lost,,,,
54.041,lost,,,,
54.055,lost,,,,
54.064,lost,,,,
54.074,lost,,,,
54.086,lost,,,,
54.095,lost,,,,
54.106,lost,,,,
54.119,lost,,,,
54.128,lost,,,,
54.138,lost,,,,
54.151,lost,,,,
54.160,lost,,,,
54.170,lost,,,,
54.182,lost,,,,
54.191,lost,,,,
54.201,lost,,,,
54.212,lost,,,,
54.221,lost,,,,
54.230,lost,,,,
54.239,lost,,,,
54.251,lost,,,,
54.260,lost,,,,
54.271,lost,,,,
54.283,lost,,,,
54.295,lost,,,,
54.307,lost,,,,
54.320,lost,,,,
54.330,lost,,,,
54.338,lost,,,,
54.349,lost,,,,
54.357,lost,,,,
54.365,lost,,,,
54.373,lost,,,,
54.385,lost,,,,
54.394,lost,,,,
54.404,lost,,,,
54.416,lost,,,,
54.424,lost,,,,
54.432,lost,,,,
54.441,lost,,,,
54.453,lost,,,,
54.462,lost,,,,
54.472,lost,,,,
54.484,lost,,,,
54.492,lost,,,,
54.500,lost,,,,
54.508,lost,,,,
54.521,lost,,,,
54.530,lost,,,,
54.540,lost,,,,
54.552,lost,,,,
54.562,lost,,,,
54.572,lost,,,,
54.584,lost,,,,
54.593,lost,,,,
54.602,lost,,,,
54.614,lost,,,,
54.624,lost,,,,
54.636,lost,,,,
54.650,lost,,,,
54.663,lost,,,,
54.674,lost,,,,
54.686,lost,,,,
54.697,lost,,,,
54.708,lost,,,,
54.723,lost,,,,
54.735,lost,,,,
54.744,lost,,,,
54.758,lost,,,,
54.769,lost,,,,
54.780,lost,,,,
54.792,lost,,,,
54.804,lost,,,,
54.819,lost,,,,
54.828,lost,,,,
54.837,lost,,,,
54.849,lost,,,,
54.858,lost,,,,
54.868,lost,,,,
54.878,lost,,,,
54.889,lost,,,,
54.900,lost,,,,
54.909,lost,,,,
54.922,lost,,,,
54.931,lost,,,,
54.939,lost,,,,
54.952,lost,,,,
54.963,lost,,,,
54.973,lost,,,,
54.986,lost,,,,
54.996,lost,,,,
55.006,lost,,,,
55.017,lost,,,,
55.027,lost,,,,
55.036,lost,,,,
55.048,lost,,,,
55.060,lost,,,,
55.070,lost,,,,
55.079,lost,,,,
55.093,lost,,,,
55.111,lost,,,,
55.122,lost,,,,
55.134,lost,,,,
55.146,lost,,,,
55.157,lost,,,,
55.167,lost,,,,
55.177,lost,,,,
55.188,lost,,,,
55.197,lost,,,,
55.208,lost,,,,
55.217,lost,,,,
55.225,lost,,,,
55.234,lost,,,,
55.242,lost,,,,
55.254,lost,,,,
55.264,lost,,,,
55.273,lost,,,,
55.285,lost,,,,
55.296,lost,,,,
55.310,lost,,,,
55.323,lost,,,,
55.333,lost,,,,
55.341,lost,,,,
55.353,lost,,,,
55.362,lost,,,,
55.372,lost,,,,
55.386,lost,,,,
55.395,lost,,,,
55.404,lost,,,,
55.416,lost,,,,
55.424,lost,,,,
55.433,lost,,,,
55.444,lost,,,,
55.456,lost,,,,
55.468,lost,,,,
55.482,lost,,,,
55.495,lost,,,,
55.505,lost,,,,
55.517,lost,,,,
55.526,lost,,,,
55.535,lost,,,,
55.544,lost,,,,
55.557,lost,,,,
55.570,lost,,,,
55.583,lost,,,,
55.594,lost,,,,
55.605,lost,,,,
55.620,lost,,,,
55.632,lost,,,,
55.644,lost,,,,
55.655,lost,,,,
55.667,lost,,,,
55.680,lost,,,,
55.692,lost,,,,
55.703,lost,,,,
55.717,lost,,,,
55.727,lost,,,,
55.738,lost,,,,
55.753,lost,,,,
55.763,lost,,,,
55.772,lost,,,,
55.784,lost,,,,
55.792,lost,,,,
55.801,lost,,,,
55.814,lost,,,,
55.824,lost,,,,
55.834,lost,,,,
55.846,lost,,,,
55.856,lost,,,,
55.864,lost,,,,
55.872,lost,,,,
55.886,lost,,,,
55.894,lost,,,,
55.906,lost,,,,
55.916,lost,,,,
55.925,lost,,,,
55.935,lost,,,,
55.944,lost,,,,
55.956,lost,,,,
55.967,lost,,,,
55.977,lost,,,,
55.987,lost,,,,
55.994,lost,,,,
56.003,lost,,,,
56.013,lost,,,,
56.024,lost,,,,
56.033,lost,,,,
56.042,lost,,,,
56.053,lost,,,,
56.062,lost,,,,
56.070,lost,,,,
56.080,lost,,,,
56.092,lost,,,,
56.101,lost,,,,
56.111,lost,,,,
56.121,lost,,,,
56.132,lost,,,,
56.145,lost,,,,
56.156,lost,,,,
56.168,lost,,,,
56.181,lost,,,,
56.193,lost,,,,
56.206,lost,,,,
56.217,lost,,,,
56.225,lost,,,,
56.235,lost,,,,
56.245,lost,,,,
56.255,lost,,,,
56.265,lost,,,,
56.276,lost,,,,
56.286,lost,,,,
56.297,lost,,,,
56.308,lost,,,,
56.320,lost,,,,
56.329,lost,,,,
56.340,lost,,,,
56.351,lost,,,,
56.360,lost,,,,
56.374,lost,,,,
56.383,lost,,,,
56.392,lost,,,,
56.401,lost,,,,
56.412,lost,,,,
56.423,lost,,,,
56.435,lost,,,,
56.450,lost,,,,
56.460,lost,,,,
56.474,lost,,,,
56.487,lost,,,,
56.499,lost,,,,
56.513,lost,,,,
56.523,lost,,,,
56.535,lost,,,,
56.545,lost,,,,
56.556,lost,,,,
56.570,lost,,,,
56.579,lost,,,,
56.588,lost,,,,
56.598,lost,,,,
56.609,lost,,,,
56.619,lost,,,,
56.629,lost,,,,
56.641,lost,,,,
56.651,lost,,,,
56.661,lost,,,,
56.673,lost,,,,
56.684,lost,,,,
56.693,lost,,,,
56.706,lost,,,,
56.715,lost,,,,
56.725,lost,,,,
56.737,lost,,,,
56.746,lost,,,,
56.756,lost,,,,
56.768,lost,,,,
56.777,lost,,,,
56.787,lost,,,,
56.798,lost,,,,
56.809,lost,,,,
56.820,lost,,,,
56.830,lost,,,,
56.841,lost,,,,
56.850,lost,,,,
56.859,lost,,,,
56.871,lost,,,,
56.880,lost,,,,
56.890,lost,,,,
56.902,lost,,,,
56.909,lost,,,,
56.918,lost,,,,
56.928,lost,,,,
56.939,lost,,,,
56.948,lost,,,,
56.957,lost,,,,
56.970,lost,,,,
56.978,lost,,,,
56.989,lost,,,,
57.002,lost,,,,
57.010,lost,,,,
57.018,lost,,,,
57.027,lost,,,,
57.039,lost,,,,
57.049,lost,,,,
57.061,lost,,,,
57.073,lost,,,,
57.082,lost,,,,
57.094,lost,,,,
57.105,lost,,,,
57.117,lost,,,,
57.127,lost,,,,
57.139,lost,,,,
57.151,lost,,,,
57.164,lost,,,,
57.175,lost,,,,
57.187,lost,,,,
57.202,lost,,,,
57.212,lost,,,,
57.223,lost,,,,
57.235,lost,,,,
57.249,lost,,,,
57.261,lost,,,,
57.273,lost,,,,
57.282,lost,,,,
57.290,lost,,,,
57.302,lost,,,,
57.311,lost,,,,
57.325,lost,,,,
57.337,lost,,,,
57.350,lost,,,,
57.364,lost,,,,
57.378,lost,,,,
57.392,lost,,,,
57.405,lost,,,,
57.417,lost,,,,
57.429,lost,,,,
57.441,lost,,,,
57.453,lost,,,,
57.466,lost,,,,
57.473,lost,,,,
57.484,lost,,,,
57.494,lost,,,,
57.505,lost,,,,
57.513,lost,,,,
57.522,lost,,,,
57.535,lost,,,,
57.545,lost,,,,
57.556,lost,,,,
57.572,lost,,,,
57.586,lost,,,,
57.600,lost,,,,
57.608,lost,,,,
57.618,lost,,,,
57.629,lost,,,,
57.640,lost,,,,
57.649,lost,,,,
57.658,lost,,,,
57.669,lost,,,,
57.680,lost,,,,
57.693,lost,,,,
57.705,lost,,,,
57.714,lost,,,,
57.723,lost,,,,
57.736,lost,,,,
57.744,lost,,,,
57.752,lost,,,,
57.761,lost,,,,
57.772,lost,,,,
57.784,lost,,,,
57.799,lost,,,,
57.809,lost,,,,
57.820,lost,,,,
57.831,lost,,,,
57.845,lost,,,,
57.857,lost,,,,
57.870,lost,,,,
57.881,lost,,,,
57.892,lost,,,,
57.904,lost,,,,
57.913,lost,,,,
57.924,lost,,,,
57.935,lost,,,,
57.943,lost,,,,
57.953,lost,,,,
57.964,lost,,,,
57.973,lost,,,,
57.984,lost,,,,
57.997,lost,,,,
58.009,lost,,,,
58.022,lost,,,,
58.035,lost,,,,
58.044,lost,,,,
58.053,lost,,,,
58.067,lost,,,,
58.082,lost,,,,
58.096,lost,,,,
58.107,lost,,,,
58.119,lost,,,,
58.131,lost,,,,
58.143,lost,,,,
58.156,lost,,,,
58.167,lost,,,,
58.177,lost,,,,
58.191,lost,,,,
58.202,lost,,,,
58.214,lost,,,,
58.230,lost,,,,
58.241,lost,,,,
58.255,lost,,,,
58.268,lost,,,,
58.278,lost,,,,
58.290,lost,,,,
58.303,lost,,,,
58.317,lost,,,,
58.329,lost,,,,
58.342,lost,,,,
58.356,lost,,,,
58.369,lost,,,,
58.381,lost,,,,
58.394,lost,,,,
58.405,lost,,,,
58.418,lost,,,,
58.426,lost,,,,
58.436,lost,,,,
58.448,lost,,,,
58.457,lost,,,,
58.469,lost,,,,
58.479,lost,,,,
58.489,lost,,,,
58.500,lost,,,,
58.509,lost,,,,
58.521,lost,,,,
58.530,lost,,,,
58.541,lost,,,,
58.552,lost,,,,
58.560,lost,,,,
58.572,lost,,,,
58.582,lost,,,,
58.591,lost,,,,
58.600,lost,,,,
58.610,lost,,,,
58.621,lost,,,,
58.629,lost,,,,
58.640,lost,,,,
58.654,lost,,,,
58.664,lost,,,,
58.676,lost,,,,
58.688,lost,,,,
58.696,lost,,,,
58.707,lost,,,,
58.718,lost,,,,
58.725,lost,,,,
58.733,lost,,,,
58.741,lost,,,,
58.753,lost,,,,
58.762,lost,,,,
58.773,lost,,,,
58.784,lost,,,,
58.791,lost,,,,
58.799,lost,,,,
58.811,lost,,,,
58.825,lost,,,,
58.833,lost,,,,
58.842,lost,,,,
58.852,lost,,,,
58.864,lost,,,,
58.878,lost,,,,
58.890,lost,,,,
58.899,lost,,,,
58.909,lost,,,,
58.919,lost,,,,
58.927,lost,,,,
58.939,lost,,,,
58.950,lost,,,,
58.958,lost,,,,
58.968,lost,,,,
58.978,lost,,,,
58.989,lost,,,,
59.000,lost,,,,
59.012,lost,,,,
59.023,lost,,,,
59.034,lost,,,,
59.045,lost,,,,
59.056,lost,,,,
59.067,lost,,,,
59.077,lost,,,,
59.088,lost,,,,
59.097,lost,,,,
59.109,lost,,,,
59.118,lost,,,,
59.125,lost,,,,
59.135,lost,,,,
59.145,lost,,,,
59.156,lost,,,,
59.165,lost,,,,
59.176,lost,,,,
59.185,lost,,,,
59.194,lost,,,,
59.206,lost,,,,
59.220,lost,,,,
59.228,lost,,,,
59.237,lost,,,,
59.249,lost,,,,
59.258,lost,,,,
59.267,lost,,,,
59.278,lost,,,,
59.289,lost,,,,
59.299,lost,,,,
59.314,lost,,,,
59.325,lost,,,,
59.334,lost,,,,
59.343,lost,,,,
59.356,lost,,,,
59.365,lost,,,,
59.377,lost,,,,
59.388,lost,,,,
59.397,lost,,,,
59.408,lost,,,,
59.419,lost,,,,
59.426,lost,,,,
59.435,lost,,,,
59.448,lost,,,,
59.457,lost,,,,
59.468,lost,,,,
59.480,lost,,,,
59.490,lost,,,,
59.500,lost,,,,
59.512,lost,,,,
59.524,lost,,,,
59.533,lost,,,,
59.542,lost,,,,
59.555,lost,,,,
59.566,lost,,,,
59.579,lost,,,,
59.590,lost,,,,
59.602,lost,,,,
59.616,lost,,,,
59.624,lost,,,,
59.635,lost,,,,
59.647,lost,,,,
59.656,lost,,,,
59.667,lost,,,,
59.679,lost,,,,
59.689,lost,,,,
59.700,lost,,,,
59.711,lost,,,,
59.721,lost,,,,
59.731,lost,,,,
59.743,lost,,,,
59.753,lost,,,,
59.761,lost,,,,
59.771,lost,,,,
59.782,lost,,,,
59.794,lost,,,,
59.808,lost,,,,
59.820,lost,,,,
59.830,lost,,,,
59.842,lost,,,,
59.853,lost,,,,
59.866,lost,,,,
59.877,lost,,,,
59.890,lost,,,,
59.904,lost,,,,
59.916,lost,,,,
59.925,lost,,,,
59.938,lost,,,,
59.949,lost,,,,
59.957,lost,,,,
59.968,lost,,,,
59.979,lost,,,,
59.989,lost,,,,
60.001,lost,,,,
60.011,lost,,,,
60.021,lost,,,,
60.033,lost,,,,
60.042,lost,,,,
60.054,lost,,,,
60.069,lost,,,,
60.079,lost,,,,
60.090,lost,,,,
60.103,lost,,,,
60.115,lost,,,,
60.126,lost,,,,
60.140,lost,,,,
60.150,lost,,,,
60.159,lost,,,,
60.171,lost,,,,
60.181,lost,,,,
60.191,lost,,,,
60.203,lost,,,,
60.211,lost,,,,
60.220,lost,,,,
60.233,lost,,,,
60.241,lost,,,,
60.250,lost,,,,
60.260,lost,,,,
60.273,lost,,,,
60.282,lost,,,,
60.291,lost,,,,
60.304,lost,,,,
60.314,lost,,,,
60.325,lost,,,,
60.336,lost,,,,
60.343,lost,,,,
60.353,lost,,,,
60.366,lost,,,,
60.381,lost,,,,
60.403,lost,,,,
60.415,lost,,,,
60.429,lost,,,,
60.442,lost,,,,
60.453,lost,,,,
60.467,lost,,,,
60.478,lost,,,,
60.490,lost,,,,
60.505,lost,,,,
60.514,lost,,,,
60.525,lost,,,,
60.538,lost,,,,
60.548,lost,,,,
60.559,lost,,,,
60.572,lost,,,,
60.583,lost,,,,
60.595,lost,,,,
60.608,lost,,,,
60.622,lost,,,,
60.636,lost,,,,
60.647,lost,,,,
60.662,lost,,,,
60.673,lost,,,,
60.684,lost,,,,
60.696,lost,,,,
60.709,lost,,,,
60.719,lost,,,,
60.732,lost,,,,
60.744,lost,,,,
60.757,lost,,,,
60.770,lost,,,,
60.779,lost,,,,
60.791,lost,,,,
60.805,lost,,,,
60.815,lost,,,,
60.827,lost,,,,
60.838,lost,,,,
60.849,lost,,,,
60.861,lost,,,,
60.873,lost,,,,
60.887,lost,,,,
60.904,lost,,,,
60.914,lost,,,,
60.926,lost,,,,
60.938,lost,,,,
60.949,lost,,,,
60.961,lost,,,,
60.973,lost,,,,
60.983,lost,,,,
60.993,lost,,,,
61.004,lost,,,,
61.012,lost,,,,
61.020,lost,,,,
61.031,lost,,,,
61.042,lost,,,,
61.055,lost,,,,
61.068,lost,,,,
61.078,lost,,,,
61.088,lost,,,,
61.101,lost,,,,
61.112,lost,,,,
61.121,lost,,,,
61.135,lost,,,,
61.149,lost,,,,
61.161,lost,,,,
61.171,lost,,,,
61.183,lost,,,,
61.196,lost,,,,
61.209,lost,,,,
61.222,lost,,,,
61.235,lost,,,,
61.244,lost,,,,
61.255,lost,,,,
61.269,lost,,,,
61.279,lost,,,,
61.290,lost,,,,
61.304,lost,,,,
61.318,lost,,,,
61.333,lost,,,,
61.342,lost,,,,
61.352,lost,,,,
61.364,lost,,,,
61.379,lost,,,,
61.391,lost,,,,
61.404,lost,,,,
61.416,lost,,,,
61.430,lost,,,,
61.440,lost,,,,
61.451,lost,,,,
61.460,lost,,,,
61.471,lost,,,,
61.481,lost,,,,
61.490,lost,,,,
61.502,lost,,,,
61.515,lost,,,,
61.527,lost,,,,
61.536,lost,,,,
61.547,lost,,,,
61.562,lost,,,,
61.580,lost,,,,
61.595,lost,,,,
61.611,lost,,,,
61.626,lost,,,,
61.641,lost,,,,
61.657,lost,,,,
61.668,lost,,,,
61.678,lost,,,,
61.689,lost,,,,
61.699,lost,,,,
61.708,lost,,,,
61.719,lost,,,,
61.730,lost,,,,
61.740,lost,,,,
61.751,lost,,,,
61.763,lost,,,,
61.773,lost,,,,
61.785,lost,,,,
61.795,lost,,,,
61.805,lost,,,,
61.818,lost,,,,
61.828,lost,,,,
61.837,lost,,,,
61.848,lost,,,,
61.858,lost,,,,
61.868,lost,,,,
61.877,lost,,,,
61.889,lost,,,,
61.899,lost,,,,
61.908,lost,,,,
61.919,lost,,,,
61.927,lost,,,,
61.935,lost,,,,
61.945,lost,,,,
61.955,lost,,,,
61.966,lost,,,,
61.975,lost,,,,
61.986,lost,,,,
61.993,lost,,,,
62.004,lost,,,,
62.015,lost,,,,
62.023,lost,,,,
62.031,lost,,,,
62.041,lost,,,,
62.050,lost,,,,
62.062,lost,,,,
62.077,lost,,,,
62.089,lost,,,,
62.102,lost,,,,
62.115,lost,,,,
62.125,lost,,,,
62.136,lost,,,,
62.148,lost,,,,
62.158,lost,,,,
62.168,lost,,,,
62.179,lost,,,,
62.190,lost,,,,
62.202,lost,,,,
62.215,lost,,,,
62.228,lost,,,,
62.238,lost,,,,
62.250,lost,,,,
62.259,lost,,,,
62.269,lost,,,,
62.282,lost,,,,
62.291,lost,,,,
62.305,lost,,,,
62.319,lost,,,,
62.333,lost,,,,
62.346,lost,,,,
62.358,lost,,,,
62.370,lost,,,,
62.385,lost,,,,
62.399,lost,,,,
62.412,lost,,,,
62.424,lost,,,,
62.437,lost,,,,
62.453,lost,,,,
62.465,lost,,,,
62.479,lost,,,,
62.490,lost,,,,
62.501,lost,,,,
62.513,lost,,,,
62.524,lost,,,,
62.534,lost,,,,
62.543,lost,,,,
62.555,lost,,,,
62.567,lost,,,,
62.583,lost,,,,
62.593,lost,,,,
62.603,lost,,,,
62.613,lost,,,,
62.625,lost,,,,
62.639,lost,,,,
62.654,lost,,,,
62.664,lost,,,,
62.675,lost,,,,
62.687,lost,,,,
62.696,lost,,,,
62.707,lost,,,,
62.720,lost,,,,
62.730,lost,,,,
62.740,lost,,,,
62.755,lost,,,,
62.766,lost,,,,
62.777,lost,,,,
62.787,lost,,,,
62.798,lost,,,,
62.808,lost,,,,
62.820,lost,,,,
62.831,lost,,,,
62.842,lost,,,,
62.853,lost,,,,
62.863,lost,,,,
62.873,lost,,,,
62.887,lost,,,,
62.898,lost,,,,
62.907,lost,,,,
62.920,lost,,,,
62.930,lost,,,,
62.939,lost,,,,
62.951,lost,,,,
62.960,lost,,,,
62.971,lost,,,,
62.984,lost,,,,
62.995,lost,,,,
63.008,lost,,,,
63.022,lost,,,,
63.031,lost,,,,
63.041,lost,,,,
63.054,lost,,,,
63.067,lost,,,,
63.083,lost,,,,
63.092,lost,,,,
63.102,lost,,,,
63.113,lost,,,,
63.123,lost,,,,
63.135,lost,,,,
63.146,lost,,,,
63.156,lost,,,,
63.167,lost,,,,
63.178,lost,,,,
63.188,lost,,,,
63.201,lost,,,,
63.213,lost,,,,
63.226,lost,,,,
63.236,lost,,,,
63.247,lost,,,,
63.257,lost,,,,
63.268,lost,,,,
63.281,lost,,,,
63.292,lost,,,,
63.309,lost,,,,
63.322,lost,,,,
63.336,lost,,,,
63.350,lost,,,,
63.361,lost,,,,
63.377,lost,,,,
63.389,lost,,,,
63.398,lost,,,,
63.407,lost,,,,
63.420,lost,,,,
63.433,lost,,,,
63.444,lost,,,,
63.456,lost,,,,
63.468,lost,,,,
63.483,lost,,,,
63.494,lost,,,,
63.504,lost,,,,
63.517,lost,,,,
63.527,lost,,,,
63.538,lost,,,,
63.550,lost,,,,
63.559,lost,,,,
63.573,lost,,,,
63.586,lost,,,,
63.600,lost,,,,
63.615,lost,,,,
63.626,lost,,,,
63.636,lost,,,,
63.647,lost,,,,
63.658,lost,,,,
63.669,lost,,,,
63.680,lost,,,,
63.688,lost,,,,
63.696,lost,,,,
63.705,lost,,,,
63.715,lost,,,,
63.728,lost,,,,
63.741,lost,,,,
63.753,lost,,,,
63.767,lost,,,,
63.778,lost,,,,
63.790,lost,,,,
63.803,lost,,,,
63.816,lost,,,,
63.827,lost,,,,
63.838,lost,,,,
63.850,lost,,,,
63.859,lost,,,,
63.869,lost,,,,
63.881,lost,,,,
63.891,lost,,,,
63.901,lost,,,,
63.912,lost,,,,
63.923,lost,,,,
63.933,lost,,,,
63.942,lost,,,,
63.955,lost,,,,
63.965,lost,,,,
63.974,lost,,,,
63.986,lost,,,,
63.996,lost,,,,
64.006,lost,,,,
64.019,lost,,,,
64.028,lost,,,,
64.039,lost,,,,
64.051,lost,,,,
64.060,lost,,,,
64.071,lost,,,,
64.085,lost,,,,
64.095,lost,,,,
64.106,lost,,,,
64.118,lost,,,,
64.127,lost,,,,
64.135,lost,,,,
64.144,lost,,,,
64.157,lost,,,,
64.170,lost,,,,
64.181,lost,,,,
64.190,lost,,,,
64.202,lost,,,,
64.213,lost,,,,
64.223,lost,,,,
64.234,lost,,,,
64.245,lost,,,,
64.255,lost,,,,
64.267,lost,,,,
64.279,lost,,,,
64.290,lost,,,,
64.300,lost,,,,
64.310,lost,,,,
64.322,lost,,,,
64.335,lost,,,,
64.349,lost,,,,
64.358,lost,,,,
64.366,lost,,,,
64.373,lost,,,,
64.385,lost,,,,
64.395,lost,,,,
64.407,lost,,,,
64.421,lost,,,,
64.436,lost,,,,
64.451,lost,,,,
64.461,lost,,,,
64.472,lost,,,,
64.486,lost,,,,
64.496,lost,,,,
64.507,lost,,,,
64.520,lost,,,,
64.532,lost,,,,
64.543,lost,,,,
64.556,lost,,,,
64.567,lost,,,,
64.577,lost,,,,
64.590,lost,,,,
64.601,lost,,,,
64.612,lost,,,,
64.623,lost,,,,
64.636,lost,,,,
64.652,lost,,,,
64.665,lost,,,,
64.679,lost,,,,
64.689,lost,,,,
64.700,lost,,,,
64.711,lost,,,,
64.721,lost,,,,
64.730,lost,,,,
64.738,lost,,,,
64.750,lost,,,,
64.762,lost,,,,
64.776,lost,,,,
64.785,lost,,,,
64.794,lost,,,,
64.804,lost,,,,
64.816,lost,,,,
64.826,lost,,,,
64.841,lost,,,,
64.851,lost,,,,
64.862,lost,,,,
64.873,lost,,,,
64.885,lost,,,,
64.894,lost,,,,
64.906,lost,,,,
64.917,lost,,,,
64.927,lost,,,,
64.939,lost,,,,
64.949,lost,,,,
64.958,lost,,,,
64.970,lost,,,,
64.980,lost,,,,
64.990,lost,,,,
65.002,lost,,,,
65.012,lost,,,,
65.023,lost,,,,
65.038,lost,,,,
65.051,lost,,,,
65.061,lost,,,,
65.072,lost,,,,
65.085,lost,,,,
65.100,lost,,,,
65.113,lost,,,,
65.126,lost,,,,
65.139,lost,,,,
65.151,lost,,,,
65.165,lost,,,,
65.179,lost,,,,
65.189,lost,,,,
65.201,lost,,,,
65.210,lost,,,,
65.220,lost,,,,
65.231,lost,,,,
65.242,lost,,,,
65.252,lost,,,,
65.263,lost,,,,
65.274,lost,,,,
65.284,lost,,,,
65.295,lost,,,,
65.306,lost,,,,
65.316,lost,,,,
65.328,lost,,,,
65.341,lost,,,,
65.351,lost,,,,
65.364,lost,,,,
65.374,lost,,,,
65.384,lost,,,,
65.397,lost,,,,
65.407,lost,,,,
65.417,lost,,,,
65.429,lost,,,,
65.438,lost,,,,
65.450,lost,,,,
65.463,lost,,,,
65.477,lost,,,,
65.489,lost,,,,
65.500,lost,,,,
65.512,lost,,,,
65.525,lost,,,,
65.537,lost,,,,
65.545,lost,,,,
65.554,lost,,,,
65.564,lost,,,,
65.576,lost,,,,
65.589,lost,,,,
65.602,lost,,,,
65.611,lost,,,,
65.623,lost,,,,
65.637,lost,,,,
65.645,lost,,,,
65.656,lost,,,,
65.669,lost,,,,
65.678,lost,,,,
65.689,lost,,,,
65.701,lost,,,,
65.710,lost,,,,
65.721,lost,,,,
65.734,lost,,,,
65.746,lost,,,,
65.758,lost,,,,
65.774,lost,,,,
65.785,lost,,,,
65.797,lost,,,,
65.807,lost,,,,
65.817,lost,,,,
65.830,lost,,,,
65.841,lost,,,,
65.852,lost,,,,
65.861,lost,,,,
65.873,lost,,,,
65.885,lost,,,,
65.897,lost,,,,
65.908,lost,,,,
65.918,lost,,,,
65.929,lost,,,,
65.939,lost,,,,
65.947,lost,,,,
65.957,lost,,,,
65.970,lost,,,,
65.981,lost,,,,
65.991,lost,,,,
66.002,lost,,,,
66.012,lost,,,,
66.022,lost,,,,
66.034,lost,,,,
66.045,lost,,,,
66.054,lost,,,,
66.066,lost,,,,
66.076,lost,,,,
66.088,lost,,,,
66.101,lost,,,,
66.111,lost,,,,
66.123,lost,,,,
66.135,lost,,,,
66.145,lost,,,,
66.156,lost,,,,
66.170,lost,,,,
66.179,lost,,,,
66.189,lost,,,,
66.201,lost,,,,
66.210,lost,,,,
66.221,lost,,,,
66.233,lost,,,,
66.242,lost,,,,
66.251,lost,,,,
66.260,lost,,,,
66.273,lost,,,,
66.286,lost,,,,
66.297,lost,,,,
66.309,lost,,,,
66.321,lost,,,,
66.337,lost,,,,
66.347,lost,,,,
66.358,lost,,,,
66.369,lost,,,,
66.377,lost,,,,
66.385,lost,,,,
66.397,lost,,,,
66.408,lost,,,,
66.420,lost,,,,
66.434,lost,,,,
66.443,lost,,,,
66.454,lost,,,,
66.465,lost,,,,
66.474,lost,,,,
66.484,lost,,,,
66.494,lost,,,,
66.505,lost,,,,
66.516,lost,,,,
66.527,lost,,,,
66.539,lost,,,,
66.552,lost,,,,
66.566,lost,,,,
66.575,lost,,,,
66.589,lost,,,,
66.599,lost,,,,
66.608,lost,,,,
66.619,lost,,,,
66.629,lost,,,,
66.638,lost,,,,
66.650,lost,,,,
66.661,lost,,,,
66.673,lost,,,,
66.689,lost,,,,
66.699,lost,,,,
66.708,lost,,,,
66.721,lost,,,,
66.730,lost,,,,
66.741,lost,,,,
66.753,lost,,,,
66.763,lost,,,,
66.773,lost,,,,
66.787,lost,,,,
66.799,lost,,,,
66.812,lost,,,,
66.828,lost,,,,
66.838,lost,,,,
66.849,lost,,,,
66.859,lost,,,,
66.871,lost,,,,
66.884,lost,,,,
66.897,lost,,,,
66.910,lost,,,,
66.924,lost,,,,
66.937,lost,,,,
66.951,lost,,,,
66.963,lost,,,,
66.975,lost,,,,
66.988,lost,,,,
66.996,lost,,,,
67.006,lost,,,,
67.020,lost,,,,
67.032,lost,,,,
67.047,lost,,,,
67.059,lost,,,,
67.071,lost,,,,
67.087,lost,,,,
67.099,lost,,,,
67.110,lost,,,,
67.122,lost,,,,
67.134,lost,,,,
67.149,lost,,,,
67.160,lost,,,,
67.170,lost,,,,
67.182,lost,,,,
67.193,lost,,,,
67.205,lost,,,,
67.219,lost,,,,
67.230,lost,,,,
67.241,lost,,,,
67.254,lost,,,,
67.264,lost,,,,
67.275,lost,,,,
67.288,lost,,,,
67.299,lost,,,,
67.309,lost,,,,
67.322,lost,,,,
67.337,lost,,,,
67.354,lost,,,,
67.364,lost,,,,
67.375,lost,,,,
67.387,lost,,,,
67.399,lost,,,,
67.411,lost,,,,
67.424,lost,,,,
67.434,lost,,,,
67.444,lost,,,,
67.458,lost,,,,
67.471,lost,,,,
67.487,lost,,,,
67.500,lost,,,,
67.513,lost,,,,
67.527,lost,,,,
67.537,lost,,,,
67.547,lost,,,,
67.558,lost,,,,
67.571,lost,,,,
67.588,lost,,,,
67.599,lost,,,,
67.609,lost,,,,
67.622,lost,,,,
67.635,lost,,,,
67.648,lost,,,,
67.661,lost,,,,
67.672,lost,,,,
67.684,lost,,,,
67.695,lost,,,,
67.709,lost,,,,
67.724,lost,,,,
67.737,lost,,,,
67.749,lost,,,,
67.761,lost,,,,
67.774,lost,,,,
67.788,lost,,,,
67.805,lost,,,,
67.820,lost,,,,
67.837,lost,,,,
67.854,lost,,,,
67.870,lost,,,,
67.883,lost,,,,
67.897,lost,,,,
67.911,lost,,,,
67.928,lost,,,,
67.940,lost,,,,
67.953,lost,,,,
67.968,lost,,,,
67.981,lost,,,,
67.995,lost,,,,
68.006,lost,,,,
68.019,lost,,,,
68.033,lost,,,,
68.046,lost,,,,
68.059,lost,,,,
68.070,lost,,,,
68.084,lost,,,,
68.097,lost,,,,
68.108,lost,,,,
68.122,lost,,,,
68.134,lost,,,,
68.143,lost,,,,
68.157,lost,,,,
68.170,lost,,,,
68.182,lost,,,,
68.196,lost,,,,
68.207,lost,,,,
68.221,lost,,,,
68.235,lost,,,,
68.246,lost,,,,
68.261,lost,,,,
68.273,lost,,,,
68.289,lost,,,,
68.304,lost,,,,
68.316,lost,,,,
68.329,lost,,,,
68.341,lost,,,,
68.355,target,-0.003,-0.012,10.125,1
68.368,target,-0.003,-0.012,10.125,1
68.381,target,-0.003,-0.012,10.125,1
68.393,target,-0.003,-0.012,10.125,1
68.406,target,-0.003,-0.012,10.125,1
68.417,target,-0.003,-0.012,10.125,1
68.428,target,-0.003,-0.012,10.125,1
68.439,target,-0.003,-0.012,10.125,1
68.453,target,-0.003,-0.012,10.125,1
68.463,target,-0.003,-0.012,10.125,1
68.475,target,-0.003,-0.012,10.125,1
68.488,target,-0.003,-0.012,10.125,1
68.503,target,-0.003,-0.012,10.125,1
68.517,target,-0.003,-0.012,10.125,1
68.530,target,-0.003,-0.012,10.125,1
68.541,target,-0.003,-0.012,10.125,1
68.555,target,-0.003,-0.012,10.125,1
68.567,target,-0.003,-0.012,10.125,1
68.579,target,-0.003,-0.012,10.125,1
68.593,target,-0.003,-0.012,10.125,1
68.607,target,-0.003,-0.012,10.125,1
68.620,target,-0.003,-0.012,10.125,1
68.632,target,-0.003,-0.012,10.125,1
68.643,target,-0.003,-0.012,10.125,1
68.656,target,-0.003,-0.012,10.125,1
68.671,target,-0.003,-0.012,10.125,1
68.686,target,-0.003,-0.012,10.125,1
68.696,target,-0.003,-0.012,10.125,1
68.708,target,-0.003,-0.012,10.125,1
68.721,target,-0.003,-0.012,10.125,1
68.732,target,-0.003,-0.012,10.125,1
68.742,target,-0.003,-0.012,10.125,1
68.755,target,-0.003,-0.012,10.125,1
68.767,target,-0.003,-0.012,10.125,1
68.778,target,-0.003,-0.012,10.125,1
68.791,target,-0.003,-0.012,10.125,1
68.803,target,-0.003,-0.012,10.125,1
68.815,target,-0.003,-0.012,10.125,1
68.826,target,-0.003,-0.012,10.125,1
68.840,target,-0.003,-0.012,10.125,1
68.858,target,-0.003,-0.012,10.125,1
68.870,target,-0.003,-0.012,10.125,1
68.882,target,-0.003,-0.012,10.125,1
68.892,lost,,,,
68.907,lost,,,,
68.922,lost,,,,
68.932,lost,,,,
68.941,lost,,,,
68.955,lost,,,,
68.969,lost,,,,
68.982,lost,,,,
68.995,lost,,,,
69.006,lost,,,,
69.020,lost,,,,
69.034,lost,,,,
69.046,lost,,,,
69.060,lost,,,,
69.072,lost,,,,
69.088,lost,,,,
69.100,lost,,,,
69.112,lost,,,,
69.124,lost,,,,
69.140,lost,,,,
69.157,lost,,,,
69.174,lost,,,,
69.189,lost,,,,
69.205,lost,,,,
69.220,lost,,,,
69.231,lost,,,,
69.242,lost,,,,
69.256,lost,,,,
69.267,lost,,,,
69.276,lost,,,,
69.290,lost,,,,
69.303,lost,,,,
69.318,lost,,,,
69.331,lost,,,,
69.344,lost,,,,
69.361,lost,,,,
69.373,lost,,,,
69.385,lost,,,,
69.397,lost,,,,
69.409,lost,,,,
69.425,lost,,,,
69.436,lost,,,,
69.447,lost,,,,
69.457,lost,,,,
69.469,lost,,,,
69.481,lost,,,,
69.492,lost,,,,
69.505,lost,,,,
69.520,lost,,,,
69.530,lost,,,,
69.540,lost,,,,
69.553,lost,,,,
69.565,lost,,,,
69.575,lost,,,,
69.587,lost,,,,
69.598,lost,,,,
69.610,lost,,,,
69.623,lost,,,,
69.636,lost,,,,
69.647,lost,,,,
69.658,lost,,,,
69.670,lost,,,,
69.680,lost,,,,
69.692,lost,,,,
69.704,lost,,,,
69.717,lost,,,,
69.730,lost,,,,
69.742,lost,,,,
69.755,lost,,,,
69.768,lost,,,,
69.779,lost,,,,
69.790,lost,,,,
69.804,lost,,,,
69.820,lost,,,,
69.834,lost,,,,
69.850,lost,,,,
69.864,lost,,,,
69.879,lost,,,,
69.891,lost,,,,
69.904,lost,,,,
69.919,lost,,,,
69.932,lost,,,,
69.946,lost,,,,
69.959,lost,,,,
69.972,lost,,,,
69.989,lost,,,,
70.008,lost,,,,
70.021,lost,,,,
70.036,lost,,,,
70.049,lost,,,,
70.061,lost,,,,
70.073,lost,,,,
70.084,lost,,,,
70.099,lost,,,,
70.113,lost,,,,
70.129,lost,,,,
70.147,lost,,,,
70.157,lost,,,,
70.169,lost,,,,
70.179,lost,,,,
70.192,lost,,,,
70.207,lost,,,,
70.221,lost,,,,
70.235,lost,,,,
70.248,lost,,,,
70.260,lost,,,,
70.272,lost,,,,
70.284,lost,,,,
70.296,lost,,,,
70.308,lost,,,,
70.318,lost,,,,
70.329,lost,,,,
70.340,target,-0.003,-0.012,10.129,1
70.353,target,-0.003,-0.012,10.129,1
70.367,target,-0.003,-0.012,10.129,1
70.378,target,-0.003,-0.012,10.129,1
70.388,target,-0.003,-0.012,10.129,1
70.402,target,-0.003,-0.012,10.129,1
70.414,target,-0.003,-0.012,10.129,1
70.424,target,-0.003,-0.012,10.129,1
70.435,target,-0.003,-0.012,10.129,1
70.446,target,-0.003,-0.012,10.129,1
70.459,target,-0.003,-0.012,10.129,1
70.475,target,-0.003,-0.012,10.129,1
70.485,target,-0.003,-0.012,10.129,1
70.497,target,-0.003,-0.012,10.129,1
70.508,target,-0.003,-0.012,10.129,1
70.519,target,-0.003,-0.012,10.129,1
70.533,target,-0.003,-0.012,10.129,1
70.544,target,-0.003,-0.012,10.129,1
70.555,target,-0.003,-0.012,10.129,1
70.570,target,-0.003,-0.012,10.129,1
70.581,target,-0.003,-0.012,10.129,1
70.592,target,-0.003,-0.012,10.129,1
70.607,target,-0.003,-0.012,10.129,1
70.620,target,-0.003,-0.012,10.129,1
70.634,target,-0.003,-0.012,10.129,1
70.646,target,-0.003,-0.012,10.129,1
70.656,target,-0.003,-0.012,10.129,1
70.669,target,-0.003,-0.012,10.129,1
70.681,target,-0.003,-0.012,10.129,1
70.693,target,-0.003,-0.012,10.129,1
70.708,target,-0.003,-0.012,10.129,1
70.721,target,-0.003,-0.012,10.129,1
70.736,target,-0.003,-0.012,10.129,1
70.749,target,-0.003,-0.012,10.129,1
70.764,target,-0.003,-0.012,10.129,1
70.778,target,-0.003,-0.012,10.129,1
70.791,target,-0.003,-0.012,10.129,1
70.807,target,-0.003,-0.012,10.129,1
70.822,target,-0.003,-0.012,10.129,1
70.839,target,-0.003,-0.012,10.129,1
70.854,target,-0.003,-0.012,10.129,1
70.873,lost,,,,
70.886,lost,,,,
70.899,lost,,,,
70.912,lost,,,,
70.925,lost,,,,
70.941,lost,,,,
70.955,lost,,,,
70.970,lost,,,,
70.982,lost,,,,
70.993,lost,,,,
71.006,lost,,,,
71.020,lost,,,,
71.034,lost,,,,
71.045,lost,,,,
71.056,lost,,,,
71.070,lost,,,,
71.081,lost,,,,
71.092,lost,,,,
71.106,lost,,,,
71.120,lost,,,,
71.135,lost,,,,
71.150,lost,,,,
71.160,lost,,,,
71.173,lost,,,,
71.185,lost,,,,
71.195,lost,,,,
71.207,lost,,,,
71.219,lost,,,,
71.231,lost,,,,
71.243,lost,,,,
71.253,lost,,,,
71.263,lost,,,,
71.275,lost,,,,
71.286,lost,,,,
71.296,lost,,,,
71.308,lost,,,,
71.323,lost,,,,
71.338,lost,,,,
71.352,lost,,,,
71.366,lost,,,,
71.379,target,-0.003,-0.073,10.219,1
71.390,target,-0.003,-0.073,10.219,1
71.406,target,-0.003,-0.073,10.219,1
71.417,target,-0.003,-0.073,10.219,1
71.428,target,-0.003,-0.073,10.219,1
71.440,target,-0.003,-0.073,10.219,1
71.454,target,-0.003,-0.073,10.219,1
71.469,target,-0.003,-0.073,10.219,1
71.480,target,-0.003,-0.073,10.219,1
71.491,target,-0.003,-0.073,10.219,1
71.504,target,-0.003,-0.073,10.219,1
71.517,target,-0.003,-0.073,10.219,1
71.531,target,-0.003,-0.073,10.219,1
71.543,target,-0.003,-0.073,10.219,1
71.556,target,-0.003,-0.073,10.219,1
71.571,target,-0.003,-0.073,10.219,1
71.584,target,-0.003,-0.073,10.219,1
71.599,target,-0.003,-0.073,10.219,1
71.613,target,-0.003,-0.073,10.219,1
71.627,target,-0.003,-0.073,10.219,1
71.641,target,-0.003,-0.073,10.219,1
71.655,target,-0.003,-0.073,10.219,1
71.669,target,-0.003,-0.073,10.219,1
71.682,target,-0.003,-0.073,10.219,1
71.693,target,-0.003,-0.073,10.219,1
71.706,target,-0.003,-0.073,10.219,1
71.719,target,-0.003,-0.073,10.219,1
71.733,target,-0.003,-0.073,10.219,1
71.743,target,-0.003,-0.073,10.219,1
71.754,target,-0.003,-0.073,10.219,1
71.768,target,-0.003,-0.073,10.219,1
71.782,target,-0.003,-0.073,10.219,1
71.798,target,-0.003,-0.073,10.219,1
71.807,target,-0.003,-0.073,10.219,1
71.819,target,-0.003,-0.073,10.219,1
71.832,target,-0.003,-0.073,10.219,1
71.843,target,-0.003,-0.073,10.219,1
71.855,target,-0.003,-0.073,10.219,1
71.868,target,-0.003,-0.073,10.219,1
71.878,target,-0.003,-0.073,10.219,1
71.889,target,-0.003,-0.073,10.219,1
71.901,lost,,,,
71.913,lost,,,,
71.926,lost,,,,
71.936,lost,,,,
71.948,lost,,,,
71.959,lost,,,,
71.971,lost,,,,
71.983,lost,,,,
71.993,lost,,,,
72.004,lost,,,,
72.017,lost,,,,
72.029,lost,,,,
72.039,lost,,,,
72.051,lost,,,,
72.061,lost,,,,
72.071,lost,,,,
72.084,lost,,,,
72.095,lost,,,,
72.106,lost,,,,
72.120,lost,,,,
72.131,lost,,,,
72.143,lost,,,,
72.157,lost,,,,
72.168,lost,,,,
72.180,lost,,,,
72.192,lost,,,,
72.203,lost,,,,
72.219,lost,,,,
72.231,lost,,,,
72.246,lost,,,,
72.261,lost,,,,
72.275,lost,,,,
72.289,lost,,,,
72.303,lost,,,,
72.321,lost,,,,
72.330,lost,,,,
72.341,lost,,,,
72.355,lost,,,,
72.369,lost,,,,
72.381,lost,,,,
72.391,lost,,,,
72.404,lost,,,,
72.418,lost,,,,
72.432,lost,,,,
72.445,lost,,,,
72.457,lost,,,,
72.470,lost,,,,
72.485,lost,,,,
72.499,lost,,,,
72.510,lost,,,,
72.522,lost,,,,
72.537,lost,,,,
72.554,lost,,,,
72.564,lost,,,,
72.575,lost,,,,
72.588,lost,,,,
72.598,lost,,,,
72.610,lost,,,,
72.622,lost,,,,
72.633,lost,,,,
72.644,lost,,,,
72.656,lost,,,,
72.669,lost,,,,
72.683,lost,,,,
72.695,lost,,,,
72.708,lost,,,,
72.724,lost,,,,
72.735,lost,,,,
72.746,lost,,,,
72.758,lost,,,,
72.770,lost,,,,
72.785,lost,,,,
72.799,lost,,,,
72.811,lost,,,,
72.824,lost,,,,
72.837,lost,,,,
72.852,lost,,,,
72.866,lost,,,,
72.880,lost,,,,
72.893,lost,,,,
72.906,lost,,,,
72.922,lost,,,,
72.936,lost,,,,
72.950,lost,,,,
72.962,lost,,,,
72.977,lost,,,,
72.994,lost,,,,
73.006,lost,,,,
73.019,lost,,,,
73.029,lost,,,,
73.040,lost,,,,
73.054,lost,,,,
73.068,lost,,,,
73.082,lost,,,,
73.095,lost,,,,
73.108,lost,,,,
73.126,lost,,,,
73.137,lost,,,,
73.148,lost,,,,
73.160,lost,,,,
73.171,lost,,,,
73.184,lost,,,,
73.194,lost,,,,
73.205,lost,,,,
73.218,lost,,,,
73.228,lost,,,,
73.242,lost,,,,
73.259,lost,,,,
73.272,lost,,,,
73.285,lost,,,,
73.300,lost,,,,
73.314,lost,,,,
73.329,lost,,,,
73.340,lost,,,,
73.357,lost,,,,
73.371,lost,,,,
73.383,lost,,,,
73.396,lost,,,,
73.407,lost,,,,
73.421,lost,,,,
73.432,lost,,,,
73.443,lost,,,,
73.455,lost,,,,
73.467,lost,,,,
73.478,lost,,,,
73.490,lost,,,,
73.502,lost,,,,
73.515,lost,,,,
73.527,lost,,,,
73.541,lost,,,,
73.553,lost,,,,
73.565,lost,,,,
73.577,lost,,,,
73.589,lost,,,,
73.601,lost,,,,
73.613,lost,,,,
73.624,lost,,,,
73.637,lost,,,,
73.650,lost,,,,
73.660,lost,,,,
73.671,lost,,,,
73.684,lost,,,,
73.694,lost,,,,
73.705,lost,,,,
73.719,lost,,,,
73.729,lost,,,,
73.738,lost,,,,
73.752,lost,,,,
73.764,lost,,,,
73.776,lost,,,,
73.789,lost,,,,
73.803,lost,,,,
73.820,lost,,,,
73.832,lost,,,,
73.844,lost,,,,
73.856,lost,,,,
73.870,lost,,,,
73.884,lost,,,,
73.895,lost,,,,
73.907,lost,,,,
73.920,lost,,,,
73.934,lost,,,,
73.946,lost,,,,
73.956,lost,,,,
73.968,lost,,,,
73.979,lost,,,,
73.990,lost,,,,
74.002,lost,,,,
74.014,lost,,,,
74.025,lost,,,,
74.038,lost,,,,
74.051,lost,,,,
74.066,lost,,,,
74.079,lost,,,,
74.091,lost,,,,
74.105,lost,,,,
74.116,lost,,,,
74.127,lost,,,,
74.139,lost,,,,
74.151,lost,,,,
74.163,lost,,,,
74.174,lost,,,,
74.185,lost,,,,
74.197,lost,,,,
74.208,lost,,,,
74.219,lost,,,,
74.231,lost,,,,
74.242,lost,,,,
74.254,lost,,,,
74.269,lost,,,,
74.283,lost,,,,
74.297,lost,,,,
74.311,lost,,,,
74.323,lost,,,,
74.338,lost,,,,
74.349,lost,,,,
74.361,lost,,,,
74.374,lost,,,,
74.388,lost,,,,
74.403,lost,,,,
74.417,lost,,,,
74.431,lost,,,,
74.445,lost,,,,
74.456,lost,,,,
74.468,lost,,,,
74.479,lost,,,,
74.494,lost,,,,
74.509,lost,,,,
74.521,lost,,,,
74.537,lost,,,,
74.548,lost,,,,
74.559,lost,,,,
74.573,lost,,,,
74.587,lost,,,,
74.599,lost,,,,
74.610,lost,,,,
74.623,lost,,,,
74.636,lost,,,,
74.647,lost,,,,
74.660,lost,,,,
74.675,lost,,,,
74.687,lost,,,,
74.701,lost,,,,
74.711,lost,,,,
74.723,lost,,,,
74.737,lost,,,,
74.748,lost,,,,
74.760,lost,,,,
74.773,lost,,,,
74.787,lost,,,,
74.801,lost,,,,
74.816,lost,,,,
74.830,lost,,,,
74.843,lost,,,,
74.857,lost,,,,
74.871,lost,,,,
74.882,lost,,,,
74.895,lost,,,,
74.908,lost,,,,
74.920,lost,,,,
74.931,lost,,,,
74.942,lost,,,,
74.955,lost,,,,
74.969,lost,,,,
74.979,lost,,,,
74.992,lost,,,,
75.007,lost,,,,
75.021,lost,,,,
75.035,lost,,,,
75.046,lost,,,,
75.057,lost,,,,
75.070,lost,,,,
75.082,lost,,,,
75.093,lost,,,,
75.108,lost,,,,
75.122,lost,,,,
75.135,lost,,,,
75.145,lost,,,,
75.156,lost,,,,
75.169,lost,,,,
75.180,lost,,,,
75.191,lost,,,,
75.206,lost,,,,
75.218,lost,,,,
75.229,lost,,,,
75.241,lost,,,,
75.253,lost,,,,
75.265,lost,,,,
75.276,lost,,,,
75.286,lost,,,,
75.297,lost,,,,
75.309,lost,,,,
75.321,lost,,,,
75.336,lost,,,,
75.347,lost,,,,
75.359,lost,,,,
75.373,lost,,,,
75.384,lost,,,,
75.395,lost,,,,
75.406,lost,,,,
75.419,lost,,,,
75.435,lost,,,,
75.445,lost,,,,
75.455,lost,,,,
75.468,lost,,,,
75.479,lost,,,,
75.490,lost,,,,
75.503,lost,,,,
75.515,lost,,,,
75.527,lost,,,,
75.539,lost,,,,
75.552,lost,,,,
75.564,lost,,,,
75.579,lost,,,,
75.594,lost,,,,
75.607,lost,,,,
75.622,lost,,,,
75.637,lost,,,,
75.649,lost,,,,
75.660,lost,,,,
75.673,lost,,,,
75.686,lost,,,,
75.700,lost,,,,
75.712,lost,,,,
75.727,lost,,,,
75.741,lost,,,,
75.754,lost,,,,
75.768,lost,,,,
75.781,lost,,,,
75.794,lost,,,,
75.804,lost,,,,
75.818,lost,,,,
75.830,lost,,,,
75.843,lost,,,,
75.858,lost,,,,
75.875,lost,,,,
75.889,lost,,,,
75.904,lost,,,,
75.920,lost,,,,
75.937,lost,,,,
75.953,lost,,,,
75.967,lost,,,,
75.982,lost,,,,
75.995,lost,,,,
76.007,lost,,,,
76.023,lost,,,,
76.037,lost,,,,
76.054,lost,,,,
76.066,lost,,,,
76.080,lost,,,,
76.093,lost,,,,
76.105,lost,,,,
76.122,lost,,,,
76.135,lost,,,,
76.150,lost,,,,
76.163,lost,,,,
76.173,lost,,,,
76.187,lost,,,,
76.197,lost,,,,
76.209,lost,,,,
76.221,lost,,,,
76.232,lost,,,,
76.243,lost,,,,
76.255,lost,,,,
76.266,lost,,,,
76.277,lost,,,,
76.290,lost,,,,
76.301,lost,,,,
76.313,lost,,,,
76.324,lost,,,,
76.338,lost,,,,
76.354,lost,,,,
76.368,lost,,,,
76.383,lost,,,,
76.395,lost,,,,
76.409,lost,,,,
76.423,lost,,,,
76.437,lost,,,,
76.453,lost,,,,
76.467,lost,,,,
76.480,lost,,,,
76.493,lost,,,,
76.505,lost,,,,
76.520,lost,,,,
76.533,lost,,,,
76.546,lost,,,,
76.558,lost,,,,
76.571,lost,,,,
76.587,lost,,,,
76.599,lost,,,,
76.616,lost,,,,
76.630,lost,,,,
76.641,lost,,,,
76.655,lost,,,,
76.668,lost,,,,
76.681,lost,,,,
76.695,lost,,,,
76.708,lost,,,,
76.722,lost,,,,
76.737,lost,,,,
76.753,lost,,,,
76.769,lost,,,,
76.785,lost,,,,
76.795,lost,,,,
76.807,lost,,,,
76.821,lost,,,,
76.831,lost,,,,
76.841,lost,,,,
76.856,lost,,,,
76.869,lost,,,,
76.880,lost,,,,
76.892,lost,,,,
76.907,lost,,,,
76.923,lost,,,,
76.937,lost,,,,
76.953,lost,,,,
76.968,lost,,,,
76.981,lost,,,,
76.996,lost,,,,
77.009,lost,,,,
77.024,lost,,,,
77.037,lost,,,,
77.047,lost,,,,
77.059,lost,,,,
77.071,lost,,,,
77.087,lost,,,,
77.101,lost,,,,
77.116,lost,,,,
77.131,lost,,,,
77.142,lost,,,,
77.156,lost,,,,
77.169,lost,,,,
77.179,lost,,,,
77.191,lost,,,,
77.207,lost,,,,
77.223,lost,,,,
77.235,lost,,,,
77.246,lost,,,,
77.258,lost,,,,
77.271,lost,,,,
77.284,lost,,,,
77.296,lost,,,,
77.305,lost,,,,
77.317,lost,,,,
77.327,lost,,,,
77.339,lost,,,,
77.353,lost,,,,
77.366,lost,,,,
77.378,lost,,,,
77.390,lost,,,,
77.403,lost,,,,
77.417,lost,,,,
77.429,lost,,,,
77.440,lost,,,,
77.455,lost,,,,
77.469,lost,,,,
77.482,lost,,,,
77.494,lost,,,,
77.505,lost,,,,
77.517,lost,,,,
77.528,lost,,,,
77.540,lost,,,,
77.556,lost,,,,
77.567,lost,,,,
77.578,lost,,,,
77.593,lost,,,,
77.607,lost,,,,
77.623,lost,,,,
77.638,lost,,,,
77.650,lost,,,,
77.664,lost,,,,
77.676,lost,,,,
77.687,lost,,,,
77.701,lost,,,,
77.712,lost,,,,
77.725,lost,,,,
77.741,lost,,,,
77.756,lost,,,,
77.768,lost,,,,
77.778,lost,,,,
77.790,lost,,,,
77.804,lost,,,,
77.817,lost,,,,
77.829,lost,,,,
77.840,lost,,,,
77.855,lost,,,,
77.869,lost,,,,
77.886,lost,,,,
77.897,lost,,,,
77.909,lost,,,,
77.924,lost,,,,
77.938,lost,,,,
77.953,lost,,,,
77.967,lost,,,,
77.978,lost,,,,
77.989,lost,,,,
78.001,lost,,,,
78.010,lost,,,,
78.022,lost,,,,
78.033,lost,,,,
78.044,lost,,,,
78.057,lost,,,,
78.072,lost,,,,
78.090,lost,,,,
78.103,lost,,,,
78.116,lost,,,,
78.131,lost,,,,
78.144,lost,,,,
78.159,lost,,,,
78.171,lost,,,,
78.184,lost,,,,
78.196,lost,,,,
78.210,lost,,,,
78.222,lost,,,,
78.237,lost,,,,
78.251,lost,,,,
78.266,lost,,,,
78.279,lost,,,,
78.293,lost,,,,
78.308,lost,,,,
78.319,lost,,,,
78.330,lost,,,,
78.344,lost,,,,
78.358,lost,,,,
78.373,lost,,,,
78.387,lost,,,,
78.401,lost,,,,
78.414,lost,,,,
78.426,lost,,,,
78.438,lost,,,,
78.452,lost,,,,
78.463,lost,,,,
78.473,lost,,,,
78.487,lost,,,,
78.498,lost,,,,
78.512,lost,,,,
78.525,lost,,,,
78.536,lost,,,,
78.548,lost,,,,
78.559,lost,,,,
78.570,lost,,,,
78.582,lost,,,,
78.592,lost,,,,
78.603,lost,,,,
78.616,lost,,,,
78.629,lost,,,,
78.641,lost,,,,
78.654,lost,,,,
78.666,lost,,,,
78.677,lost,,,,
78.690,lost,,,,
78.702,lost,,,,
78.712,lost,,,,
78.726,lost,,,,
78.739,lost,,,,
78.754,lost,,,,
78.769,lost,,,,
78.784,lost,,,,
78.797,lost,,,,
78.811,lost,,,,
78.825,lost,,,,
78.837,lost,,,,
78.849,lost,,,,
78.860,lost,,,,
78.872,lost,,,,
78.887,lost,,,,
78.899,lost,,,,
78.909,lost,,,,
78.923,target,-0.003,-0.012,10.113,1
78.937,target,-0.003,-0.012,10.113,1
78.949,target,-0.003,-0.012,10.113,1
78.961,target,-0.003,-0.012,10.113,1
78.974,target,-0.003,-0.012,10.113,1
78.989,target,-0.003,-0.012,10.113,1
79.003,target,-0.003,-0.012,10.113,1
79.017,target,-0.003,-0.012,10.113,1
79.030,target,-0.003,-0.012,10.113,1
79.043,target,-0.003,-0.012,10.113,1
79.057,target,-0.003,-0.012,10.113,1
79.071,target,-0.003,-0.012,10.113,1
79.084,target,-0.003,-0.012,10.113,1
79.095,target,-0.003,-0.012,10.113,1
79.105,target,-0.003,-0.012,10.113,1
79.117,target,-0.003,-0.012,10.113,1
79.128,target,-0.003,-0.012,10.113,1
79.143,target,-0.003,-0.012,10.113,1
79.157,target,-0.003,-0.012,10.113,1
79.172,target,-0.003,-0.012,10.113,1
79.187,target,-0.003,-0.012,10.113,1
79.203,target,-0.003,-0.012,10.113,1
79.218,target,-0.003,-0.012,10.113,1
79.229,target,-0.003,-0.012,10.113,1
79.240,target,-0.003,-0.012,10.113,1
79.254,target,-0.003,-0.012,10.113,1
79.270,target,-0.003,-0.012,10.113,1
79.285,target,-0.003,-0.012,10.113,1
79.300,target,-0.003,-0.012,10.113,1
79.314,target,-0.003,-0.012,10.113,1
79.324,target,-0.003,-0.012,10.113,1
79.335,target,-0.003,-0.012,10.113,1
79.346,target,-0.003,-0.012,10.113,1
79.358,target,-0.003,-0.012,10.113,1
79.372,target,-0.003,-0.012,10.113,1
79.387,target,-0.003,-0.012,10.113,1
79.403,target,-0.003,-0.012,10.113,1
79.416,target,-0.003,-0.012,10.113,1
79.429,target,-0.003,-0.012,10.113,1
79.440,target,-0.003,-0.012,10.113,1
79.456,lost,,,,
79.471,lost,,,,
79.486,lost,,,,
79.501,lost,,,,
79.517,lost,,,,
79.530,lost,,,,
79.542,lost,,,,
79.558,lost,,,,
79.573,lost,,,,
79.589,lost,,,,
79.604,lost,,,,
79.619,lost,,,,
79.634,lost,,,,
79.649,lost,,,,
79.661,lost,,,,
79.674,lost,,,,
79.692,lost,,,,
79.706,lost,,,,
79.722,lost,,,,
79.736,lost,,,,
79.750,lost,,,,
79.762,lost,,,,
79.777,lost,,,,
79.790,lost,,,,
79.805,lost,,,,
79.821,lost,,,,
79.833,lost,,,,
79.844,lost,,,,
79.859,lost,,,,
79.875,lost,,,,
79.888,lost,,,,
79.901,lost,,,,
79.912,lost,,,,
79.926,lost,,,,
79.940,lost,,,,
79.952,lost,,,,
79.963,lost,,,,
79.973,lost,,,,
79.982,lost,,,,
79.992,lost,,,,
80.003,lost,,,,
80.016,lost,,,,
80.025,lost,,,,
80.037,lost,,,,
80.052,lost,,,,
80.065,lost,,,,
80.081,lost,,,,
80.094,lost,,,,
80.108,lost,,,,
80.123,lost,,,,
80.139,lost,,,,
80.156,lost,,,,
80.178,lost,,,,
80.192,lost,,,,
80.207,lost,,,,
80.220,lost,,,,
80.234,lost,,,,
80.248,lost,,,,
80.258,lost,,,,
80.272,lost,,,,
80.285,lost,,,,
80.296,lost,,,,
80.308,lost,,,,
80.321,lost,,,,
80.335,lost,,,,
80.348,lost,,,,
80.361,lost,,,,
80.376,lost,,,,
80.392,lost,,,,
80.409,lost,,,,
80.423,lost,,,,
80.438,lost,,,,
80.452,lost,,,,
80.466,lost,,,,
80.478,lost,,,,
80.489,lost,,,,
80.502,lost,,,,
80.517,lost,,,,
80.529,lost,,,,
80.540,lost,,,,
80.553,lost,,,,
80.564,lost,,,,
80.577,lost,,,,
80.592,lost,,,,
80.604,lost,,,,
80.619,lost,,,,
80.630,lost,,,,
80.643,lost,,,,
80.658,lost,,,,
80.671,lost,,,,
80.685,lost,,,,
80.695,lost,,,,
80.708,lost,,,,
80.723,lost,,,,
80.734,lost,,,,
80.747,lost,,,,
80.758,lost,,,,
80.768,lost,,,,
80.781,lost,,,,
80.793,lost,,,,
80.807,lost,,,,
80.822,lost,,,,
80.839,lost,,,,
80.852,lost,,,,
80.862,lost,,,,
80.876,lost,,,,
80.890,lost,,,,
80.907,lost,,,,
80.921,lost,,,,
80.934,lost,,,,
80.945,lost,,,,
80.956,lost,,,,
80.970,lost,,,,
80.983,lost,,,,
80.999,lost,,,,
81.011,lost,,,,
81.023,lost,,,,
81.038,lost,,,,
81.050,lost,,,,
81.060,lost,,,,
81.074,lost,,,,
81.087,lost,,,,
81.102,lost,,,,
81.112,lost,,,,
81.123,lost,,,,
81.137,lost,,,,
81.152,lost,,,,
81.169,lost,,,,
81.182,lost,,,,
81.193,lost,,,,
81.206,lost,,,,
81.218,lost,,,,
81.228,lost,,,,
81.241,lost,,,,
81.253,lost,,,,
81.265,lost,,,,
81.277,lost,,,,
81.290,lost,,,,
81.307,lost,,,,
81.318,lost,,,,
81.331,lost,,,,
81.346,lost,,,,
81.359,lost,,,,
81.374,lost,,,,
81.386,lost,,,,
81.399,lost,,,,
81.411,lost,,,,
81.425,lost,,,,
81.436,lost,,,,
81.449,lost,,,,
81.460,lost,,,,
81.474,lost,,,,
81.489,lost,,,,
81.502,lost,,,,
81.513,lost,,,,
81.524,lost,,,,
81.537,lost,,,,
81.548,lost,,,,
81.559,lost,,,,
81.572,lost,,,,
81.588,lost,,,,
81.598,lost,,,,
81.609,lost,,,,
81.622,lost,,,,
81.635,lost,,,,
81.649,lost,,,,
81.663,lost,,,,
81.673,lost,,,,
81.687,lost,,,,
81.701,lost,,,,
81.711,lost,,,,
81.727,lost,,,,
81.739,lost,,,,
81.755,lost,,,,
81.765,lost,,,,
81.776,lost,,,,
81.789,lost,,,,
81.799,lost,,,,
81.810,lost,,,,
81.822,lost,,,,
81.835,lost,,,,
81.846,lost,,,,
81.857,lost,,,,
81.872,lost,,,,
81.887,lost,,,,
81.898,lost,,,,
81.911,lost,,,,
81.924,lost,,,,
81.935,lost,,,,
81.947,lost,,,,
81.958,lost,,,,
81.970,lost,,,,
81.984,lost,,,,
81.996,lost,,,,
82.008,lost,,,,
82.020,lost,,,,
82.033,lost,,,,
82.046,lost,,,,
82.056,lost,,,,
82.069,lost,,,,
82.082,lost,,,,
82.095,lost,,,,
82.108,lost,,,,
82.123,lost,,,,
82.136,lost,,,,
82.150,lost,,,,
82.163,lost,,,,
82.175,lost,,,,
82.188,lost,,,,
82.201,lost,,,,
82.212,lost,,,,
82.222,lost,,,,
82.234,lost,,,,
82.244,lost,,,,
82.255,lost,,,,
82.269,lost,,,,
82.280,lost,,,,
82.290,lost,,,,
82.302,lost,,,,
82.314,lost,,,,
82.326,lost,,,,
82.340,lost,,,,
82.354,lost,,,,
82.370,lost,,,,
82.383,lost,,,,
82.396,lost,,,,
82.410,lost,,,,
82.425,lost,,,,
82.441,lost,,,,
82.454,lost,,,,
82.470,lost,,,,
82.482,lost,,,,
82.492,lost,,,,
82.505,lost,,,,
82.514,lost,,,,
82.525,lost,,,,
82.537,lost,,,,
82.550,lost,,,,
82.564,lost,,,,
82.578,lost,,,,
82.589,lost,,,,
82.602,lost,,,,
82.613,lost,,,,
82.626,lost,,,,
82.641,lost,,,,
82.653,lost,,,,
82.670,lost,,,,
82.683,lost,,,,
82.694,lost,,,,
82.706,lost,,,,
82.717,lost,,,,
82.729,lost,,,,
82.740,lost,,,,
82.753,lost,,,,
82.768,lost,,,,
82.778,lost,,,,
82.789,lost,,,,
82.802,lost,,,,
82.815,lost,,,,
82.830,lost,,,,
82.843,lost,,,,
82.853,lost,,,,
82.865,lost,,,,
82.876,lost,,,,
82.888,lost,,,,
82.902,lost,,,,
82.914,lost,,,,
82.926,lost,,,,
82.939,lost,,,,
82.952,lost,,,,
82.964,lost,,,,
82.975,lost,,,,
82.985,lost,,,,
82.998,lost,,,,
83.009,lost,,,,
83.020,lost,,,,
83.035,lost,,,,
83.046,lost,,,,
83.056,lost,,,,
83.069,lost,,,,
83.079,lost,,,,
83.089,lost,,,,
83.103,lost,,,,
83.116,lost,,,,
83.129,lost,,,,
83.144,lost,,,,
83.157,lost,,,,
83.174,lost,,,,
83.187,lost,,,,
83.201,lost,,,,
83.215,lost,,,,
83.229,lost,,,,
83.245,lost,,,,
83.259,lost,,,,
83.273,lost,,,,
83.287,lost,,,,
83.299,lost,,,,
83.312,lost,,,,
83.324,lost,,,,
83.337,lost,,,,
83.349,lost,,,,
83.360,lost,,,,
83.372,lost,,,,
83.385,lost,,,,
83.400,lost,,,,
83.413,lost,,,,
83.429,lost,,,,
83.443,lost,,,,
83.455,lost,,,,
83.469,lost,,,,
83.483,lost,,,,
83.494,lost,,,,
83.506,lost,,,,
83.518,lost,,,,
83.528,lost,,,,
83.540,lost,,,,
83.553,lost,,,,
83.565,lost,,,,
83.579,lost,,,,
83.590,lost,,,,
83.603,lost,,,,
83.617,lost,,,,
83.629,lost,,,,
83.640,lost,,,,
83.652,lost,,,,
83.663,lost,,,,
83.675,lost,,,,
83.687,lost,,,,
83.697,lost,,,,
83.708,lost,,,,
83.722,lost,,,,
83.736,lost,,,,
83.750,lost,,,,
83.761,lost,,,,
83.775,lost,,,,
83.786,lost,,,,
83.796,lost,,,,
83.807,lost,,,,
83.819,lost,,,,
83.829,lost,,,,
83.841,lost,,,,
83.855,lost,,,,
83.869,lost,,,,
83.883,lost,,,,
83.894,lost,,,,
83.911,lost,,,,
83.923,lost,,,,
83.937,lost,,,,
83.948,lost,,,,
83.958,lost,,,,
83.971,lost,,,,
83.982,lost,,,,
83.992,lost,,,,
84.006,lost,,,,
84.019,lost,,,,
84.033,lost,,,,
84.046,lost,,,,
84.057,lost,,,,
84.071,lost,,,,
84.082,lost,,,,
84.093,lost,,,,
84.104,lost,,,,
84.118,lost,,,,
84.133,lost,,,,
84.146,lost,,,,
84.162,lost,,,,
84.176,lost,,,,
84.187,lost,,,,
84.197,lost,,,,
84.209,lost,,,,
84.222,lost,,,,
84.236,lost,,,,
84.247,lost,,,,
84.258,lost,,,,
84.273,lost,,,,
84.287,lost,,,,
84.302,lost,,,,
84.313,lost,,,,
84.326,lost,,,,
84.340,lost,,,,
84.351,lost,,,,
84.362,lost,,,,
84.374,lost,,,,
84.387,lost,,,,
84.401,lost,,,,
84.413,lost,,,,
84.426,lost,,,,
84.438,lost,,,,
84.451,lost,,,,
84.461,lost,,,,
84.474,lost,,,,
84.488,lost,,,,
84.502,lost,,,,
84.513,lost,,,,
84.525,lost,,,,
84.537,lost,,,,
84.548,lost,,,,
84.560,lost,,,,
84.570,lost,,,,
84.581,lost,,,,
84.592,lost,,,,
84.603,lost,,,,
84.613,lost,,,,
84.625,lost,,,,
84.636,lost,,,,
84.646,lost,,,,
84.658,lost,,,,
84.673,lost,,,,
84.687,lost,,,,
84.699,lost,,,,
84.711,lost,,,,
84.725,lost,,,,
84.735,lost,,,,
84.747,lost,,,,
84.758,lost,,,,
84.769,lost,,,,
84.781,lost,,,,
84.792,lost,,,,
84.804,lost,,,,
84.818,lost,,,,
84.830,lost,,,,
84.843,lost,,,,
84.857,lost,,,,
84.868,lost,,,,
84.880,lost,,,,
84.890,lost,,,,
84.900,lost,,,,
84.913,lost,,,,
84.925,lost,,,,
84.936,lost,,,,
84.948,lost,,,,
84.958,lost,,,,
84.969,lost,,,,
84.981,lost,,,,
84.993,lost,,,,
85.006,lost,,,,
85.021,lost,,,,
85.036,lost,,,,
85.051,lost,,,,
85.066,lost,,,,
85.076,lost,,,,
85.088,lost,,,,
85.098,lost,,,,
85.109,lost,,,,
85.121,lost,,,,
85.132,lost,,,,
85.144,lost,,,,
85.159,lost,,,,
85.170,lost,,,,
85.182,lost,,,,
85.193,lost,,,,
85.204,lost,,,,
85.215,lost,,,,
85.226,lost,,,,
85.237,lost,,,,
85.248,lost,,,,
85.259,lost,,,,
85.270,lost,,,,
85.280,lost,,,,
85.292,lost,,,,
85.303,lost,,,,
85.313,lost,,,,
85.324,lost,,,,
85.336,lost,,,,
85.348,lost,,,,
85.360,lost,,,,
85.374,lost,,,,
85.389,lost,,,,
85.404,lost,,,,
85.418,lost,,,,
85.433,lost,,,,
85.442,lost,,,,
85.456,lost,,,,
85.467,lost,,,,
85.477,lost,,,,
85.489,lost,,,,
85.500,lost,,,,
85.512,lost,,,,
85.525,lost,,,,
85.539,lost,,,,
85.549,lost,,,,
85.560,lost,,,,
85.571,lost,,,,
85.581,lost,,,,
85.593,lost,,,,
85.605,lost,,,,
85.615,lost,,,,
85.626,lost,,,,
85.638,lost,,,,
85.648,lost,,,,
85.660,lost,,,,
85.675,lost,,,,
85.688,lost,,,,
85.703,lost,,,,
85.712,lost,,,,
85.723,lost,,,,
85.733,lost,,,,
85.744,lost,,,,
85.755,lost,,,,
85.767,lost,,,,
85.777,lost,,,,
85.787,lost,,,,
85.799,lost,,,,
85.812,lost,,,,
85.825,lost,,,,
85.839,lost,,,,
85.852,lost,,,,
85.864,lost,,,,
85.876,lost,,,,
85.888,lost,,,,
85.902,lost,,,,
85.915,lost,,,,
85.927,lost,,,,
85.941,lost,,,,
85.952,lost,,,,
85.968,lost,,,,
85.980,lost,,,,
85.991,lost,,,,
86.002,lost,,,,
86.013,lost,,,,
86.020,lost,,,,
86.033,lost,,,,
86.044,lost,,,,
86.054,lost,,,,
86.067,lost,,,,
86.078,lost,,,,
86.090,lost,,,,
86.105,lost,,,,
86.116,lost,,,,
86.127,lost,,,,
86.140,lost,,,,
86.150,lost,,,,
86.164,lost,,,,
86.178,lost,,,,
86.193,lost,,,,
86.206,lost,,,,
86.219,lost,,,,
86.233,lost,,,,
86.246,lost,,,,
86.259,lost,,,,
86.271,lost,,,,
86.283,lost,,,,
86.297,lost,,,,
86.309,lost,,,,
86.319,lost,,,,
86.331,lost,,,,
86.343,lost,,,,
86.353,lost,,,,
86.364,lost,,,,
86.377,lost,,,,
86.387,lost,,,,
86.403,lost,,,,
86.415,lost,,,,
86.431,lost,,,,
86.443,lost,,,,
86.453,lost,,,,
86.465,lost,,,,
86.478,lost,,,,
86.487,lost,,,,
86.498,lost,,,,
86.510,lost,,,,
86.519,lost,,,,
86.530,lost,,,,
86.540,lost,,,,
86.551,lost,,,,
86.561,lost,,,,
86.570,lost,,,,
86.582,lost,,,,
86.592,lost,,,,
86.602,lost,,,,
86.615,lost,,,,
86.626,lost,,,,
86.637,lost,,,,
86.647,lost,,,,
86.659,lost,,,,
86.669,lost,,,,
86.681,lost,,,,
86.697,lost,,,,
86.712,lost,,,,
86.725,lost,,,,
86.735,lost,,,,
86.747,lost,,,,
86.761,lost,,,,
86.775,lost,,,,
86.786,lost,,,,
86.797,lost,,,,
86.810,lost,,,,
86.823,lost,,,,
86.832,lost,,,,
86.843,lost,,,,
86.856,lost,,,,
86.866,lost,,,,
86.878,lost,,,,
86.889,lost,,,,
86.901,lost,,,,
86.912,lost,,,,
86.924,lost,,,,
86.938,lost,,,,
86.953,lost,,,,
86.963,lost,,,,
86.975,lost,,,,
86.990,lost,,,,
87.006,lost,,,,
87.019,lost,,,,
87.028,lost,,,,
87.040,lost,,,,
87.053,lost,,,,
87.065,lost,,,,
87.079,lost,,,,
87.089,lost,,,,
87.101,lost,,,,
87.112,lost,,,,
87.124,lost,,,,
87.134,lost,,,,
87.147,lost,,,,
87.158,lost,,,,
87.169,lost,,,,
87.182,lost,,,,
87.195,lost,,,,
87.207,lost,,,,
87.219,lost,,,,
87.231,lost,,,,
87.246,lost,,,,
87.258,lost,,,,
87.273,lost,,,,
87.288,lost,,,,
87.303,lost,,,,
87.314,lost,,,,
87.324,lost,,,,
87.337,lost,,,,
87.350,lost,,,,
87.361,lost,,,,
87.373,lost,,,,
87.385,lost,,,,
87.396,lost,,,,
87.407,lost,,,,
87.422,lost,,,,
87.437,lost,,,,
87.452,lost,,,,
87.464,lost,,,,
87.476,lost,,,,
87.488,lost,,,,
87.501,lost,,,,
87.512,lost,,,,
87.523,lost,,,,
87.535,lost,,,,
87.547,lost,,,,
87.559,lost,,,,
87.571,lost,,,,
87.582,lost,,,,
87.594,lost,,,,
87.605,lost,,,,
87.617,lost,,,,
87.628,lost,,,,
87.639,lost,,,,
87.652,lost,,,,
87.665,lost,,,,
87.674,lost,,,,
87.689,lost,,,,
87.704,lost,,,,
87.719,lost,,,,
87.732,lost,,,,
87.743,lost,,,,
87.756,lost,,,,
87.769,lost,,,,
87.785,lost,,,,
87.798,lost,,,,
87.809,lost,,,,
87.822,lost,,,,
87.834,lost,,,,
87.847,lost,,,,
87.860,lost,,,,
87.872,lost,,,,
87.886,lost,,,,
87.897,lost,,,,
87.909,lost,,,,
87.923,lost,,,,
87.939,lost,,,,
87.956,lost,,,,
87.970,lost,,,,
87.985,lost,,,,
87.997,lost,,,,
88.009,lost,,,,
88.024,lost,,,,
88.035,lost,,,,
88.048,lost,,,,
88.061,lost,,,,
88.072,lost,,,,
88.087,lost,,,,
88.100,lost,,,,
88.113,lost,,,,
88.126,lost,,,,
88.138,lost,,,,
88.153,lost,,,,
88.165,lost,,,,
88.180,lost,,,,
88.193,lost,,,,
88.206,lost,,,,
88.221,lost,,,,
88.233,lost,,,,
88.247,lost,,,,
88.261,lost,,,,
88.274,lost,,,,
88.290,lost,,,,
88.305,lost,,,,
88.320,lost,,,,
88.332,lost,,,,
88.347,lost,,,,
88.361,lost,,,,
88.375,lost,,,,
88.392,lost,,,,
88.407,lost,,,,
88.423,lost,,,,
88.440,lost,,,,
88.462,lost,,,,
88.476,lost,,,,
88.493,lost,,,,
88.508,lost,,,,
88.524,lost,,,,
88.540,lost,,,,
88.558,lost,,,,
88.573,lost,,,,
88.589,lost,,,,
88.606,lost,,,,
88.623,lost,,,,
88.639,lost,,,,
88.658,lost,,,,
88.673,lost,,,,
88.691,lost,,,,
88.707,lost,,,,
88.724,lost,,,,
88.740,lost,,,,
88.758,lost,,,,
88.774,lost,,,,
88.791,lost,,,,
88.806,lost,,,,
88.824,lost,,,,
88.840,lost,,,,
88.859,lost,,,,
88.877,lost,,,,
88.896,lost,,,,
88.911,lost,,,,
88.927,lost,,,,
88.944,lost,,,,
88.962,lost,,,,
88.977,lost,,,,
88.995,lost,,,,
89.011,lost,,,,
89.028,lost,,,,
89.043,lost,,,,
89.059,lost,,,,
89.075,lost,,,,
89.092,lost,,,,
89.109,lost,,,,
89.126,lost,,,,
89.142,lost,,,,
89.157,lost,,,,
89.175,lost,,,,
89.193,lost,,,,
89.211,lost,,,,
89.227,lost,,,,
89.241,lost,,,,
89.257,lost,,,,
89.275,lost,,,,
89.292,lost,,,,
89.308,lost,,,,
89.327,lost,,,,
89.343,lost,,,,
89.362,lost,,,,
89.381,lost,,,,
89.398,lost,,,,
89.414,lost,,,,
89.430,lost,,,,
89.447,lost,,,,
89.466,lost,,,,
89.483,lost,,,,
89.499,lost,,,,
89.514,lost,,,,
89.529,lost,,,,
89.546,lost,,,,
89.561,lost,,,,
89.578,lost,,,,
89.593,lost,,,,
89.611,lost,,,,
89.628,lost,,,,
89.646,lost,,,,
89.661,lost,,,,
89.678,lost,,,,
89.695,lost,,,,
89.712,lost,,,,
89.728,lost,,,,
89.744,lost,,,,
89.760,lost,,,,
89.777,lost,,,,
89.792,lost,,,,
89.810,lost,,,,
89.825,lost,,,,
89.841,lost,,,,
89.857,lost,,,,
89.877,lost,,,,
89.892,lost,,,,
89.908,lost,,,,
89.922,lost,,,,
89.940,lost,,,,
89.956,lost,,,,
89.972,lost,,,,
89.987,lost,,,,
90.003,lost,,,,
90.017,lost,,,,
90.034,lost,,,,
90.047,lost,,,,
90.061,lost,,,,
90.076,lost,,,,
90.092,lost,,,,
90.108,lost,,,,
90.122,lost,,,,
90.140,lost,,,,
90.154,lost,,,,
90.170,lost,,,,
90.182,lost,,,,
90.197,lost,,,,
90.212,lost,,,,
90.225,lost,,,,
90.241,lost,,,,
90.255,lost,,,,
90.272,lost,,,,
90.286,lost,,,,
90.300,lost,,,,
90.312,lost,,,,
90.326,lost,,,,
90.341,lost,,,,
90.356,lost,,,,
90.373,lost,,,,
90.389,lost,,,,
90.404,lost,,,,
90.416,lost,,,,
90.428,lost,,,,
90.443,lost,,,,
90.457,lost,,,,
90.473,lost,,,,
90.489,lost,,,,
90.507,lost,,,,
90.520,lost,,,,
90.535,lost,,,,
90.548,lost,,,,
90.560,lost,,,,
90.574,lost,,,,
90.587,lost,,,,
90.602,lost,,,,
90.614,lost,,,,
90.625,lost,,,,
90.639,lost,,,,
90.653,lost,,,,
90.670,lost,,,,
90.683,lost,,,,
90.697,lost,,,,
90.712,lost,,,,
90.725,lost,,,,
90.742,lost,,,,
90.756,lost,,,,
90.772,lost,,,,
90.784,lost,,,,
90.796,lost,,,,
90.807,lost,,,,
90.821,lost,,,,
90.834,lost,,,,
90.845,lost,,,,
90.856,lost,,,,
90.870,lost,,,,
90.882,lost,,,,
90.893,lost,,,,
90.908,lost,,,,
90.922,lost,,,,
90.939,lost,,,,
90.954,lost,,,,
90.970,lost,,,,
90.982,lost,,,,
90.994,lost,,,,
91.008,lost,,,,
91.021,lost,,,,
91.035,lost,,,,
91.047,lost,,,,
91.058,lost,,,,
91.072,lost,,,,
91.084,lost,,,,
91.099,lost,,,,
91.110,lost,,,,
91.123,lost,,,,
91.138,lost,,,,
91.150,lost,,,,
91.163,lost,,,,
91.174,lost,,,,
91.186,lost,,,,
91.200,lost,,,,
91.211,lost,,,,
91.222,lost,,,,
91.235,lost,,,,
91.247,lost,,,,
91.260,lost,,,,
91.272,lost,,,,
91.285,lost,,,,
91.296,lost,,,,
91.307,lost,,,,
91.319,lost,,,,
91.333,lost,,,,
91.344,lost,,,,
91.356,lost,,,,
91.368,lost,,,,
91.380,lost,,,,
91.392,lost,,,,
91.406,lost,,,,
91.421,lost,,,,
91.435,lost,,,,
91.447,lost,,,,
91.461,lost,,,,
91.472,lost,,,,
91.486,lost,,,,
91.497,lost,,,,
91.507,lost,,,,
91.518,lost,,,,
91.530,lost,,,,
91.540,lost,,,,
91.552,lost,,,,
91.563,lost,,,,
91.574,lost,,,,
91.586,lost,,,,
91.597,lost,,,,
91.607,lost,,,,
91.619,lost,,,,
91.630,lost,,,,
91.641,lost,,,,
91.654,lost,,,,
91.665,lost,,,,
91.678,lost,,,,
91.694,lost,,,,
91.706,lost,,,,
91.719,lost,,,,
91.730,lost,,,,
91.743,lost,,,,
91.758,lost,,,,
91.770,lost,,,,
91.783,lost,,,,
91.795,lost,,,,
91.805,lost,,,,
91.818,lost,,,,
91.828,lost,,,,
91.839,lost,,,,
91.853,lost,,,,
91.864,lost,,,,
91.876,lost,,,,
91.891,lost,,,,
91.902,lost,,,,
91.914,lost,,,,
91.925,lost,,,,
91.936,lost,,,,
91.949,lost,,,,
91.962,lost,,,,
91.973,lost,,,,
91.986,lost,,,,
91.997,lost,,,,
92.007,lost,,,,
92.019,lost,,,,
92.029,lost,,,,
92.040,lost,,,,
92.053,lost,,,,
92.064,lost,,,,
92.075,lost,,,,
92.088,lost,,,,
92.099,lost,,,,
92.109,lost,,,,
92.121,lost,,,,
92.132,lost,,,,
92.143,lost,,,,
92.157,lost,,,,
92.169,lost,,,,
92.183,lost,,,,
92.197,lost,,,,
92.209,lost,,,,
92.223,lost,,,,
92.233,lost,,,,
92.243,lost,,,,
92.256,lost,,,,
92.267,lost,,,,
92.277,lost,,,,
92.290,lost,,,,
92.301,lost,,,,
92.313,lost,,,,
92.324,lost,,,,
92.336,lost,,,,
92.347,lost,,,,
92.359,lost,,,,
92.371,lost,,,,
92.383,lost,,,,
92.394,lost,,,,
92.402,lost,,,,
92.414,lost,,,,
92.426,lost,,,,
92.439,lost,,,,
92.455,lost,,,,
92.467,lost,,,,
92.476,lost,,,,
92.488,lost,,,,
92.501,lost,,,,
92.511,lost,,,,
92.525,lost,,,,
92.540,lost,,,,
92.554,lost,,,,
92.565,lost,,,,
92.575,lost,,,,
92.589,lost,,,,
92.600,lost,,,,
92.610,lost,,,,
92.623,lost,,,,
92.638,lost,,,,
92.650,lost,,,,
92.662,lost,,,,
92.674,lost,,,,
92.687,lost,,,,
92.699,lost,,,,
92.713,lost,,,,
92.727,lost,,,,
92.740,lost,,,,
92.753,lost,,,,
92.765,lost,,,,
92.776,lost,,,,
92.791,lost,,,,
92.805,lost,,,,
92.818,lost,,,,
92.830,lost,,,,
92.845,lost,,,,
92.859,lost,,,,
92.872,lost,,,,
92.885,lost,,,,
92.898,lost,,,,
92.911,lost,,,,
92.927,lost,,,,
92.940,lost,,,,
92.956,lost,,,,
92.971,lost,,,,
92.984,lost,,,,
92.997,lost,,,,
93.007,lost,,,,
93.021,lost,,,,
93.032,lost,,,,
93.042,lost,,,,
93.054,lost,,,,
93.066,lost,,,,
93.075,lost,,,,
93.088,lost,,,,
93.098,lost,,,,
93.109,lost,,,,
93.122,lost,,,,
93.134,lost,,,,
93.146,lost,,,,
93.157,lost,,,,
93.169,lost,,,,
93.180,lost,,,,
93.192,lost,,,,
93.207,lost,,,,
93.223,lost,,,,
93.237,lost,,,,
93.253,lost,,,,
93.266,lost,,,,
93.279,lost,,,,
93.291,lost,,,,
93.303,lost,,,,
93.315,lost,,,,
93.326,lost,,,,
93.337,lost,,,,
93.348,lost,,,,
93.360,lost,,,,
93.372,lost,,,,
93.387,lost,,,,
93.397,lost,,,,
93.408,lost,,,,
93.420,lost,,,,
93.431,lost,,,,
93.442,lost,,,,
93.456,lost,,,,
93.469,lost,,,,
93.482,lost,,,,
93.492,lost,,,,
93.503,lost,,,,
93.515,lost,,,,
93.526,lost,,,,
93.538,lost,,,,
93.551,lost,,,,
93.562,lost,,,,
93.572,lost,,,,
93.585,lost,,,,
93.597,lost,,,,
93.607,lost,,,,
93.619,lost,,,,
93.631,lost,,,,
93.643,lost,,,,
93.655,lost,,,,
93.669,lost,,,,
93.680,lost,,,,
93.691,lost,,,,
93.703,lost,,,,
93.719,lost,,,,
93.732,lost,,,,
93.744,lost,,,,
93.755,lost,,,,
93.768,lost,,,,
93.781,lost,,,,
93.791,lost,,,,
93.803,lost,,,,
93.815,lost,,,,
93.826,lost,,,,
93.838,lost,,,,
93.850,lost,,,,
93.864,lost,,,,
93.878,lost,,,,
93.888,lost,,,,
93.901,lost,,,,
93.911,lost,,,,
93.922,lost,,,,
93.935,lost,,,,
93.946,lost,,,,
93.958,lost,,,,
93.972,lost,,,,
93.983,lost,,,,
93.994,lost,,,,
94.007,lost,,,,
94.018,lost,,,,
94.028,lost,,,,
94.041,lost,,,,
94.052,lost,,,,
94.064,lost,,,,
94.075,lost,,,,
94.086,lost,,,,
94.099,lost,,,,
94.110,lost,,,,
94.119,lost,,,,
94.130,lost,,,,
94.141,lost,,,,
94.152,lost,,,,
94.164,lost,,,,
94.176,lost,,,,
94.188,lost,,,,
94.204,lost,,,,
94.216,lost,,,,
94.228,lost,,,,
94.240,lost,,,,
94.251,lost,,,,
94.263,lost,,,,
94.274,lost,,,,
94.285,lost,,,,
94.297,lost,,,,
94.308,lost,,,,
94.321,lost,,,,
94.333,lost,,,,
94.343,lost,,,,
94.353,lost,,,,
94.364,lost,,,,
94.375,lost,,,,
94.389,lost,,,,
94.404,lost,,,,
94.417,lost,,,,
94.429,lost,,,,
94.440,lost,,,,
94.455,lost,,,,
94.472,lost,,,,
94.483,lost,,,,
94.494,lost,,,,
94.506,lost,,,,
94.520,lost,,,,
94.534,lost,,,,
94.547,lost,,,,
94.557,lost,,,,
94.571,lost,,,,
94.584,lost,,,,
94.596,lost,,,,
94.612,lost,,,,
94.625,lost,,,,
94.641,lost,,,,
94.653,lost,,,,
94.665,lost,,,,
94.678,lost,,,,
94.689,lost,,,,
94.702,lost,,,,
94.714,lost,,,,
94.728,lost,,,,
94.742,lost,,,,
94.757,lost,,,,
94.774,lost,,,,
94.787,lost,,,,
94.799,lost,,,,
94.810,lost,,,,
94.823,lost,,,,
94.838,lost,,,,
94.852,lost,,,,
94.865,lost,,,,
94.878,lost,,,,
94.889,lost,,,,
94.904,lost,,,,
94.916,lost,,,,
94.928,lost,,,,
94.942,lost,,,,
94.955,lost,,,,
94.969,lost,,,,
94.980,lost,,,,
94.989,lost,,,,
95.002,lost,,,,
95.012,lost,,,,
95.022,lost,,,,
95.034,lost,,,,
95.044,lost,,,,
95.054,lost,,,,
95.066,lost,,,,
95.076,lost,,,,
95.087,lost,,,,
95.099,lost,,,,
95.109,lost,,,,
95.120,lost,,,,
95.131,lost,,,,
95.143,lost,,,,
95.158,lost,,,,
95.175,lost,,,,
95.187,lost,,,,
95.200,lost,,,,
95.212,lost,,,,
95.223,lost,,,,
95.237,lost,,,,
95.249,lost,,,,
95.263,lost,,,,
95.277,lost,,,,
95.290,lost,,,,
95.303,lost,,,,
95.315,lost,,,,
95.326,lost,,,,
95.339,lost,,,,
95.351,lost,,,,
95.360,lost,,,,
95.374,lost,,,,
95.387,lost,,,,
95.401,lost,,,,
95.415,lost,,,,
95.428,lost,,,,
95.442,lost,,,,
95.457,lost,,,,
95.473,lost,,,,
95.485,lost,,,,
95.495,lost,,,,
95.507,lost,,,,
95.520,lost,,,,
95.534,lost,,,,
95.544,lost,,,,
95.554,lost,,,,
95.567,lost,,,,
95.577,lost,,,,
95.587,lost,,,,
95.600,lost,,,,
95.610,lost,,,,
95.621,lost,,,,
95.634,lost,,,,
95.646,lost,,,,
95.658,lost,,,,
95.672,lost,,,,
95.687,lost,,,,
95.701,lost,,,,
95.715,lost,,,,
95.732,lost,,,,
95.741,lost,,,,
95.753,lost,,,,
95.764,lost,,,,
95.775,lost,,,,
95.786,lost,,,,
95.798,lost,,,,
95.811,lost,,,,
95.826,lost,,,,
95.838,lost,,,,
95.850,lost,,,,
95.860,lost,,,,
95.872,lost,,,,
95.887,lost,,,,
95.900,lost,,,,
95.912,lost,,,,
95.925,lost,,,,
95.937,lost,,,,
95.950,lost,,,,
95.963,lost,,,,
95.976,lost,,,,
95.990,lost,,,,
96.000,lost,,,,
96.013,lost,,,,
96.025,lost,,,,
96.038,lost,,,,
96.054,lost,,,,
96.065,lost,,,,
96.075,lost,,,,
96.087,lost,,,,
96.098,lost,,,,
96.109,lost,,,,
96.121,lost,,,,
96.132,lost,,,,
96.143,lost,,,,
96.155,lost,,,,
96.166,lost,,,,
96.177,lost,,,,
96.190,lost,,,,
96.201,lost,,,,
96.215,lost,,,,
96.228,lost,,,,
96.238,lost,,,,
96.251,lost,,,,
96.262,lost,,,,
96.272,lost,,,,
96.285,lost,,,,
96.295,lost,,,,
96.305,lost,,,,
96.318,lost,,,,
96.327,lost,,,,
96.338,lost,,,,
96.350,lost,,,,
96.361,lost,,,,
96.370,lost,,,,
96.382,lost,,,,
96.393,lost,,,,
96.407,lost,,,,
96.423,lost,,,,
96.434,lost,,,,
96.448,lost,,,,
96.461,lost,,,,
96.473,lost,,,,
96.485,lost,,,,
96.495,lost,,,,
96.506,lost,,,,
96.519,lost,,,,
96.529,lost,,,,
96.541,lost,,,,
96.554,lost,,,,
96.565,lost,,,,
96.576,lost,,,,
96.589,lost,,,,
96.604,lost,,,,
96.620,lost,,,,
96.635,lost,,,,
96.646,lost,,,,
96.658,lost,,,,
96.669,lost,,,,
96.680,lost,,,,
96.691,lost,,,,
96.704,lost,,,,
96.717,lost,,,,
96.729,lost,,,,
96.740,lost,,,,
96.754,lost,,,,
96.765,lost,,,,
96.776,lost,,,,
96.789,lost,,,,
96.800,lost,,,,
96.810,lost,,,,
96.823,lost,,,,
96.835,lost,,,,
96.844,lost,,,,
96.857,lost,,,,
96.869,lost,,,,
96.878,lost,,,,
96.891,lost,,,,
96.903,lost,,,,
96.915,lost,,,,
96.926,lost,,,,
96.937,lost,,,,
96.950,lost,,,,
96.962,lost,,,,
96.975,lost,,,,
96.987,lost,,,,
96.997,lost,,,,
97.009,lost,,,,
97.022,lost,,,,
97.035,lost,,,,
97.049,lost,,,,
97.062,lost,,,,
97.073,lost,,,,
97.086,lost,,,,
97.098,lost,,,,
97.110,lost,,,,
97.124,lost,,,,
97.136,lost,,,,
97.146,lost,,,,
97.159,lost,,,,
97.171,lost,,,,
97.183,lost,,,,
97.194,lost,,,,
97.205,lost,,,,
97.220,lost,,,,
97.233,lost,,,,
97.243,lost,,,,
97.256,lost,,,,
97.268,lost,,,,
97.278,lost,,,,
97.291,lost,,,,
97.302,lost,,,,
97.312,lost,,,,
97.324,lost,,,,
97.337,lost,,,,
97.347,lost,,,,
97.360,lost,,,,
97.371,lost,,,,
97.382,lost,,,,
97.393,lost,,,,
97.404,lost,,,,
97.418,lost,,,,
97.429,lost,,,,
97.441,lost,,,,
97.456,lost,,,,
97.469,lost,,,,
97.480,lost,,,,
97.492,lost,,,,
97.504,lost,,,,
97.515,lost,,,,
97.527,lost,,,,
97.540,lost,,,,
97.556,lost,,,,
97.569,lost,,,,
97.584,lost,,,,
97.594,lost,,,,
97.606,lost,,,,
97.619,lost,,,,
97.629,lost,,,,
97.640,lost,,,,
97.653,lost,,,,
97.664,lost,,,,
97.676,lost,,,,
97.691,lost,,,,
97.706,lost,,,,
97.721,lost,,,,
97.736,lost,,,,
97.750,lost,,,,
97.763,lost,,,,
97.774,lost,,,,
97.787,lost,,,,
97.798,lost,,,,
97.809,lost,,,,
97.823,lost,,,,
97.835,lost,,,,
97.844,lost,,,,
97.857,lost,,,,
97.869,lost,,,,
97.879,lost,,,,
97.891,lost,,,,
97.905,lost,,,,
97.922,lost,,,,
97.932,lost,,,,
97.943,lost,,,,
97.955,lost,,,,
97.967,lost,,,,
97.981,lost,,,,
97.995,lost,,,,
98.005,lost,,,,
98.017,lost,,,,
98.028,lost,,,,
98.040,lost,,,,
98.054,lost,,,,
98.065,lost,,,,
98.074,lost,,,,
98.087,lost,,,,
98.098,lost,,,,
98.109,lost,,,,
98.122,lost,,,,
98.133,lost,,,,
98.143,lost,,,,
98.156,lost,,,,
98.168,lost,,,,
98.178,lost,,,,
98.190,lost,,,,
98.201,lost,,,,
98.213,lost,,,,
98.225,lost,,,,
98.237,lost,,,,
98.249,lost,,,,
98.260,lost,,,,
98.273,lost,,,,
98.287,lost,,,,
98.299,lost,,,,
98.309,lost,,,,
98.320,lost,,,,
98.331,lost,,,,
98.342,lost,,,,
98.354,lost,,,,
98.365,lost,,,,
98.376,lost,,,,
98.387,lost,,,,
98.400,lost,,,,
98.411,lost,,,,
98.422,lost,,,,
98.435,lost,,,,
98.446,lost,,,,
98.456,lost,,,,
98.467,lost,,,,
98.481,lost,,,,
98.491,lost,,,,
98.504,lost,,,,
98.515,lost,,,,
98.525,lost,,,,
98.536,lost,,,,
98.546,lost,,,,
98.557,lost,,,,
98.569,lost,,,,
98.580,lost,,,,
98.594,lost,,,,
98.605,lost,,,,
98.618,lost,,,,
98.629,lost,,,,
98.639,lost,,,,
98.651,lost,,,,
98.661,lost,,,,
98.671,lost,,,,
98.683,lost,,,,
98.692,lost,,,,
98.702,lost,,,,
98.713,lost,,,,
98.725,lost,,,,
98.738,lost,,,,
98.751,lost,,,,
98.762,lost,,,,
98.774,lost,,,,
98.788,lost,,,,
98.799,lost,,,,
98.809,lost,,,,
98.821,lost,,,,
98.831,lost,,,,
98.841,lost,,,,
98.853,lost,,,,
98.865,lost,,,,
98.875,lost,,,,
98.890,lost,,,,
98.903,lost,,,,
98.914,lost,,,,
98.924,lost,,,,
98.936,lost,,,,
98.946,lost,,,,
98.958,lost,,,,
98.972,lost,,,,
98.988,lost,,,,
99.002,lost,,,,
99.017,lost,,,,
99.026,lost,,,,
99.036,lost,,,,
99.047,lost,,,,
99.057,lost,,,,
99.070,lost,,,,
99.080,lost,,,,
99.090,lost,,,,
99.103,lost,,,,
99.114,lost,,,,
99.123,lost,,,,
99.135,lost,,,,
99.147,lost,,,,
99.156,lost,,,,
99.169,lost,,,,
99.179,lost,,,,
99.188,lost,,,,
99.201,lost,,,,
99.211,lost,,,,
99.222,lost,,,,
99.236,lost,,,,
99.247,lost,,,,
99.257,lost,,,,
99.269,lost,,,,
99.280,lost,,,,
99.290,lost,,,,
99.302,lost,,,,
99.312,lost,,,,
99.320,lost,,,,
99.332,lost,,,,
99.343,lost,,,,
99.354,lost,,,,
99.366,lost,,,,
99.376,lost,,,,
99.386,lost,,,,
99.398,lost,,,,
99.409,lost,,,,
99.421,lost,,,,
99.435,lost,,,,
99.448,lost,,,,
99.461,lost,,,,
99.475,lost,,,,
99.489,lost,,,,
99.504,lost,,,,
99.517,lost,,,,
99.527,lost,,,,
99.539,lost,,,,
99.550,lost,,,,
99.560,lost,,,,
99.571,lost,,,,
99.582,lost,,,,
99.592,lost,,,,
99.603,lost,,,,
99.614,lost,,,,
99.625,lost,,,,
99.637,lost,,,,
99.647,lost,,,,
99.658,lost,,,,
99.669,lost,,,,
99.680,lost,,,,
99.692,lost,,,,
99.703,lost,,,,
99.714,lost,,,,
99.727,lost,,,,
99.740,lost,,,,
99.752,lost,,,,
99.763,lost,,,,
99.773,lost,,,,
99.784,lost,,,,
99.794,lost,,,,
99.804,lost,,,,
99.815,lost,,,,
99.826,lost,,,,
99.836,lost,,,,
99.849,lost,,,,
99.860,lost,,,,
99.871,lost,,,,
99.883,lost,,,,
99.897,lost,,,,
99.911,lost,,,,
99.921,lost,,,,
99.933,lost,,,,
99.943,lost,,,,
99.954,lost,,,,
99.965,lost,,,,
99.976,lost,,,,
99.989,lost,,,,
100.002,lost,,,,
100.013,lost,,,,
100.023,lost,,,,
100.034,lost,,,,
100.043,lost,,,,
100.055,lost,,,,
100.066,lost,,,,
100.076,lost,,,,
100.089,lost,,,,
100.100,lost,,,,
100.111,lost,,,,
100.124,lost,,,,
100.134,lost,,,,
100.145,lost,,,,
100.158,lost,,,,
100.168,lost,,,,
100.179,lost,,,,
100.194,lost,,,,
100.208,lost,,,,
100.221,lost,,,,
100.230,lost,,,,
100.243,lost,,,,
100.255,lost,,,,
100.266,lost,,,,
100.281,lost,,,,
100.292,lost,,,,
100.302,lost,,,,
100.314,lost,,,,
100.325,lost,,,,
100.335,lost,,,,
100.347,lost,,,,
100.361,lost,,,,
100.372,lost,,,,
100.385,lost,,,,
100.398,lost,,,,
100.412,lost,,,,
100.422,lost,,,,
100.433,lost,,,,
100.446,lost,,,,
100.457,lost,,,,
100.466,lost,,,,
100.479,lost,,,,
100.491,lost,,,,
100.503,lost,,,,
100.519,lost,,,,
100.532,lost,,,,
100.545,lost,,,,
100.557,lost,,,,
100.570,lost,,,,
100.584,lost,,,,
100.597,lost,,,,
100.609,lost,,,,
100.620,lost,,,,
100.632,lost,,,,
100.643,lost,,,,
100.654,lost,,,,
100.663,lost,,,,
100.673,lost,,,,
100.684,lost,,,,
100.697,lost,,,,
100.711,lost,,,,
100.721,lost,,,,
100.735,lost,,,,
100.746,lost,,,,
100.756,lost,,,,
100.767,lost,,,,
100.777,lost,,,,
100.787,lost,,,,
100.798,lost,,,,
100.807,lost,,,,
100.820,lost,,,,
100.833,lost,,,,
100.846,lost,,,,
100.858,lost,,,,
100.872,lost,,,,
100.883,lost,,,,
100.891,lost,,,,
100.902,lost,,,,
100.911,lost,,,,
100.924,lost,,,,
100.938,lost,,,,
100.951,lost,,,,
100.960,lost,,,,
100.971,lost,,,,
100.984,lost,,,,
100.996,lost,,,,
101.012,lost,,,,
101.022,lost,,,,
101.032,lost,,,,
101.044,lost,,,,
101.056,lost,,,,
101.065,lost,,,,
101.076,lost,,,,
101.087,lost,,,,
101.096,lost,,,,
101.107,lost,,,,
101.117,lost,,,,
101.130,lost,,,,
101.141,lost,,,,
101.153,lost,,,,
101.165,lost,,,,
101.180,lost,,,,
101.192,lost,,,,
101.204,lost,,,,
101.217,lost,,,,
101.227,lost,,,,
101.239,lost,,,,
101.252,lost,,,,
101.263,lost,,,,
101.277,lost,,,,
101.290,lost,,,,
101.301,lost,,,,
101.314,lost,,,,
101.325,lost,,,,
101.334,lost,,,,
101.346,lost,,,,
101.356,lost,,,,
101.367,lost,,,,
101.380,lost,,,,
101.390,lost,,,,
101.400,lost,,,,
101.412,lost,,,,
101.423,lost,,,,
101.431,lost,,,,
101.443,lost,,,,
101.455,lost,,,,
101.465,lost,,,,
101.477,lost,,,,
101.490,lost,,,,
101.502,lost,,,,
101.514,lost,,,,
101.525,lost,,,,
101.535,lost,,,,
101.545,lost,,,,
101.556,lost,,,,
101.566,lost,,,,
101.575,lost,,,,
101.587,lost,,,,
101.600,lost,,,,
101.612,lost,,,,
101.625,lost,,,,
101.636,lost,,,,
101.648,lost,,,,
101.661,lost,,,,
101.670,lost,,,,
101.681,lost,,,,
101.690,lost,,,,
101.702,lost,,,,
101.715,lost,,,,
101.730,lost,,,,
101.742,lost,,,,
101.753,lost,,,,
101.768,lost,,,,
101.782,lost,,,,
101.795,lost,,,,
101.808,lost,,,,
101.819,lost,,,,
101.834,lost,,,,
101.847,lost,,,,
101.861,lost,,,,
101.872,lost,,,,
101.886,lost,,,,
101.899,lost,,,,
101.914,lost,,,,
101.927,lost,,,,
101.937,lost,,,,
101.952,lost,,,,
101.963,lost,,,,
101.972,lost,,,,
101.983,lost,,,,
101.994,lost,,,,
102.004,lost,,,,
102.013,lost,,,,
102.026,lost,,,,
102.037,lost,,,,
102.049,lost,,,,
102.060,lost,,,,
102.070,lost,,,,
102.081,lost,,,,
102.092,lost,,,,
102.102,lost,,,,
102.114,lost,,,,
102.126,lost,,,,
102.135,lost,,,,
102.148,lost,,,,
102.161,lost,,,,
102.173,lost,,,,
102.185,lost,,,,
102.196,lost,,,,
102.206,lost,,,,
102.216,lost,,,,
102.226,lost,,,,
102.236,lost,,,,
102.248,lost,,,,
102.259,lost,,,,
102.269,lost,,,,
102.281,lost,,,,
102.294,lost,,,,
102.304,lost,,,,
102.317,lost,,,,
102.328,lost,,,,
102.337,lost,,,,
102.350,lost,,,,
102.362,lost,,,,
102.371,lost,,,,
102.385,lost,,,,
102.396,lost,,,,
102.407,lost,,,,
102.419,lost,,,,
102.429,lost,,,,
102.437,lost,,,,
102.451,lost,,,,
102.462,lost,,,,
102.472,lost,,,,
102.485,lost,,,,
102.499,lost,,,,
102.513,lost,,,,
102.526,lost,,,,
102.535,lost,,,,
102.548,lost,,,,
102.559,lost,,,,
102.570,lost,,,,
102.580,lost,,,,
102.591,lost,,,,
102.604,lost,,,,
102.613,lost,,,,
102.626,lost,,,,
102.637,lost,,,,
102.649,lost,,,,
102.663,lost,,,,
102.677,lost,,,,
102.687,lost,,,,
102.698,lost,,,,
102.708,lost,,,,
102.718,lost,,,,
102.729,lost,,,,
102.740,lost,,,,
102.750,lost,,,,
102.762,lost,,,,
102.775,lost,,,,
102.786,lost,,,,
102.801,lost,,,,
102.813,lost,,,,
102.827,lost,,,,
102.838,lost,,,,
102.849,lost,,,,
102.861,lost,,,,
102.872,lost,,,,
102.882,lost,,,,
102.894,lost,,,,
102.905,lost,,,,
102.915,lost,,,,
102.927,lost,,,,
102.941,lost,,,,
102.955,lost,,,,
102.967,lost,,,,
102.979,lost,,,,
102.989,lost,,,,
102.999,lost,,,,
103.011,lost,,,,
103.022,lost,,,,
103.033,lost,,,,
103.046,lost,,,,
103.061,lost,,,,
103.074,lost,,,,
103.087,lost,,,,
103.097,lost,,,,
103.108,lost,,,,
103.119,lost,,,,
103.130,lost,,,,
103.141,lost,,,,
103.152,lost,,,,
103.163,lost,,,,
103.174,lost,,,,
103.185,lost,,,,
103.195,lost,,,,
103.207,lost,,,,
103.216,lost,,,,
103.228,lost,,,,
103.240,lost,,,,
103.251,lost,,,,
103.262,lost,,,,
103.273,lost,,,,
103.284,lost,,,,
103.295,lost,,,,
103.308,lost,,,,
103.320,lost,,,,
103.331,lost,,,,
103.343,lost,,,,
103.357,lost,,,,
103.366,lost,,,,
103.378,lost,,,,
103.388,lost,,,,
103.398,lost,,,,
103.410,lost,,,,
103.420,lost,,,,
103.429,lost,,,,
103.442,lost,,,,
103.452,lost,,,,
103.464,lost,,,,
103.478,lost,,,,
103.492,lost,,,,
103.506,lost,,,,
103.519,lost,,,,
103.530,lost,,,,
103.542,lost,,,,
103.553,lost,,,,
103.565,lost,,,,
103.576,lost,,,,
103.587,lost,,,,
103.597,lost,,,,
103.609,lost,,,,
103.624,lost,,,,
103.638,lost,,,,
103.650,lost,,,,
103.664,lost,,,,
103.676,lost,,,,
103.691,lost,,,,
103.705,lost,,,,
103.716,lost,,,,
103.727,lost,,,,
103.738,lost,,,,
103.747,lost,,,,
103.760,lost,,,,
103.774,lost,,,,
103.787,lost,,,,
103.799,lost,,,,
103.814,lost,,,,
103.828,lost,,,,
103.843,lost,,,,
103.855,lost,,,,
103.864,lost,,,,
103.877,lost,,,,
103.888,lost,,,,
103.897,lost,,,,
103.909,lost,,,,
103.920,lost,,,,
103.931,lost,,,,
103.945,lost,,,,
103.957,lost,,,,
103.968,lost,,,,
103.978,lost,,,,
103.991,lost,,,,
104.001,lost,,,,
104.012,lost,,,,
104.025,lost,,,,
104.035,lost,,,,
104.048,lost,,,,
104.061,lost,,,,
104.074,lost,,,,
104.083,lost,,,,
104.096,lost,,,,
104.112,lost,,,,
104.125,lost,,,,
104.134,lost,,,,
104.147,lost,,,,
104.159,lost,,,,
104.170,lost,,,,
104.181,lost,,,,
104.196,lost,,,,
104.210,lost,,,,
104.223,lost,,,,
104.235,lost,,,,
104.252,lost,,,,
104.262,lost,,,,
104.273,lost,,,,
104.285,lost,,,,
104.296,lost,,,,
104.308,lost,,,,
104.319,lost,,,,
104.331,lost,,,,
104.343,lost,,,,
104.356,lost,,,,
104.369,lost,,,,
104.382,lost,,,,
104.396,lost,,,,
104.408,lost,,,,
104.421,lost,,,,
104.432,lost,,,,
104.446,lost,,,,
104.461,lost,,,,
104.470,lost,,,,
104.482,lost,,,,
104.494,lost,,,,
104.503,lost,,,,
104.514,lost,,,,
104.527,lost,,,,
104.537,lost,,,,
104.550,lost,,,,
104.562,lost,,,,
104.572,lost,,,,
104.585,lost,,,,
104.596,lost,,,,
104.605,lost,,,,
104.619,lost,,,,
104.629,lost,,,,
104.638,lost,,,,
104.651,lost,,,,
104.664,lost,,,,
104.676,lost,,,,
104.687,lost,,,,
104.701,lost,,,,
104.713,lost,,,,
104.723,lost,,,,
104.734,lost,,,,
104.745,lost,,,,
104.755,lost,,,,
104.767,lost,,,,
104.779,lost,,,,
104.790,lost,,,,
104.803,lost,,,,
104.814,lost,,,,
104.828,lost,,,,
104.842,lost,,,,
104.851,lost,,,,
104.864,lost,,,,
104.875,lost,,,,
104.885,lost,,,,
104.898,lost,,,,
104.910,lost,,,,
104.920,lost,,,,
104.932,lost,,,,
104.943,lost,,,,
104.951,lost,,,,
104.963,lost,,,,
104.975,lost,,,,
104.985,lost,,,,
104.997,lost,,,,
105.007,lost,,,,
105.017,lost,,,,
105.028,lost,,,,
105.041,lost,,,,
105.051,lost,,,,
105.064,lost,,,,
105.076,lost,,,,
105.088,lost,,,,
105.101,lost,,,,
105.112,lost,,,,
105.123,lost,,,,
105.135,lost,,,,
105.146,lost,,,,
105.156,lost,,,,
105.168,lost,,,,
105.178,lost,,,,
105.188,lost,,,,
105.200,lost,,,,
105.212,lost,,,,
105.222,lost,,,,
105.235,lost,,,,
105.246,lost,,,,
105.255,lost,,,,
105.267,lost,,,,
105.278,lost,,,,
105.288,lost,,,,
105.299,lost,,,,
105.312,lost,,,,
105.321,lost,,,,
105.335,lost,,,,
105.348,lost,,,,
105.359,lost,,,,
105.370,lost,,,,
105.380,lost,,,,
105.390,lost,,,,
105.403,lost,,,,
105.414,lost,,,,
105.423,lost,,,,
105.435,lost,,,,
105.446,lost,,,,
105.457,lost,,,,
105.468,lost,,,,
105.483,lost,,,,
105.495,lost,,,,
105.505,lost,,,,
105.518,lost,,,,
105.530,lost,,,,
105.543,lost,,,,
105.556,lost,,,,
105.567,lost,,,,
105.577,lost,,,,
105.589,lost,,,,
105.602,lost,,,,
105.620,lost,,,,
105.631,lost,,,,
105.642,lost,,,,
105.655,lost,,,,
105.666,lost,,,,
105.675,lost,,,,
105.688,lost,,,,
105.702,lost,,,,
105.717,lost,,,,
105.730,lost,,,,
105.741,lost,,,,
105.753,lost,,,,
105.764,lost,,,,
105.774,lost,,,,
105.788,lost,,,,
105.798,lost,,,,
105.809,lost,,,,
105.822,lost,,,,
105.832,lost,,,,
105.844,lost,,,,
105.854,lost,,,,
105.867,lost,,,,
105.880,lost,,,,
105.892,lost,,,,
105.906,lost,,,,
105.916,lost,,,,
105.929,lost,,,,
105.940,lost,,,,
105.950,lost,,,,
105.962,lost,,,,
105.973,lost,,,,
105.983,lost,,,,
105.995,lost,,,,
106.008,lost,,,,
106.021,lost,,,,
106.037,lost,,,,
106.047,lost,,,,
106.058,lost,,,,
106.070,lost,,,,
106.080,lost,,,,
106.092,lost,,,,
106.105,lost,,,,
106.118,lost,,,,
106.133,lost,,,,
106.144,lost,,,,
106.154,lost,,,,
106.166,lost,,,,
106.179,lost,,,,
106.193,lost,,,,
106.205,lost,,,,
106.215,lost,,,,
106.226,lost,,,,
106.237,lost,,,,
106.247,lost,,,,
106.259,lost,,,,
106.270,lost,,,,
106.283,lost,,,,
106.299,lost,,,,
106.312,lost,,,,
106.325,lost,,,,
106.339,lost,,,,
106.350,lost,,,,
106.363,lost,,,,
106.376,lost,,,,
106.387,lost,,,,
106.399,lost,,,,
106.409,lost,,,,
106.419,lost,,,,
106.431,lost,,,,
106.442,lost,,,,
106.452,lost,,,,
106.465,lost,,,,
106.476,lost,,,,
106.486,lost,,,,
106.499,lost,,,,
106.512,lost,,,,
106.525,lost,,,,
106.538,lost,,,,
106.549,lost,,,,
106.560,lost,,,,
106.571,lost,,,,
106.582,lost,,,,
106.595,lost,,,,
106.607,lost,,,,
106.618,lost,,,,
106.633,lost,,,,
106.646,lost,,,,
106.657,lost,,,,
106.671,lost,,,,
106.681,lost,,,,
106.691,lost,,,,
106.701,lost,,,,
106.712,lost,,,,
106.720,lost,,,,
106.732,lost,,,,
106.743,lost,,,,
106.754,lost,,,,
106.765,lost,,,,
106.776,lost,,,,
106.786,lost,,,,
106.798,lost,,,,
106.809,lost,,,,
106.818,lost,,,,
106.831,lost,,,,
106.842,lost,,,,
106.852,lost,,,,
106.865,lost,,,,
106.880,lost,,,,
106.895,lost,,,,
106.906,lost,,,,
106.916,lost,,,,
106.927,lost,,,,
106.939,lost,,,,
106.950,lost,,,,
106.963,lost,,,,
106.975,lost,,,,
106.985,lost,,,,
106.998,lost,,,,
107.011,lost,,,,
107.025,lost,,,,
107.040,lost,,,,
107.049,lost,,,,
107.062,lost,,,,
107.074,lost,,,,
107.084,lost,,,,
107.096,lost,,,,
107.108,lost,,,,
107.116,lost,,,,
107.130,lost,,,,
107.143,lost,,,,
107.152,lost,,,,
107.164,lost,,,,
107.176,lost,,,,
107.186,lost,,,,
107.198,lost,,,,
107.209,lost,,,,
107.219,lost,,,,
107.230,lost,,,,
107.242,lost,,,,
107.251,lost,,,,
107.264,lost,,,,
107.279,lost,,,,
107.292,lost,,,,
107.305,lost,,,,
107.315,lost,,,,
107.328,lost,,,,
107.342,lost,,,,
107.354,lost,,,,
107.368,lost,,,,
107.380,lost,,,,
107.394,lost,,,,
107.407,lost,,,,
107.417,lost,,,,
107.428,lost,,,,
107.439,lost,,,,
107.448,lost,,,,
107.461,lost,,,,
107.473,lost,,,,
107.484,lost,,,,
107.495,lost,,,,
107.507,lost,,,,
107.518,lost,,,,
107.529,lost,,,,
107.540,lost,,,,
107.552,lost,,,,
107.562,lost,,,,
107.574,lost,,,,
107.585,lost,,,,
107.595,lost,,,,
107.606,lost,,,,
107.618,lost,,,,
107.630,lost,,,,
107.642,lost,,,,
107.654,lost,,,,
107.666,lost,,,,
107.676,lost,,,,
107.687,lost,,,,
107.699,lost,,,,
107.709,lost,,,,
107.722,lost,,,,
107.734,lost,,,,
107.745,lost,,,,
107.758,lost,,,,
107.770,lost,,,,
107.780,lost,,,,
107.792,lost,,,,
107.805,lost,,,,
107.814,lost,,,,
107.826,lost,,,,
107.839,lost,,,,
107.850,lost,,,,
107.862,lost,,,,
107.875,lost,,,,
107.890,lost,,,,
107.903,lost,,,,
107.914,lost,,,,
107.926,lost,,,,
107.938,lost,,,,
107.947,lost,,,,
107.960,lost,,,,
107.972,lost,,,,
107.983,lost,,,,
107.997,lost,,,,
108.010,lost,,,,
108.025,lost,,,,
108.037,lost,,,,
108.046,lost,,,,
108.058,lost,,,,
108.071,lost,,,,
108.080,lost,,,,
108.092,lost,,,,
108.104,lost,,,,
108.116,lost,,,,
108.127,lost,,,,
108.140,lost,,,,
108.151,lost,,,,
108.163,lost,,,,
108.174,lost,,,,
108.185,lost,,,,
108.195,lost,,,,
108.206,lost,,,,
108.217,lost,,,,
108.228,lost,,,,
108.239,lost,,,,
108.251,lost,,,,
108.262,lost,,,,
108.273,lost,,,,
108.285,lost,,,,
108.295,lost,,,,
108.307,lost,,,,
108.319,lost,,,,
108.329,lost,,,,
108.340,lost,,,,
108.352,lost,,,,
108.362,lost,,,,
108.373,lost,,,,
108.385,lost,,,,
108.398,lost,,,,
108.409,lost,,,,
108.421,lost,,,,
108.432,lost,,,,
108.441,lost,,,,
108.453,lost,,,,
108.464,lost,,,,
108.474,lost,,,,
108.486,lost,,,,
108.497,lost,,,,
108.507,lost,,,,
108.518,lost,,,,
108.531,lost,,,,
108.540,lost,,,,
108.553,lost,,,,
108.565,lost,,,,
108.576,lost,,,,
108.587,lost,,,,
108.600,lost,,,,
108.609,lost,,,,
108.621,lost,,,,
108.634,lost,,,,
108.646,lost,,,,
108.658,lost,,,,
108.669,lost,,,,
108.681,lost,,,,
108.691,lost,,,,
108.702,lost,,,,
108.714,lost,,,,
108.725,lost,,,,
108.735,lost,,,,
108.747,lost,,,,
108.758,lost,,,,
108.769,lost,,,,
108.780,lost,,,,
108.791,lost,,,,
108.802,lost,,,,
108.815,lost,,,,
108.827,lost,,,,
108.837,lost,,,,
108.850,lost,,,,
108.862,lost,,,,
108.872,lost,,,,
108.886,lost,,,,
108.901,lost,,,,
108.912,lost,,,,
108.924,lost,,,,
108.935,lost,,,,
108.948,lost,,,,
108.958,lost,,,,
108.969,lost,,,,
108.980,lost,,,,
108.990,lost,,,,
109.002,lost,,,,
109.012,lost,,,,
109.023,lost,,,,
109.035,lost,,,,
109.048,lost,,,,
109.058,lost,,,,
109.070,lost,,,,
109.082,lost,,,,
109.093,lost,,,,
109.104,lost,,,,
109.116,lost,,,,
109.128,lost,,,,
109.138,lost,,,,
109.154,lost,,,,
109.167,lost,,,,
109.176,lost,,,,
109.188,lost,,,,
109.201,lost,,,,
109.212,lost,,,,
109.222,lost,,,,
109.234,lost,,,,
109.244,lost,,,,
109.255,lost,,,,
109.268,lost,,,,
109.277,lost,,,,
109.288,lost,,,,
109.301,lost,,,,
109.312,lost,,,,
109.322,lost,,,,
109.335,lost,,,,
109.346,lost,,,,
109.355,lost,,,,
109.368,lost,,,,
109.381,lost,,,,
109.394,lost,,,,
109.405,lost,,,,
109.420,lost,,,,
109.433,lost,,,,
109.444,lost,,,,
109.456,lost,,,,
109.468,lost,,,,
109.478,lost,,,,
109.490,lost,,,,
109.501,lost,,,,
109.511,lost,,,,
109.523,lost,,,,
109.535,lost,,,,
109.546,lost,,,,
109.557,lost,,,,
109.568,lost,,,,
109.578,lost,,,,
109.589,lost,,,,
109.602,lost,,,,
109.615,lost,,,,
109.625,lost,,,,
109.636,lost,,,,
109.648,lost,,,,
109.660,lost,,,,
109.671,lost,,,,
109.685,lost,,,,
109.698,lost,,,,
109.708,lost,,,,
109.720,lost,,,,
109.733,lost,,,,
109.743,lost,,,,
109.755,lost,,,,
109.766,lost,,,,
109.776,lost,,,,
109.787,lost,,,,
109.799,lost,,,,
109.810,lost,,,,
109.820,lost,,,,
109.832,lost,,,,
109.841,lost,,,,
109.853,lost,,,,
109.865,lost,,,,
109.875,lost,,,,
109.887,lost,,,,
109.900,lost,,,,
109.911,lost,,,,
109.923,lost,,,,
109.935,lost,,,,
109.946,lost,,,,
109.957,lost,,,,
109.967,lost,,,,
109.980,lost,,,,
109.991,lost,,,,
110.002,lost,,,,
110.014,lost,,,,
110.026,lost,,,,
110.037,lost,,,,
110.049,lost,,,,
110.062,lost,,,,
110.071,lost,,,,
110.084,lost,,,,
110.096,lost,,,,
110.108,lost,,,,
110.119,lost,,,,
110.130,lost,,,,
110.141,lost,,,,
110.154,lost,,,,
110.166,lost,,,,
110.177,lost,,,,
110.188,lost,,,,
110.199,lost,,,,
110.210,lost,,,,
110.222,lost,,,,
110.232,lost,,,,
110.245,lost,,,,
110.255,lost,,,,
110.266,lost,,,,
110.279,lost,,,,
110.290,lost,,,,
110.300,lost,,,,
110.312,lost,,,,
110.325,lost,,,,
110.336,lost,,,,
110.347,lost,,,,
110.359,lost,,,,
110.372,lost,,,,
110.382,lost,,,,
110.394,lost,,,,
110.408,lost,,,,
110.421,lost,,,,
110.433,lost,,,,
110.442,lost,,,,
110.456,lost,,,,
110.467,lost,,,,
110.478,lost,,,,
110.490,lost,,,,
110.502,lost,,,,
110.512,lost,,,,
110.522,lost,,,,
110.534,lost,,,,
110.544,lost,,,,
110.556,lost,,,,
110.568,lost,,,,
110.579,lost,,,,
110.592,lost,,,,
110.605,lost,,,,
110.617,lost,,,,
110.631,lost,,,,
110.644,lost,,,,
110.658,lost,,,,
110.669,lost,,,,
110.681,lost,,,,
110.692,lost,,,,
110.702,lost,,,,
110.715,lost,,,,
110.726,lost,,,,
110.738,lost,,,,
110.751,lost,,,,
110.763,lost,,,,
110.777,lost,,,,
110.790,lost,,,,
110.801,lost,,,,
110.811,lost,,,,
110.824,lost,,,,
110.835,lost,,,,
110.847,lost,,,,
110.858,lost,,,,
110.871,lost,,,,
110.881,lost,,,,
110.892,lost,,,,
110.907,lost,,,,
110.920,lost,,,,
110.932,lost,,,,
110.944,lost,,,,
110.957,lost,,,,
110.968,lost,,,,
110.979,lost,,,,
110.990,lost,,,,
111.000,lost,,,,
111.011,lost,,,,
111.024,lost,,,,
111.035,lost,,,,
111.046,lost,,,,
111.057,lost,,,,
111.068,lost,,,,
111.079,lost,,,,
111.090,lost,,,,
111.102,lost,,,,
111.116,lost,,,,
111.128,lost,,,,
111.143,lost,,,,
111.157,lost,,,,
111.173,lost,,,,
111.188,lost,,,,
111.200,lost,,,,
111.211,lost,,,,
111.222,lost,,,,
111.232,lost,,,,
111.244,lost,,,,
111.257,lost,,,,
111.272,lost,,,,
111.285,lost,,,,
111.295,lost,,,,
111.307,lost,,,,
111.322,lost,,,,
111.336,lost,,,,
111.348,lost,,,,
111.360,lost,,,,
111.376,lost,,,,
111.389,lost,,,,
111.400,lost,,,,
111.412,lost,,,,
111.424,lost,,,,
111.435,lost,,,,
111.445,lost,,,,
111.456,lost,,,,
111.467,lost,,,,
111.477,lost,,,,
111.490,lost,,,,
111.503,lost,,,,
111.514,lost,,,,
111.525,lost,,,,
111.537,lost,,,,
111.548,lost,,,,
111.560,lost,,,,
111.576,lost,,,,
111.591,lost,,,,
111.605,lost,,,,
111.619,lost,,,,
111.632,lost,,,,
111.644,lost,,,,
111.658,lost,,,,
111.673,lost,,,,
111.688,lost,,,,
111.703,lost,,,,
111.715,lost,,,,
111.727,lost,,,,
111.742,lost,,,,
111.757,lost,,,,
111.770,lost,,,,
111.783,lost,,,,
111.798,lost,,,,
111.813,lost,,,,
111.825,lost,,,,
111.840,lost,,,,
111.856,lost,,,,
111.870,lost,,,,
111.882,lost,,,,
111.895,lost,,,,
111.909,lost,,,,
111.927,lost,,,,
111.939,lost,,,,
111.951,lost,,,,
111.962,lost,,,,
111.976,lost,,,,
111.988,lost,,,,
112.002,lost,,,,
112.013,lost,,,,
112.024,lost,,,,
112.035,lost,,,,
112.046,lost,,,,
112.057,lost,,,,
112.069,lost,,,,
112.084,lost,,,,
112.098,lost,,,,
112.109,lost,,,,
112.122,lost,,,,
112.136,lost,,,,
112.148,lost,,,,
112.161,lost,,,,
112.172,lost,,,,
112.184,lost,,,,
112.195,lost,,,,
112.209,lost,,,,
112.222,lost,,,,
112.237,lost,,,,
112.249,lost,,,,
112.260,lost,,,,
112.273,lost,,,,
112.289,lost,,,,
112.302,lost,,,,
112.315,lost,,,,
112.327,lost,,,,
112.340,lost,,,,
112.355,lost,,,,
112.368,lost,,,,
112.380,lost,,,,
112.391,lost,,,,
112.406,lost,,,,
112.424,lost,,,,
112.437,lost,,,,
112.448,lost,,,,
112.460,lost,,,,
112.474,lost,,,,
112.489,lost,,,,
112.501,lost,,,,
112.512,lost,,,,
112.524,lost,,,,
112.538,lost,,,,
112.555,lost,,,,
112.569,lost,,,,
112.583,lost,,,,
112.597,lost,,,,
112.610,lost,,,,
112.626,lost,,,,
112.639,lost,,,,
112.655,lost,,,,
112.670,lost,,,,
112.686,lost,,,,
112.699,lost,,,,
112.714,lost,,,,
112.731,lost,,,,
112.745,lost,,,,
112.758,lost,,,,
112.772,lost,,,,
112.787,lost,,,,
112.801,lost,,,,
112.815,lost,,,,
112.828,lost,,,,
112.840,lost,,,,
112.855,lost,,,,
112.869,lost,,,,
112.882,lost,,,,
112.896,lost,,,,
112.906,lost,,,,
112.920,lost,,,,
112.932,lost,,,,
112.944,lost,,,,
112.960,lost,,,,
112.971,lost,,,,
112.984,lost,,,,
112.996,lost,,,,
113.008,lost,,,,
113.023,lost,,,,
113.037,lost,,,,
113.051,lost,,,,
113.064,lost,,,,
113.079,lost,,,,
113.092,lost,,,,
113.106,lost,,,,
113.121,lost,,,,
113.135,lost,,,,
113.148,lost,,,,
113.163,lost,,,,
113.179,lost,,,,
113.194,lost,,,,
113.209,lost,,,,
113.225,target,-0.255,-0.190,2.870,1
113.241,target,-0.255,-0.190,2.870,1
113.259,target,-0.255,-0.190,2.870,1
113.275,target,-0.255,-0.190,2.870,1
113.290,target,-0.255,-0.190,2.870,1
113.304,target,-0.255,-0.190,2.870,1
113.317,target,-0.255,-0.190,2.870,1
113.334,target,-0.255,-0.190,2.870,1
113.346,target,-0.255,-0.190,2.870,1
113.361,target,-0.255,-0.190,2.870,1
113.375,target,-0.255,-0.190,2.870,1
113.392,target,-0.255,-0.190,2.870,1
113.407,target,-0.255,-0.190,2.870,1
113.423,target,-0.255,-0.190,2.870,1
113.438,target,-0.255,-0.190,2.870,1
113.454,target,-0.255,-0.190,2.870,1
113.467,target,-0.255,-0.190,2.870,1
113.481,target,-0.255,-0.190,2.870,1
113.497,target,-0.255,-0.190,2.870,1
113.512,target,-0.255,-0.190,2.870,1
113.532,target,-0.255,-0.190,2.870,1
113.545,target,-0.255,-0.190,2.870,1
113.559,target,-0.255,-0.190,2.870,1
113.575,target,-0.192,0.081,2.487,1
113.589,target,-0.192,0.081,2.487,1
113.605,target,-0.192,0.081,2.487,1
113.618,target,-0.192,0.081,2.487,1
113.634,target,-0.192,0.081,2.487,1
113.646,target,-0.192,0.081,2.487,1
113.661,target,-0.192,0.081,2.487,1
113.678,target,-0.192,0.081,2.487,1
113.692,target,-0.192,0.081,2.487,1
113.709,target,-0.192,0.081,2.487,1
113.724,target,-0.192,0.081,2.487,1
113.741,target,-0.203,0.093,2.414,1
113.756,target,-0.203,0.093,2.414,1
113.770,target,-0.203,0.093,2.414,1
113.786,target,-0.203,0.093,2.414,1
113.800,target,-0.203,0.093,2.414,1
113.814,target,-0.203,0.093,2.414,1
113.829,target,-0.203,0.093,2.414,1
113.843,target,-0.203,0.093,2.414,1
113.859,target,-0.203,0.093,2.414,1
113.873,target,-0.203,0.093,2.414,1
113.887,target,-0.203,0.093,2.414,1
113.901,target,-0.203,0.093,2.414,1
113.917,target,-0.203,0.093,2.414,1
113.937,target,-0.333,0.222,2.132,1
113.952,target,-0.333,0.222,2.132,1
113.965,target,-0.333,0.222,2.132,1
113.983,target,-0.333,0.222,2.132,1
113.999,target,-0.333,0.222,2.132,1
114.013,target,-0.333,0.222,2.132,1
114.029,target,-0.333,0.222,2.132,1
114.043,target,-0.333,0.222,2.132,1
114.057,target,-0.333,0.222,2.132,1
114.073,target,-0.333,0.222,2.132,1
114.087,target,-0.333,0.222,2.132,1
114.099,target,-0.333,0.222,2.132,1
114.114,target,-0.333,0.222,2.132,1
114.128,target,-0.333,0.222,2.132,1
114.144,target,-0.333,0.222,2.132,1
114.161,target,-0.333,0.222,2.132,1
114.178,target,-0.333,0.222,2.132,1
114.194,target,-0.333,0.222,2.132,1
114.212,target,-0.119,0.362,2.085,1
114.228,target,-0.119,0.362,2.085,1
114.244,target,-0.119,0.362,2.085,1
114.261,target,-0.119,0.362,2.085,1
114.278,target,-0.119,0.362,2.085,1
114.294,target,-0.119,0.362,2.085,1
114.310,target,-0.119,0.362,2.085,1
114.326,target,-0.119,0.362,2.085,1
114.341,target,-0.119,0.362,2.085,1
114.357,target,-0.119,0.362,2.085,1
114.373,target,-0.119,0.362,2.085,1
114.389,target,-0.119,0.362,2.085,1
114.402,target,-0.119,0.362,2.085,1
114.418,target,-0.119,0.362,2.085,1
114.431,target,-0.119,0.362,2.085,1
114.445,target,-0.119,0.362,2.085,1
114.460,target,-0.326,0.259,2.036,1
114.476,target,-0.326,0.259,2.036,1
114.492,target,-0.326,0.259,2.036,1
114.506,target,-0.326,0.259,2.036,1
114.522,target,-0.267,0.277,2.033,1
114.539,target,-0.267,0.277,2.033,1
114.556,target,-0.267,0.277,2.033,1
114.575,target,-0.267,0.277,2.033,1
114.591,target,-0.267,0.277,2.033,1
114.608,target,-0.267,0.277,2.033,1
114.625,target,-0.267,0.277,2.033,1
114.639,target,-0.267,0.277,2.033,1
114.657,target,-0.267,0.277,2.033,1
114.670,target,-0.267,0.277,2.033,1
114.687,target,-0.267,0.277,2.033,1
114.703,target,-0.267,0.277,2.033,1
114.719,target,-0.267,0.277,2.033,1
114.732,target,-0.267,0.277,2.033,1
114.748,target,-0.267,0.277,2.033,1
114.762,target,-0.267,0.277,2.033,1
114.778,target,-0.267,0.277,2.033,1
114.794,target,-0.267,0.277,2.033,1
114.810,target,-0.267,0.277,2.033,1
114.825,target,-0.267,0.277,2.033,1
114.844,target,-0.267,0.277,2.033,1
114.860,target,-0.267,0.277,2.033,1
114.875,target,-0.267,0.277,2.033,1
114.891,target,-0.267,0.277,2.033,1
114.906,target,-0.267,0.277,2.033,1
114.922,target,-0.267,0.277,2.033,1
114.942,target,-0.267,0.277,2.033,1
114.960,target,-0.267,0.277,2.033,1
114.977,target,-0.267,0.277,2.033,1
114.991,target,-0.267,0.277,2.033,1
115.006,target,-0.267,0.277,2.033,1
115.022,target,-0.267,0.277,2.033,1
115.037,target,-0.267,0.277,2.033,1
115.051,lost,,,,
115.067,lost,,,,
115.084,lost,,,,
115.101,lost,,,,
115.117,lost,,,,
115.132,lost,,,,
115.147,lost,,,,
115.160,lost,,,,
115.175,lost,,,,
115.193,lost,,,,
115.209,lost,,,,
115.225,lost,,,,
115.241,lost,,,,
115.255,lost,,,,
115.271,lost,,,,
115.285,lost,,,,
115.299,lost,,,,
115.313,lost,,,,
115.324,lost,,,,
115.338,lost,,,,
115.351,lost,,,,
115.366,lost,,,,
115.379,lost,,,,
115.394,lost,,,,
115.410,lost,,,,
115.423,lost,,,,
115.439,lost,,,,
115.453,lost,,,,
115.467,lost,,,,
115.480,lost,,,,
115.494,lost,,,,
115.508,lost,,,,
115.521,lost,,,,
115.535,lost,,,,
115.549,lost,,,,
115.565,lost,,,,
115.580,lost,,,,
115.594,lost,,,,
115.608,lost,,,,
115.622,lost,,,,
115.638,lost,,,,
115.651,lost,,,,
115.667,lost,,,,
115.680,lost,,,,
115.701,lost,,,,
115.716,lost,,,,
115.733,lost,,,,
115.749,lost,,,,
115.766,lost,,,,
115.784,lost,,,,
115.803,lost,,,,
115.819,lost,,,,
115.835,lost,,,,
115.848,lost,,,,
115.862,lost,,,,
115.878,lost,,,,
115.892,lost,,,,
115.907,lost,,,,
115.923,lost,,,,
115.942,lost,,,,
115.956,lost,,,,
115.972,lost,,,,
115.989,lost,,,,
116.005,lost,,,,
116.020,lost,,,,
116.038,lost,,,,
116.053,lost,,,,
116.069,lost,,,,
116.087,lost,,,,
116.102,lost,,,,
116.116,lost,,,,
116.131,lost,,,,
116.148,lost,,,,
116.160,lost,,,,
116.176,lost,,,,
116.192,lost,,,,
116.207,lost,,,,
116.220,lost,,,,
116.233,lost,,,,
116.245,lost,,,,
116.258,lost,,,,
116.274,lost,,,,
116.289,lost,,,,
116.305,lost,,,,
116.319,lost,,,,
116.335,lost,,,,
116.349,lost,,,,
116.364,lost,,,,
116.380,lost,,,,
116.394,lost,,,,
116.410,lost,,,,
116.428,lost,,,,
116.447,lost,,,,
116.465,lost,,,,
116.480,lost,,,,
116.492,lost,,,,
116.506,lost,,,,
116.522,lost,,,,
116.536,lost,,,,
116.550,target,0.380,0.765,0.940,1
116.569,target,0.378,0.777,0.913,1
116.587,target,0.378,0.777,0.913,1
116.603,target,0.375,0.770,0.909,1
116.619,target,0.375,0.770,0.909,1
116.636,target,0.373,0.775,0.883,1
116.652,target,0.373,0.775,0.883,1
116.666,target,0.373,0.775,0.883,1
116.683,target,0.371,0.777,0.870,1
116.701,target,0.371,0.777,0.870,1
116.716,target,0.363,0.776,0.869,1
116.731,target,0.363,0.776,0.869,1
116.749,target,0.361,0.785,0.830,1
116.765,target,0.361,0.785,0.830,1
116.780,target,0.356,0.774,0.816,1
116.794,target,0.356,0.774,0.816,1
116.808,target,0.356,0.774,0.816,1
116.825,target,0.344,0.793,0.798,1
116.841,target,0.336,0.786,0.790,1
116.857,target,0.336,0.786,0.790,1
116.873,target,0.322,0.799,0.788,1
116.889,target,0.322,0.799,0.788,1
116.903,target,0.322,0.799,0.788,1
116.918,target,0.312,0.801,0.761,1
116.933,target,0.312,0.801,0.761,1
116.948,target,0.312,0.801,0.761,1
116.964,target,0.312,0.801,0.761,1
116.979,target,0.312,0.801,0.761,1
116.993,target,0.312,0.801,0.761,1
117.006,target,0.312,0.801,0.761,1
117.020,target,0.312,0.801,0.761,1
117.033,target,0.312,0.801,0.761,1
117.046,target,0.312,0.801,0.761,1
117.059,target,0.312,0.801,0.761,1
117.072,target,0.312,0.801,0.761,1
117.088,target,0.312,0.801,0.761,1
117.101,target,0.312,0.801,0.761,1
117.113,target,0.312,0.801,0.761,1
117.126,target,0.312,0.801,0.761,1
117.139,target,0.312,0.801,0.761,1
117.153,target,0.296,0.796,0.711,1
117.164,target,0.296,0.796,0.711,1
117.177,target,0.296,0.796,0.711,1
117.193,target,0.312,0.783,0.718,1
117.211,target,0.312,0.783,0.718,1
117.227,target,0.333,0.779,0.709,1
117.241,target,0.359,0.755,0.709,1
117.257,target,0.359,0.755,0.709,1
117.273,target,0.359,0.755,0.709,1
117.288,target,0.383,0.752,0.724,1
117.302,target,0.383,0.752,0.724,1
117.318,target,0.417,0.729,0.686,1
117.330,target,0.417,0.729,0.686,1
117.344,target,0.447,0.719,0.697,1
117.357,target,0.447,0.719,0.697,1
117.370,target,0.481,0.703,0.689,1
117.381,target,0.481,0.703,0.689,1
117.394,target,0.481,0.703,0.689,1
117.407,target,0.512,0.684,0.697,1
117.419,target,0.512,0.684,0.697,1
117.430,target,0.512,0.684,0.697,1
117.443,target,0.544,0.678,0.677,1
117.457,target,0.544,0.678,0.677,1
117.470,target,0.544,0.678,0.677,1
117.481,target,0.573,0.656,0.683,1
117.492,target,0.573,0.656,0.683,1
117.505,target,0.602,0.651,0.665,1
117.517,target,0.602,0.651,0.665,1
117.528,target,0.602,0.651,0.665,1
117.542,target,0.628,0.633,0.664,1
117.554,target,0.628,0.633,0.664,1
117.565,target,0.628,0.633,0.664,1
117.577,target,0.652,0.626,0.654,1
117.589,target,0.652,0.626,0.654,1
117.601,target,0.652,0.626,0.654,1
117.611,target,0.671,0.623,0.641,1
117.624,target,0.671,0.623,0.641,1
117.636,target,0.671,0.623,0.641,1
117.648,target,0.671,0.623,0.641,1
117.659,target,0.671,0.623,0.641,1
117.673,target,0.671,0.623,0.641,1
117.687,target,0.671,0.623,0.641,1
117.703,target,0.671,0.623,0.641,1
117.715,target,0.671,0.623,0.641,1
117.727,target,0.671,0.623,0.641,1
117.740,target,0.671,0.623,0.641,1
117.755,target,0.671,0.623,0.641,1
117.769,target,0.671,0.623,0.641,1
117.779,target,0.671,0.623,0.641,1
117.792,target,0.671,0.623,0.641,1
117.806,target,0.671,0.623,0.641,1
117.819,target,0.671,0.623,0.641,1
117.833,target,0.671,0.623,0.641,1
117.843,target,0.671,0.623,0.641,1
117.854,target,0.671,0.623,0.641,1
117.865,target,0.671,0.623,0.641,1
117.875,target,0.671,0.623,0.641,1
117.886,target,0.671,0.623,0.641,1
117.896,target,0.671,0.623,0.641,1
117.906,target,0.671,0.623,0.641,1
117.917,target,0.671,0.623,0.641,1
117.929,target,0.671,0.623,0.641,1
117.940,target,0.671,0.623,0.641,1
117.953,target,0.671,0.623,0.641,1
117.965,target,0.671,0.623,0.641,1
117.974,target,0.671,0.623,0.641,1
117.986,target,0.671,0.623,0.641,1
117.997,target,0.671,0.623,0.641,1
118.008,target,0.671,0.623,0.641,1
118.019,target,0.671,0.623,0.641,1
118.030,target,0.671,0.623,0.641,1
118.039,target,0.671,0.623,0.641,1
118.052,target,0.671,0.623,0.641,1
118.061,target,0.671,0.623,0.641,1
118.071,target,0.671,0.623,0.641,1
118.081,target,0.671,0.623,0.641,1
118.092,target,0.671,0.623,0.641,1
118.102,target,0.671,0.623,0.641,1
118.111,target,0.671,0.623,0.641,1
118.121,target,0.671,0.623,0.641,1
118.131,target,0.671,0.623,0.641,1
118.140,lost,,,,
118.153,lost,,,,
118.162,lost,,,,
118.172,lost,,,,
118.186,lost,,,,
118.197,lost,,,,
118.207,lost,,,,
118.219,lost,,,,
118.229,lost,,,,
118.238,lost,,,,
118.248,lost,,,,
118.259,lost,,,,
118.269,lost,,,,
118.279,lost,,,,
118.291,lost,,,,
118.300,lost,,,,
118.309,lost,,,,
118.319,lost,,,,
118.328,lost,,,,
118.337,lost,,,,
118.349,lost,,,,
118.359,lost,,,,
118.369,lost,,,,
118.380,lost,,,,
118.392,lost,,,,
118.401,lost,,,,
118.412,lost,,,,
118.422,lost,,,,
118.432,lost,,,,
118.444,lost,,,,
118.456,lost,,,,
118.467,lost,,,,
118.478,lost,,,,
118.488,lost,,,,
118.498,lost,,,,
118.508,lost,,,,
118.519,lost,,,,
118.527,lost,,,,
118.537,lost,,,,
118.548,lost,,,,
118.558,lost,,,,
118.567,lost,,,,
118.576,lost,,,,
118.588,lost,,,,
118.598,lost,,,,
118.609,lost,,,,
118.622,lost,,,,
118.631,lost,,,,
118.640,lost,,,,
118.652,lost,,,,
118.661,lost,,,,
118.671,lost,,,,
118.681,lost,,,,
118.692,lost,,,,
118.703,lost,,,,
118.713,lost,,,,
118.724,lost,,,,
118.734,lost,,,,
118.742,lost,,,,
118.753,lost,,,,
118.762,lost,,,,
118.772,lost,,,,
118.783,lost,,,,
118.794,lost,,,,
118.804,lost,,,,
118.816,lost,,,,
118.825,lost,,,,
118.834,lost,,,,
118.846,lost,,,,
118.857,lost,,,,
118.867,lost,,,,
118.878,lost,,,,
118.889,lost,,,,
118.898,lost,,,,
118.908,lost,,,,
118.919,lost,,,,
118.930,lost,,,,
118.941,lost,,,,
118.955,lost,,,,
118.966,lost,,,,
118.976,lost,,,,
118.987,lost,,,,
118.996,lost,,,,
119.006,lost,,,,
119.016,lost,,,,
119.024,lost,,,,
119.035,lost,,,,
119.045,lost,,,,
119.057,lost,,,,
119.068,lost,,,,
119.077,lost,,,,
119.088,lost,,,,
119.098,lost,,,,
119.108,lost,,,,
119.121,lost,,,,
119.131,lost,,,,
119.141,lost,,,,
119.153,lost,,,,
119.163,lost,,,,
119.173,lost,,,,
119.184,lost,,,,
119.196,lost,,,,
119.206,lost,,,,
119.217,lost,,,,
119.227,lost,,,,
119.236,lost,,,,
119.244,lost,,,,
119.255,lost,,,,
119.266,lost,,,,
119.275,lost,,,,
119.287,lost,,,,
119.298,lost,,,,
119.308,lost,,,,
119.320,lost,,,,
119.330,lost,,,,
119.339,lost,,,,
119.350,lost,,,,
119.359,lost,,,,
119.369,lost,,,,
119.379,lost,,,,
119.390,lost,,,,
119.399,lost,,,,
119.408,lost,,,,
119.419,lost,,,,
119.431,lost,,,,
119.441,lost,,,,
119.453,lost,,,,
119.464,lost,,,,
119.474,lost,,,,
119.487,lost,,,,
119.496,lost,,,,
119.504,lost,,,,
119.516,lost,,,,
119.525,lost,,,,
119.536,lost,,,,
119.549,lost,,,,
119.559,lost,,,,
119.569,lost,,,,
119.578,lost,,,,
119.589,lost,,,,
119.601,lost,,,,
119.611,lost,,,,
119.622,lost,,,,
119.632,lost,,,,
119.643,lost,,,,
119.654,lost,,,,
119.664,lost,,,,
119.673,lost,,,,
119.685,lost,,,,
119.696,lost,,,,
119.707,lost,,,,
119.719,lost,,,,
119.729,lost,,,,
119.739,lost,,,,
119.750,lost,,,,
119.758,lost,,,,
119.769,lost,,,,
119.778,lost,,,,
119.788,lost,,,,
119.801,lost,,,,
119.810,lost,,,,
119.822,lost,,,,
119.835,lost,,,,
119.847,lost,,,,
119.857,lost,,,,
119.871,lost,,,,
119.882,lost,,,,
119.895,lost,,,,
119.908,lost,,,,
119.919,lost,,,,
119.929,lost,,,,
119.941,lost,,,,
119.953,lost,,,,
119.963,lost,,,,
119.974,lost,,,,
119.984,lost,,,,
119.994,lost,,,,
120.005,lost,,,,
120.016,lost,,,,
120.027,lost,,,,
120.040,lost,,,,
120.054,lost,,,,
120.070,lost,,,,
120.082,lost,,,,
120.093,lost,,,,
120.105,lost,,,,
120.115,lost,,,,
120.125,lost,,,,
120.138,lost,,,,
120.147,lost,,,,
120.156,lost,,,,
120.167,lost,,,,
120.176,lost,,,,
120.189,lost,,,,
120.205,lost,,,,
120.215,lost,,,,
120.226,lost,,,,
120.237,lost,,,,
120.246,lost,,,,
120.255,lost,,,,
120.265,lost,,,,
120.274,lost,,,,
120.285,lost,,,,
120.296,lost,,,,
120.307,lost,,,,
120.317,lost,,,,
120.327,lost,,,,
120.338,lost,,,,
120.350,lost,,,,
120.361,lost,,,,
120.373,lost,,,,
120.382,lost,,,,
120.393,lost,,,,
120.405,lost,,,,
120.416,lost,,,,
120.427,lost,,,,
120.441,lost,,,,
120.453,lost,,,,
120.464,lost,,,,
120.474,lost,,,,
120.485,lost,,,,
120.495,lost,,,,
120.506,lost,,,,
120.516,lost,,,,
120.526,lost,,,,
120.537,lost,,,,
120.549,lost,,,,
120.558,lost,,,,
120.568,lost,,,,
120.576,lost,,,,
120.585,lost,,,,
120.595,lost,,,,
120.605,lost,,,,
120.617,lost,,,,
120.628,lost,,,,
120.640,lost,,,,
120.653,lost,,,,
120.664,lost,,,,
120.677,lost,,,,
120.690,lost,,,,
120.699,lost,,,,
120.708,lost,,,,
120.717,lost,,,,
120.725,lost,,,,
120.737,lost,,,,
120.749,lost,,,,
120.759,lost,,,,
120.770,lost,,,,
120.785,lost,,,,
120.794,lost,,,,
120.804,lost,,,,
120.814,lost,,,,
120.824,lost,,,,
120.834,lost,,,,
120.843,lost,,,,
120.852,lost,,,,
120.862,lost,,,,
120.873,lost,,,,
120.883,lost,,,,
120.894,lost,,,,
120.905,lost,,,,
120.916,lost,,,,
120.927,lost,,,,
120.937,lost,,,,
120.947,lost,,,,
120.956,lost,,,,
120.969,lost,,,,
120.978,lost,,,,
120.987,lost,,,,
120.998,lost,,,,
121.007,lost,,,,
121.019,lost,,,,
121.030,lost,,,,
121.040,lost,,,,
121.054,lost,,,,
121.063,lost,,,,
121.072,lost,,,,
121.081,lost,,,,
121.091,lost,,,,
121.102,lost,,,,
121.112,lost,,,,
121.122,lost,,,,
121.133,lost,,,,
121.142,lost,,,,
121.153,lost,,,,
121.161,lost,,,,
121.169,lost,,,,
121.177,lost,,,,
121.187,lost,,,,
121.197,lost,,,,
121.205,lost,,,,
121.218,lost,,,,
121.227,lost,,,,
121.235,lost,,,,
121.244,lost,,,,
121.252,lost,,,,
121.261,lost,,,,
121.273,lost,,,,
121.285,lost,,,,
121.295,lost,,,,
121.305,lost,,,,
121.316,lost,,,,
121.325,lost,,,,
121.335,lost,,,,
121.344,lost,,,,
121.353,lost,,,,
121.364,lost,,,,
121.373,lost,,,,
121.384,lost,,,,
121.394,lost,,,,
121.404,lost,,,,
121.415,lost,,,,
121.425,lost,,,,
121.437,lost,,,,
121.446,lost,,,,
121.455,lost,,,,
121.464,lost,,,,
121.473,lost,,,,
121.483,lost,,,,
121.492,lost,,,,
121.501,lost,,,,
121.511,lost,,,,
121.521,lost,,,,
121.533,lost,,,,
121.545,lost,,,,
121.556,lost,,,,
121.565,lost,,,,
121.575,lost,,,,
121.585,lost,,,,
121.595,lost,,,,
121.606,lost,,,,
121.617,lost,,,,
121.626,lost,,,,
121.638,lost,,,,
121.651,lost,,,,
121.661,lost,,,,
121.670,lost,,,,
121.679,lost,,,,
121.688,lost,,,,
121.696,lost,,,,
121.705,lost,,,,
121.713,lost,,,,
121.724,lost,,,,
121.735,lost,,,,
121.744,lost,,,,
121.755,lost,,,,
121.766,lost,,,,
121.775,lost,,,,
121.785,lost,,,,
121.795,lost,,,,
121.804,lost,,,,
121.814,lost,,,,
121.824,lost,,,,
121.834,lost,,,,
121.843,lost,,,,
121.852,lost,,,,
121.860,lost,,,,
121.871,lost,,,,
121.879,lost,,,,
121.890,lost,,,,
121.899,lost,,,,
121.907,lost,,,,
121.916,lost,,,,
121.925,lost,,,,
121.935,lost,,,,
121.944,lost,,,,
121.952,lost,,,,
121.961,lost,,,,
121.971,lost,,,,
121.981,lost,,,,
121.990,lost,,,,
122.002,lost,,,,
122.011,lost,,,,
122.020,lost,,,,
122.029,lost,,,,
122.039,lost,,,,
122.050,lost,,,,
122.059,lost,,,,
122.069,lost,,,,
122.077,lost,,,,
122.086,lost,,,,
122.096,lost,,,,
122.105,lost,,,,
122.116,lost,,,,
122.125,lost,,,,
122.134,lost,,,,
122.143,lost,,,,
122.152,lost,,,,
122.161,lost,,,,
122.172,lost,,,,
122.182,lost,,,,
122.192,lost,,,,
122.201,lost,,,,
122.211,lost,,,,
122.223,lost,,,,
122.236,lost,,,,
122.248,lost,,,,
122.260,lost,,,,
122.272,lost,,,,
122.285,lost,,,,
122.294,lost,,,,
122.302,lost,,,,
122.310,lost,,,,
122.320,lost,,,,
122.330,lost,,,,
122.339,lost,,,,
122.350,lost,,,,
122.361,lost,,,,
122.370,lost,,,,
122.382,lost,,,,
122.393,lost,,,,
122.402,lost,,,,
122.412,lost,,,,
122.420,lost,,,,
122.429,lost,,,,
122.438,lost,,,,
122.447,lost,,,,
122.457,lost,,,,
122.466,lost,,,,
122.475,lost,,,,
122.485,lost,,,,
122.496,lost,,,,
122.506,lost,,,,
122.515,lost,,,,
122.524,lost,,,,
122.532,lost,,,,
122.539,lost,,,,
122.549,lost,,,,
122.559,lost,,,,
122.569,lost,,,,
122.577,lost,,,,
122.586,lost,,,,
122.595,lost,,,,
122.605,lost,,,,
122.614,lost,,,,
122.626,lost,,,,
122.635,lost,,,,
122.645,lost,,,,
122.654,lost,,,,
122.665,lost,,,,
122.674,lost,,,,
122.684,lost,,,,
122.694,lost,,,,
122.703,lost,,,,
122.712,lost,,,,
122.721,lost,,,,
122.731,lost,,,,
122.741,lost,,,,
122.749,lost,,,,
122.758,lost,,,,
122.767,lost,,,,
122.776,lost,,,,
122.788,lost,,,,
122.798,lost,,,,
122.807,lost,,,,
122.817,lost,,,,
122.829,lost,,,,
122.841,lost,,,,
122.853,lost,,,,
122.863,lost,,,,
122.873,lost,,,,
122.883,lost,,,,
122.892,lost,,,,
122.904,lost,,,,
122.913,lost,,,,
122.922,lost,,,,
122.930,lost,,,,
122.940,lost,,,,
122.951,lost,,,,
122.961,lost,,,,
122.972,lost,,,,
122.982,lost,,,,
122.992,lost,,,,
123.004,lost,,,,
123.017,lost,,,,
123.025,lost,,,,
123.035,lost,,,,
123.043,lost,,,,
123.052,lost,,,,
123.060,lost,,,,
123.070,lost,,,,
123.083,lost,,,,
123.094,lost,,,,
123.104,lost,,,,
123.118,lost,,,,
123.130,lost,,,,
123.139,lost,,,,
123.147,lost,,,,
123.156,lost,,,,
123.166,lost,,,,
123.176,lost,,,,
123.187,lost,,,,
123.196,lost,,,,
123.205,lost,,,,
123.213,lost,,,,
123.221,lost,,,,
123.231,lost,,,,
123.242,lost,,,,
123.252,lost,,,,
123.262,lost,,,,
123.271,lost,,,,
123.280,lost,,,,
123.290,lost,,,,
123.302,lost,,,,
123.311,lost,,,,
123.319,lost,,,,
123.329,lost,,,,
123.339,lost,,,,
123.350,lost,,,,
123.360,lost,,,,
123.370,lost,,,,
123.379,lost,,,,
123.389,lost,,,,
123.400,lost,,,,
123.410,lost,,,,
123.419,lost,,,,
123.427,lost,,,,
123.436,lost,,,,
123.443,lost,,,,
123.454,lost,,,,
123.462,lost,,,,
123.473,lost,,,,
123.483,lost,,,,
123.493,lost,,,,
123.503,lost,,,,
123.514,lost,,,,
123.524,lost,,,,
123.532,lost,,,,
123.541,lost,,,,
123.548,lost,,,,
123.557,lost,,,,
123.567,lost,,,,
123.576,lost,,,,
123.588,lost,,,,
123.599,lost,,,,
123.609,lost,,,,
123.620,lost,,,,
123.630,lost,,,,
123.641,lost,,,,
123.651,lost,,,,
123.660,lost,,,,
123.670,lost,,,,
123.681,lost,,,,
123.692,lost,,,,
123.701,lost,,,,
123.710,lost,,,,
123.719,lost,,,,
123.729,lost,,,,
123.739,lost,,,,
123.748,lost,,,,
123.757,lost,,,,
123.766,lost,,,,
123.776,lost,,,,
123.786,lost,,,,
123.795,lost,,,,
123.806,lost,,,,
123.815,lost,,,,
123.824,lost,,,,
123.833,lost,,,,
123.841,lost,,,,
123.853,lost,,,,
123.862,lost,,,,
123.870,lost,,,,
123.879,lost,,,,
123.887,lost,,,,
123.898,lost,,,,
123.908,lost,,,,
123.917,lost,,,,
123.926,lost,,,,
123.935,lost,,,,
123.944,lost,,,,
123.954,lost,,,,
123.963,lost,,,,
123.971,lost,,,,
123.980,lost,,,,
123.989,lost,,,,
123.998,lost,,,,
124.008,lost,,,,
124.020,lost,,,,
124.030,lost,,,,
124.039,lost,,,,
124.047,lost,,,,
124.056,lost,,,,
124.066,lost,,,,
124.076,lost,,,,
124.088,lost,,,,
124.098,lost,,,,
124.107,lost,,,,
124.118,lost,,,,
124.127,lost,,,,
124.136,lost,,,,
124.145,lost,,,,
124.154,lost,,,,
124.162,lost,,,,
124.171,lost,,,,
124.182,lost,,,,
124.191,lost,,,,
124.200,lost,,,,
124.209,lost,,,,
124.218,lost,,,,
124.226,lost,,,,
124.236,lost,,,,
124.245,lost,,,,
124.254,lost,,,,
124.262,lost,,,,
124.272,lost,,,,
124.282,lost,,,,
124.292,lost,,,,
124.301,lost,,,,
124.309,lost,,,,
124.318,lost,,,,
124.327,lost,,,,
124.337,lost,,,,
124.348,lost,,,,
124.357,lost,,,,
124.367,lost,,,,
124.377,lost,,,,
124.387,lost,,,,
124.397,lost,,,,
124.407,lost,,,,
124.417,lost,,,,
124.426,lost,,,,
124.436,lost,,,,
124.445,lost,,,,
124.455,lost,,,,
124.464,lost,,,,
124.473,lost,,,,
124.482,lost,,,,
124.492,lost,,,,
124.501,lost,,,,
124.510,lost,,,,
124.522,lost,,,,
124.531,lost,,,,
124.540,lost,,,,
124.548,lost,,,,
124.557,lost,,,,
124.569,lost,,,,
124.579,lost,,,,
124.588,lost,,,,
124.597,lost,,,,
124.606,lost,,,,
124.616,lost,,,,
124.627,lost,,,,
124.636,lost,,,,
124.644,lost,,,,
124.653,lost,,,,
124.662,lost,,,,
124.671,lost,,,,
124.681,lost,,,,
124.691,lost,,,,
124.701,lost,,,,
124.709,lost,,,,
124.720,lost,,,,
124.730,lost,,,,
124.740,lost,,,,
124.748,lost,,,,
124.758,lost,,,,
124.766,lost,,,,
124.775,lost,,,,
124.787,lost,,,,
124.796,lost,,,,
124.805,lost,,,,
124.813,lost,,,,
124.822,lost,,,,
124.833,lost,,,,
124.843,lost,,,,
124.854,lost,,,,
124.862,lost,,,,
124.870,lost,,,,
124.878,lost,,,,
124.888,lost,,,,
124.898,lost,,,,
124.908,lost,,,,
124.918,lost,,,,
124.927,lost,,,,
124.935,lost,,,,
124.945,lost,,,,
124.956,lost,,,,
124.966,lost,,,,
124.975,lost,,,,
124.983,lost,,,,
124.992,lost,,,,
125.002,lost,,,,
125.011,lost,,,,
125.022,lost,,,,
125.030,lost,,,,
125.039,lost,,,,
125.047,lost,,,,
125.056,lost,,,,
125.066,lost,,,,
125.074,lost,,,,
125.084,lost,,,,
125.092,lost,,,,
125.102,lost,,,,
125.111,lost,,,,
125.121,lost,,,,
125.129,lost,,,,
125.138,lost,,,,
125.146,lost,,,,
125.154,lost,,,,
125.162,lost,,,,
125.170,lost,,,,
125.180,lost,,,,
125.191,lost,,,,
125.202,lost,,,,
125.211,lost,,,,
125.220,lost,,,,
125.229,lost,,,,
125.240,lost,,,,
125.251,lost,,,,
125.261,lost,,,,
125.271,lost,,,,
125.280,lost,,,,
125.289,lost,,,,
125.299,lost,,,,
125.309,lost,,,,
125.319,lost,,,,
125.327,lost,,,,
125.337,lost,,,,
125.345,lost,,,,
125.354,lost,,,,
125.365,lost,,,,
125.374,lost,,,,
125.385,lost,,,,
125.394,lost,,,,
125.403,lost,,,,
125.414,lost,,,,
125.424,lost,,,,
125.434,lost,,,,
125.442,lost,,,,
125.451,lost,,,,
125.461,lost,,,,
125.470,lost,,,,
125.479,lost,,,,
125.488,lost,,,,
125.496,lost,,,,
125.505,lost,,,,
125.514,lost,,,,
125.522,lost,,,,
125.530,lost,,,,
125.540,lost,,,,
125.550,lost,,,,
125.559,lost,,,,
125.568,lost,,,,
125.577,lost,,,,
125.587,lost,,,,
125.598,lost,,,,
125.607,lost,,,,
125.615,lost,,,,
125.622,lost,,,,
125.631,lost,,,,
125.640,lost,,,,
125.652,lost,,,,
125.661,lost,,,,
125.669,lost,,,,
125.678,lost,,,,
125.687,lost,,,,
125.697,lost,,,,
125.707,lost,,,,
125.716,lost,,,,
125.725,lost,,,,
125.734,lost,,,,
125.744,lost,,,,
125.753,lost,,,,
125.762,lost,,,,
125.771,lost,,,,
125.780,lost,,,,
125.789,lost,,,,
125.798,lost,,,,
125.808,lost,,,,
125.818,lost,,,,
125.828,lost,,,,
125.839,lost,,,,
125.848,lost,,,,
125.857,lost,,,,
125.867,lost,,,,
125.876,lost,,,,
125.885,lost,,,,
125.894,lost,,,,
125.903,lost,,,,
125.912,lost,,,,
125.921,lost,,,,
125.931,lost,,,,
125.940,lost,,,,
125.951,lost,,,,
125.960,lost,,,,
125.968,lost,,,,
125.979,lost,,,,
125.991,lost,,,,
126.001,lost,,,,
126.012,lost,,,,
126.023,lost,,,,
126.035,lost,,,,
126.045,lost,,,,
126.056,lost,,,,
126.065,lost,,,,
126.074,lost,,,,
126.083,lost,,,,
126.092,lost,,,,
126.103,lost,,,,
126.113,lost,,,,
126.121,lost,,,,
126.130,lost,,,,
126.139,lost,,,,
126.149,lost,,,,
126.159,lost,,,,
126.169,lost,,,,
126.178,lost,,,,
126.187,lost,,,,
126.195,lost,,,,
126.203,lost,,,,
126.212,lost,,,,
126.223,lost,,,,
126.234,lost,,,,
126.243,lost,,,,
126.251,lost,,,,
126.262,lost,,,,
126.273,lost,,,,
126.281,lost,,,,
126.289,lost,,,,
126.298,lost,,,,
126.306,lost,,,,
126.314,lost,,,,
126.323,lost,,,,
126.334,lost,,,,
126.344,lost,,,,
126.353,lost,,,,
126.361,lost,,,,
126.370,lost,,,,
126.379,lost,,,,
126.390,lost,,,,
126.399,lost,,,,
126.407,lost,,,,
126.417,lost,,,,
126.425,lost,,,,
126.435,lost,,,,
126.443,lost,,,,
126.452,lost,,,,
126.462,lost,,,,
126.472,lost,,,,
126.482,lost,,,,
126.491,lost,,,,
126.503,lost,,,,
126.512,lost,,,,
126.521,lost,,,,
126.529,lost,,,,
126.540,lost,,,,
126.550,lost,,,,
126.558,lost,,,,
126.567,lost,,,,
126.576,lost,,,,
126.585,lost,,,,
126.595,lost,,,,
126.604,lost,,,,
126.614,lost,,,,
126.622,lost,,,,
126.631,lost,,,,
126.639,lost,,,,
126.648,lost,,,,
126.658,lost,,,,
126.670,lost,,,,
126.680,lost,,,,
126.689,lost,,,,
126.697,lost,,,,
126.706,lost,,,,
126.716,lost,,,,
126.725,lost,,,,
126.735,lost,,,,
126.743,lost,,,,
126.752,lost,,,,
126.761,lost,,,,
126.771,lost,,,,
126.780,lost,,,,
126.789,lost,,,,
126.798,lost,,,,
126.807,lost,,,,
126.814,lost,,,,
126.824,lost,,,,
126.836,lost,,,,
126.845,lost,,,,
126.854,lost,,,,
126.863,lost,,,,
126.872,lost,,,,
126.883,lost,,,,
126.892,lost,,,,
126.900,lost,,,,
126.911,lost,,,,
126.919,lost,,,,
126.927,lost,,,,
126.936,lost,,,,
126.945,lost,,,,
126.954,lost,,,,
126.963,lost,,,,
126.972,lost,,,,
126.981,lost,,,,
126.992,lost,,,,
127.003,lost,,,,
127.011,lost,,,,
127.020,lost,,,,
127.028,lost,,,,
127.037,lost,,,,
127.047,lost,,,,
127.056,lost,,,,
127.065,lost,,,,
127.075,lost,,,,
127.085,lost,,,,
127.095,lost,,,,
127.105,lost,,,,
127.115,lost,,,,
127.125,lost,,,,
127.134,lost,,,,
127.144,lost,,,,
127.152,lost,,,,
127.160,lost,,,,
127.169,lost,,,,
127.178,lost,,,,
127.188,lost,,,,
127.197,lost,,,,
127.206,lost,,,,
127.216,lost,,,,
127.227,lost,,,,
127.236,lost,,,,
127.245,lost,,,,
127.253,lost,,,,
127.262,lost,,,,
127.272,lost,,,,
127.281,lost,,,,
127.290,lost,,,,
127.298,lost,,,,
127.307,lost,,,,
127.314,lost,,,,
127.324,lost,,,,
127.335,lost,,,,
127.344,lost,,,,
127.353,lost,,,,
127.361,lost,,,,
127.369,lost,,,,
127.379,lost,,,,
127.390,lost,,,,
127.400,lost,,,,
127.407,lost,,,,
127.415,lost,,,,
127.423,lost,,,,
127.434,lost,,,,
127.444,lost,,,,
127.455,lost,,,,
127.462,lost,,,,
127.472,lost,,,,
127.480,lost,,,,
127.490,lost,,,,
127.502,lost,,,,
127.513,lost,,,,
127.522,lost,,,,
127.530,lost,,,,
127.540,lost,,,,
127.551,lost,,,,
127.560,lost,,,,
127.569,lost,,,,
127.579,lost,,,,
127.587,lost,,,,
127.597,lost,,,,
127.607,lost,,,,
127.617,lost,,,,
127.626,lost,,,,
127.635,lost,,,,
127.644,lost,,,,
127.652,lost,,,,
127.660,lost,,,,
127.672,lost,,,,
127.681,lost,,,,
127.690,lost,,,,
127.698,lost,,,,
127.706,lost,,,,
127.716,lost,,,,
127.726,lost,,,,
127.735,lost,,,,
127.744,lost,,,,
127.752,lost,,,,
127.760,lost,,,,
127.770,lost,,,,
127.780,lost,,,,
127.789,lost,,,,
127.798,lost,,,,
127.807,lost,,,,
127.815,lost,,,,
127.825,lost,,,,
127.836,lost,,,,
127.845,lost,,,,
127.854,lost,,,,
127.863,lost,,,,
127.873,lost,,,,
127.883,lost,,,,
127.893,lost,,,,
127.902,lost,,,,
127.910,lost,,,,
127.919,lost,,,,
127.930,lost,,,,
127.940,lost,,,,
127.950,lost,,,,
127.959,lost,,,,
127.968,lost,,,,
127.977,lost,,,,
127.985,lost,,,,
127.994,lost,,,,
128.007,lost,,,,
128.016,lost,,,,
128.025,lost,,,,
128.034,lost,,,,
128.044,lost,,,,
128.055,lost,,,,
128.064,lost,,,,
128.073,lost,,,,
128.081,lost,,,,
128.090,lost,,,,
128.102,lost,,,,
128.110,lost,,,,
128.120,lost,,,,
128.130,lost,,,,
128.139,lost,,,,
128.148,lost,,,,
128.159,lost,,,,
128.169,lost,,,,
128.178,lost,,,,
128.187,lost,,,,
128.196,lost,,,,
128.205,lost,,,,
128.215,lost,,,,
128.224,lost,,,,
128.234,lost,,,,
128.243,lost,,,,
128.251,lost,,,,
128.260,lost,,,,
128.269,lost,,,,
128.279,lost,,,,
128.291,lost,,,,
128.301,lost,,,,
128.310,lost,,,,
128.319,lost,,,,
128.330,lost,,,,
128.340,lost,,,,
128.350,lost,,,,
128.361,lost,,,,
128.370,lost,,,,
128.378,lost,,,,
128.387,lost,,,,
128.397,lost,,,,
128.406,lost,,,,
128.414,lost,,,,
128.424,lost,,,,
128.432,lost,,,,
128.442,lost,,,,
128.453,lost,,,,
128.462,lost,,,,
128.472,lost,,,,
128.480,lost,,,,
128.488,lost,,,,
128.497,lost,,,,
128.508,lost,,,,
128.518,lost,,,,
128.527,lost,,,,
128.536,lost,,,,
128.546,lost,,,,
128.556,lost,,,,
128.565,lost,,,,
128.575,lost,,,,
128.585,lost,,,,
128.594,lost,,,,
128.602,lost,,,,
128.610,lost,,,,
128.622,lost,,,,
128.632,lost,,,,
128.641,lost,,,,
128.649,lost,,,,
128.658,lost,,,,
128.669,lost,,,,
128.679,lost,,,,
128.687,lost,,,,
128.696,lost,,,,
128.705,lost,,,,
128.713,lost,,,,
128.722,lost,,,,
128.733,lost,,,,
128.742,lost,,,,
128.752,lost,,,,
128.761,lost,,,,
128.772,lost,,,,
128.785,lost,,,,
128.795,lost,,,,
128.804,lost,,,,
128.813,lost,,,,
128.822,lost,,,,
128.834,lost,,,,
128.844,lost,,,,
128.853,lost,,,,
128.861,lost,,,,
128.870,lost,,,,
128.878,lost,,,,
128.888,lost,,,,
128.898,lost,,,,
128.907,lost,,,,
128.916,lost,,,,
128.924,lost,,,,
128.934,lost,,,,
128.943,lost,,,,
128.955,lost,,,,
128.965,lost,,,,
128.973,lost,,,,
128.981,lost,,,,
128.991,lost,,,,
129.001,lost,,,,
129.010,lost,,,,
129.019,lost,,,,
129.030,lost,,,,
129.039,lost,,,,
129.047,lost,,,,
129.058,lost,,,,
129.068,lost,,,,
129.079,lost,,,,
129.089,lost,,,,
129.097,lost,,,,
129.107,lost,,,,
129.118,lost,,,,
129.128,lost,,,,
129.137,lost,,,,
129.145,lost,,,,
129.154,lost,,,,
129.165,lost,,,,
129.174,lost,,,,
129.184,lost,,,,
129.193,lost,,,,
129.203,lost,,,,
129.212,lost,,,,
129.221,lost,,,,
129.231,lost,,,,
129.241,lost,,,,
129.251,lost,,,,
129.260,lost,,,,
129.269,lost,,,,
129.279,lost,,,,
129.290,lost,,,,
129.300,lost,,,,
129.308,lost,,,,
129.317,lost,,,,
129.327,lost,,,,
129.336,lost,,,,
129.345,lost,,,,
129.356,lost,,,,
129.366,lost,,,,
129.374,lost,,,,
129.381,lost,,,,
129.391,lost,,,,
129.402,lost,,,,
129.412,lost,,,,
129.420,lost,,,,
129.429,lost,,,,
129.437,lost,,,,
129.447,lost,,,,
129.457,lost,,,,
129.467,lost,,,,
129.475,lost,,,,
129.484,lost,,,,
129.493,lost,,,,
129.502,lost,,,,
129.511,lost,,,,
129.522,lost,,,,
129.531,lost,,,,
129.539,lost,,,,
129.549,lost,,,,
129.558,lost,,,,
129.569,lost,,,,
129.578,lost,,,,
129.587,lost,,,,
129.595,lost,,,,
129.605,lost,,,,
129.614,lost,,,,
129.622,lost,,,,
129.634,lost,,,,
129.644,lost,,,,
129.654,lost,,,,
129.663,lost,,,,
129.672,lost,,,,
129.683,lost,,,,
129.692,lost,,,,
129.701,lost,,,,
129.710,lost,,,,
129.719,lost,,,,
129.729,lost,,,,
129.739,lost,,,,
129.749,lost,,,,
129.758,lost,,,,
129.766,lost,,,,
129.774,lost,,,,
129.785,lost,,,,
129.794,lost,,,,
129.802,lost,,,,
129.812,lost,,,,
129.822,lost,,,,
129.831,lost,,,,
129.840,lost,,,,
129.850,lost,,,,
129.859,lost,,,,
129.868,lost,,,,
129.877,lost,,,,
129.886,lost,,,,
129.897,lost,,,,
129.907,lost,,,,
129.915,lost,,,,
129.923,lost,,,,
129.931,lost,,,,
129.940,lost,,,,
129.951,lost,,,,
129.961,lost,,,,
129.970,lost,,,,
129.978,lost,,,,
129.987,lost,,,,
129.995,lost,,,,
130.005,lost,,,,
130.015,lost,,,,
130.025,lost,,,,
130.034,lost,,,,
130.043,lost,,,,
130.053,lost,,,,
130.064,lost,,,,
130.076,lost,,,,
130.085,lost,,,,
130.094,lost,,,,
130.104,lost,,,,
130.112,lost,,,,
130.120,lost,,,,
130.129,lost,,,,
130.140,lost,,,,
130.150,lost,,,,
130.159,lost,,,,
130.169,lost,,,,
130.179,lost,,,,
130.189,lost,,,,
130.197,lost,,,,
130.206,lost,,,,
130.214,lost,,,,
130.223,lost,,,,
130.234,lost,,,,
130.244,lost,,,,
130.253,lost,,,,
130.262,lost,,,,
130.269,lost,,,,
130.278,lost,,,,
130.288,lost,,,,
130.298,lost,,,,
130.307,lost,,,,
130.316,lost,,,,
130.324,lost,,,,
130.332,lost,,,,
130.341,lost,,,,
130.352,lost,,,,
130.362,lost,,,,
130.371,lost,,,,
130.378,lost,,,,
130.388,lost,,,,
130.396,lost,,,,
130.406,lost,,,,
130.414,lost,,,,
130.423,lost,,,,
130.432,lost,,,,
130.441,lost,,,,
130.449,lost,,,,
130.458,lost,,,,
130.468,lost,,,,
130.478,lost,,,,
130.489,lost,,,,
130.497,lost,,,,
130.506,lost,,,,
130.516,lost,,,,
130.526,lost,,,,
130.536,lost,,,,
130.545,lost,,,,
130.554,lost,,,,
130.561,lost,,,,
130.571,lost,,,,
130.579,lost,,,,
130.591,lost,,,,
130.600,lost,,,,
130.608,lost,,,,
130.617,lost,,,,
130.627,lost,,,,
130.638,lost,,,,
130.646,lost,,,,
130.655,lost,,,,
130.664,lost,,,,
130.673,lost,,,,
130.684,lost,,,,
130.694,lost,,,,
130.704,lost,,,,
130.712,lost,,,,
130.721,lost,,,,
130.730,lost,,,,
130.739,lost,,,,
130.750,lost,,,,
130.759,lost,,,,
130.768,lost,,,,
130.776,lost,,,,
130.785,lost,,,,
130.795,lost,,,,
130.806,lost,,,,
130.815,lost,,,,
130.824,lost,,,,
130.832,lost,,,,
130.841,lost,,,,
130.850,lost,,,,
130.860,lost,,,,
130.870,lost,,,,
130.878,lost,,,,
130.887,lost,,,,
130.896,lost,,,,
130.907,lost,,,,
130.919,lost,,,,
130.928,lost,,,,
130.936,lost,,,,
130.944,lost,,,,
130.953,lost,,,,
130.962,lost,,,,
130.972,lost,,,,
130.982,lost,,,,
130.990,lost,,,,
130.999,lost,,,,
131.007,lost,,,,
131.015,lost,,,,
131.024,lost,,,,
131.034,lost,,,,
131.043,lost,,,,
131.051,lost,,,,
131.060,lost,,,,
131.069,lost,,,,
131.079,lost,,,,
131.091,lost,,,,
131.099,lost,,,,
131.107,lost,,,,
131.115,lost,,,,
131.123,lost,,,,
131.131,lost,,,,
131.140,lost,,,,
131.150,lost,,,,
131.162,lost,,,,
131.171,lost,,,,
131.181,lost,,,,
131.192,lost,,,,
131.202,lost,,,,
131.211,lost,,,,
131.219,lost,,,,
131.227,lost,,,,
131.236,lost,,,,
131.245,lost,,,,
131.254,lost,,,,
131.264,lost,,,,
131.273,lost,,,,
131.283,lost,,,,
131.291,lost,,,,
131.301,lost,,,,
131.310,lost,,,,
131.322,lost,,,,
131.331,lost,,,,
131.341,lost,,,,
131.350,lost,,,,
131.359,lost,,,,
131.369,lost,,,,
131.378,lost,,,,
131.386,lost,,,,
131.394,lost,,,,
131.403,lost,,,,
131.412,lost,,,,
131.421,lost,,,,
131.431,lost,,,,
131.441,lost,,,,
131.450,lost,,,,
131.459,lost,,,,
131.467,lost,,,,
131.477,lost,,,,
131.489,lost,,,,
131.498,lost,,,,
131.507,lost,,,,
131.516,lost,,,,
131.525,lost,,,,
131.535,lost,,,,
131.545,lost,,,,
131.554,lost,,,,
131.563,lost,,,,
131.572,lost,,,,
131.582,lost,,,,
131.590,lost,,,,
131.603,lost,,,,
131.612,lost,,,,
131.621,lost,,,,
131.630,lost,,,,
131.639,lost,,,,
131.648,lost,,,,
131.658,lost,,,,
131.667,lost,,,,
131.676,lost,,,,
131.685,lost,,,,
131.695,lost,,,,
131.705,lost,,,,
131.715,lost,,,,
131.724,lost,,,,
131.732,lost,,,,
131.740,lost,,,,
131.749,lost,,,,
131.759,lost,,,,
131.772,lost,,,,
131.781,lost,,,,
131.789,lost,,,,
131.797,lost,,,,
131.806,lost,,,,
131.817,lost,,,,
131.827,lost,,,,
131.836,lost,,,,
131.845,lost,,,,
131.854,lost,,,,
131.863,lost,,,,
131.872,lost,,,,
131.883,lost,,,,
131.891,lost,,,,
131.900,lost,,,,
131.908,lost,,,,
131.918,lost,,,,
131.928,lost,,,,
131.939,lost,,,,
131.948,lost,,,,
131.956,lost,,,,
131.962,lost,,,,
131.969,lost,,,,
131.975,lost,,,,
131.981,lost,,,,
131.988,lost,,,,
131.994,lost,,,,
132.001,lost,,,,
132.007,lost,,,,
132.013,lost,,,,
132.020,lost,,,,
132.025,lost,,,,
132.031,lost,,,,
132.038,lost,,,,
132.044,lost,,,,
132.050,lost,,,,
132.056,lost,,,,
132.063,lost,,,,
132.070,lost,,,,
132.076,lost,,,,
132.083,lost,,,,
132.089,lost,,,,
132.095,lost,,,,
132.101,lost,,,,
132.107,lost,,,,
132.113,lost,,,,
132.120,lost,,,,
132.126,lost,,,,
132.132,lost,,,,
132.138,lost,,,,
132.145,lost,,,,
132.151,lost,,,,
132.157,lost,,,,
132.164,lost,,,,
132.170,lost,,,,
132.177,lost,,,,
132.183,lost,,,,
132.189,lost,,,,
132.195,lost,,,,
132.201,lost,,,,
132.207,lost,,,,
132.213,lost,,,,
132.220,lost,,,,
132.225,lost,,,,
132.231,lost,,,,
132.238,lost,,,,
132.244,lost,,,,
132.250,lost,,,,
132.255,lost,,,,
132.261,lost,,,,
132.268,lost,,,,
132.275,lost,,,,
132.281,lost,,,,
132.289,lost,,,,
132.296,lost,,,,
132.303,lost,,,,
132.309,lost,,,,
132.315,lost,,,,
132.323,lost,,,,
132.329,lost,,,,
132.337,lost,,,,
132.344,lost,,,,
132.350,lost,,,,
132.357,lost,,,,
132.362,lost,,,,
132.369,lost,,,,
132.374,lost,,,,
132.380,lost,,,,
132.386,lost,,,,
132.393,lost,,,,
132.399,lost,,,,
132.406,lost,,,,
132.412,lost,,,,
132.419,lost,,,,
132.425,lost,,,,
132.432,lost,,,,
132.438,lost,,,,
132.445,lost,,,,
132.452,lost,,,,
132.458,lost,,,,
132.464,lost,,,,
132.470,lost,,,,
132.476,lost,,,,
132.483,lost,,,,
132.489,lost,,,,
132.495,lost,,,,
132.502,lost,,,,
132.509,lost,,,,
132.515,lost,,,,
132.522,lost,,,,
132.528,lost,,,,
132.535,lost,,,,
132.541,lost,,,,
132.548,lost,,,,
132.554,lost,,,,
132.560,lost,,,,
132.567,lost,,,,
132.573,lost,,,,
132.580,lost,,,,
132.586,lost,,,,
132.592,lost,,,,
132.598,lost,,,,
132.605,lost,,,,
132.611,lost,,,,
132.617,lost,,,,
132.624,lost,,,,
132.630,lost,,,,
132.636,lost,,,,
132.643,lost,,,,
132.649,lost,,,,
132.655,lost,,,,
132.662,lost,,,,
132.668,lost,,,,
132.674,lost,,,,
132.680,lost,,,,
132.687,lost,,,,
132.693,lost,,,,
132.699,lost,,,,
132.706,lost,,,,
132.712,lost,,,,
132.718,lost,,,,
132.725,lost,,,,
132.731,lost,,,,
132.737,lost,,,,
132.744,lost,,,,
132.750,lost,,,,
132.756,lost,,,,
132.763,lost,,,,
132.769,lost,,,,
132.775,lost,,,,
132.782,lost,,,,
132.788,lost,,,,
132.794,lost,,,,
132.801,lost,,,,
132.807,lost,,,,
132.813,lost,,,,
132.820,lost,,,,
132.826,lost,,,,
132.832,lost,,,,
132.839,lost,,,,
132.845,lost,,,,
132.851,lost,,,,
132.858,lost,,,,
132.864,lost,,,,
132.870,lost,,,,
132.876,lost,,,,
132.883,lost,,,,
132.889,lost,,,,
132.895,lost,,,,
132.902,lost,,,,
132.908,lost,,,,
132.914,lost,,,,
132.921,lost,,,,
132.927,lost,,,,
132.934,lost,,,,
132.940,lost,,,,
132.946,lost,,,,
132.953,lost,,,,
132.959,lost,,,,
132.965,lost,,,,
132.971,lost,,,,
132.978,lost,,,,
132.984,lost,,,,
132.991,lost,,,,
132.997,lost,,,,
133.003,lost,,,,
133.009,lost,,,,
133.016,lost,,,,
133.022,lost,,,,
133.028,lost,,,,
133.035,lost,,,,
133.041,lost,,,,
133.047,lost,,,,
133.054,lost,,,,
133.060,lost,,,,
133.066,lost,,,,
133.073,lost,,,,
133.079,lost,,,,
133.085,lost,,,,
133.092,lost,,,,
133.098,lost,,,,
133.104,lost,,,,
133.110,lost,,,,
133.117,lost,,,,
133.123,lost,,,,
133.130,lost,,,,
133.136,lost,,,,
133.142,lost,,,,
133.149,lost,,,,
133.155,lost,,,,
133.161,lost,,,,
133.168,lost,,,,
133.174,lost,,,,
133.180,lost,,,,
133.187,lost,,,,
133.193,lost,,,,
133.199,lost,,,,
133.205,lost,,,,
133.212,lost,,,,
133.218,lost,,,,
133.224,lost,,,,
133.231,lost,,,,
133.237,lost,,,,
133.243,lost,,,,
133.250,lost,,,,
133.256,lost,,,,
133.262,lost,,,,
133.269,lost,,,,
133.275,lost,,,,
133.281,lost,,,,
133.288,lost,,,,
133.294,lost,,,,
133.300,lost,,,,
133.307,lost,,,,
133.313,lost,,,,
133.319,lost,,,,
133.326,lost,,,,
133.332,lost,,,,
133.338,lost,,,,
133.345,lost,,,,
133.351,lost,,,,
133.357,lost,,,,
133.363,lost,,,,
133.370,lost,,,,
133.376,lost,,,,
133.382,lost,,,,
133.389,lost,,,,
133.395,lost,,,,
133.401,lost,,,,
133.408,lost,,,,
133.414,lost,,,,
133.420,lost,,,,
133.426,lost,,,,
133.433,lost,,,,
133.439,lost,,,,
133.446,lost,,,,
133.452,lost,,,,
133.458,lost,,,,
133.465,lost,,,,
133.471,lost,,,,
133.477,lost,,,,
133.484,lost,,,,
133.490,lost,,,,
133.496,lost,,,,
133.503,lost,,,,
133.509,lost,,,,
133.515,lost,,,,
133.522,lost,,,,
133.528,lost,,,,
133.535,lost,,,,
133.541,lost,,,,
133.547,lost,,,,
133.554,lost,,,,
133.560,lost,,,,
133.567,lost,,,,
133.573,lost,,,,
133.579,lost,,,,
133.586,lost,,,,
133.592,lost,,,,
133.598,lost,,,,
133.604,lost,,,,
133.611,lost,,,,
133.617,lost,,,,
133.623,lost,,,,
133.630,lost,,,,
133.636,lost,,,,
133.642,lost,,,,
133.649,lost,,,,
133.655,lost,,,,
133.661,lost,,,,
133.668,lost,,,,
133.674,lost,,,,
133.681,lost,,,,
133.687,lost,,,,
133.693,lost,,,,
133.700,lost,,,,
133.706,lost,,,,
133.712,lost,,,,
133.719,lost,,,,
133.725,lost,,,,
133.731,lost,,,,
133.738,lost,,,,
133.744,lost,,,,
133.750,lost,,,,
133.757,lost,,,,
133.763,lost,,,,
133.769,lost,,,,
133.776,lost,,,,
133.782,lost,,,,
133.788,lost,,,,
133.795,lost,,,,
133.801,lost,,,,
133.807,lost,,,,
133.813,lost,,,,
133.820,lost,,,,
133.826,lost,,,,
133.833,lost,,,,
133.839,lost,,,,
133.845,lost,,,,
133.852,lost,,,,
133.858,lost,,,,
133.865,lost,,,,
133.871,lost,,,,
133.878,lost,,,,
133.884,lost,,,,
133.890,lost,,,,
133.897,lost,,,,
133.903,lost,,,,
133.909,lost,,,,
133.916,lost,,,,
133.922,lost,,,,
133.928,lost,,,,
133.935,lost,,,,
133.941,lost,,,,
133.947,lost,,,,
133.954,lost,,,,
133.960,lost,,,,
133.966,lost,,,,
133.973,lost,,,,
133.979,lost,,,,
133.985,lost,,,,
133.992,lost,,,,
133.998,lost,,,,
134.004,lost,,,,
134.010,lost,,,,
134.017,lost,,,,
134.023,lost,,,,
134.029,lost,,,,
134.036,lost,,,,
134.042,lost,,,,
134.048,lost,,,,
134.055,lost,,,,
134.061,lost,,,,
134.067,lost,,,,
134.074,lost,,,,
134.080,lost,,,,
134.086,lost,,,,
134.092,lost,,,,
134.099,lost,,,,
134.105,lost,,,,
134.111,lost,,,,
134.118,lost,,,,
134.124,lost,,,,
134.130,lost,,,,
134.137,lost,,,,
134.143,lost,,,,
134.149,lost,,,,
134.156,lost,,,,
134.162,lost,,,,
134.168,lost,,,,
134.175,lost,,,,
134.181,lost,,,,
134.187,lost,,,,
134.194,lost,,,,
134.200,lost,,,,
134.206,lost,,,,
134.212,lost,,,,
134.219,lost,,,,
134.225,lost,,,,
134.231,lost,,,,
134.238,lost,,,,
134.244,lost,,,,
134.250,lost,,,,
134.256,lost,,,,
134.262,lost,,,,
134.267,lost,,,,
134.273,lost,,,,
134.279,lost,,,,
134.284,lost,,,,
134.290,lost,,,,
134.295,lost,,,,
134.301,lost,,,,
134.306,lost,,,,
134.312,lost,,,,
134.317,lost,,,,
134.323,lost,,,,
134.328,lost,,,,
134.334,lost,,,,
134.339,lost,,,,
134.345,lost,,,,
134.350,lost,,,,
134.356,lost,,,,
134.361,lost,,,,
134.367,lost,,,,
134.372,lost,,,,
134.378,lost,,,,
134.383,lost,,,,
134.389,lost,,,,
134.394,lost,,,,
134.400,lost,,,,
134.405,lost,,,,
134.411,lost,,,,
134.416,lost,,,,
134.422,lost,,,,
134.427,lost,,,,
134.433,lost,,,,
134.438,lost,,,,
134.444,lost,,,,
134.450,lost,,,,
134.455,lost,,,,
134.460,lost,,,,
134.466,lost,,,,
134.471,lost,,,,
134.477,lost,,,,
134.483,lost,,,,
134.488,lost,,,,
134.494,lost,,,,
134.499,lost,,,,
134.505,lost,,,,
134.510,lost,,,,
134.516,lost,,,,
134.521,lost,,,,
134.527,lost,,,,
134.532,lost,,,,
134.538,lost,,,,
134.544,lost,,,,
134.549,lost,,,,
134.555,lost,,,,
134.560,lost,,,,
134.566,lost,,,,
134.571,lost,,,,
134.577,lost,,,,
134.582,lost,,,,
134.588,lost,,,,
134.593,lost,,,,
134.599,lost,,,,
134.604,lost,,,,
134.610,lost,,,,
134.615,lost,,,,
134.621,lost,,,,
134.626,lost,,,,
134.632,lost,,,,
134.637,lost,,,,
134.643,lost,,,,
134.648,lost,,,,
134.654,lost,,,,
134.659,lost,,,,
134.665,lost,,,,
134.670,lost,,,,
134.676,lost,,,,
134.681,lost,,,,
134.687,lost,,,,
134.692,lost,,,,
134.698,lost,,,,
134.703,lost,,,,
134.709,lost,,,,
134.714,lost,,,,
134.720,lost,,,,
134.725,lost,,,,
134.731,lost,,,,
134.736,lost,,,,
134.742,lost,,,,
134.747,lost,,,,
134.753,lost,,,,
134.759,lost,,,,
134.764,lost,,,,
134.770,lost,,,,
134.775,lost,,,,
134.781,lost,,,,
134.786,lost,,,,
134.792,lost,,,,
134.797,lost,,,,
134.803,lost,,,,
134.808,lost,,,,
134.814,lost,,,,
134.819,lost,,,,
134.825,lost,,,,
134.830,lost,,,,
134.836,lost,,,,
134.842,lost,,,,
134.847,lost,,,,
134.852,lost,,,,
134.858,lost,,,,
134.863,lost,,,,
134.869,lost,,,,
134.874,lost,,,,
134.880,lost,,,,
134.886,lost,,,,
134.891,lost,,,,
134.896,lost,,,,
134.902,lost,,,,
134.907,lost,,,,
134.913,lost,,,,
134.918,lost,,,,
134.924,lost,,,,
134.930,lost,,,,
134.935,lost,,,,
134.941,lost,,,,
134.947,lost,,,,
134.953,lost,,,,
134.958,lost,,,,
134.964,lost,,,,
134.969,lost,,,,
134.975,lost,,,,
134.980,lost,,,,
134.986,lost,,,,
134.992,lost,,,,
134.997,lost,,,,
135.003,lost,,,,
135.008,lost,,,,
135.014,lost,,,,
135.020,lost,,,,
135.025,lost,,,,
135.030,lost,,,,
135.036,lost,,,,
135.042,lost,,,,
135.047,lost,,,,
135.053,lost,,,,
135.059,lost,,,,
135.064,lost,,,,
135.070,lost,,,,
135.076,lost,,,,
135.082,lost,,,,
135.088,lost,,,,
135.094,lost,,,,
135.099,lost,,,,
135.105,lost,,,,
135.111,lost,,,,
135.117,lost,,,,
135.123,lost,,,,
135.129,lost,,,,
135.135,lost,,,,
135.140,lost,,,,
135.146,lost,,,,
135.152,lost,,,,
135.157,lost,,,,
135.162,lost,,,,
135.168,lost,,,,
135.173,lost,,,,
135.179,lost,,,,
135.185,lost,,,,
135.190,lost,,,,
135.196,lost,,,,
135.202,lost,,,,
135.207,lost,,,,
135.213,lost,,,,
135.219,lost,,,,
135.224,lost,,,,
135.230,lost,,,,
135.236,lost,,,,
135.241,lost,,,,
135.247,lost,,,,
135.252,lost,,,,
135.258,lost,,,,
135.264,lost,,,,
135.269,lost,,,,
135.275,lost,,,,
135.280,lost,,,,
135.286,lost,,,,
135.291,lost,,,,
135.297,lost,,,,
135.303,lost,,,,
135.308,lost,,,,
135.313,lost,,,,
135.319,lost,,,,
135.325,lost,,,,
135.330,lost,,,,
135.336,lost,,,,
135.341,lost,,,,
135.347,lost,,,,
135.352,lost,,,,
135.358,lost,,,,
135.363,lost,,,,
135.369,lost,,,,
135.375,lost,,,,
135.380,lost,,,,
135.386,lost,,,,
135.391,lost,,,,
135.397,lost,,,,
135.402,lost,,,,
135.408,lost,,,,
135.413,lost,,,,
135.419,lost,,,,
135.424,lost,,,,
135.430,lost,,,,
135.435,lost,,,,
135.441,lost,,,,
135.446,lost,,,,
135.452,lost,,,,
135.457,lost,,,,
135.463,lost,,,,
135.469,lost,,,,
135.474,lost,,,,
135.480,lost,,,,
135.486,lost,,,,
135.491,lost,,,,
135.496,lost,,,,
135.502,lost,,,,
135.508,lost,,,,
135.513,lost,,,,
135.519,lost,,,,
135.524,lost,,,,
135.530,lost,,,,
135.535,lost,,,,
135.541,lost,,,,
135.547,lost,,,,
135.552,lost,,,,
135.558,lost,,,,
135.563,lost,,,,
135.569,lost,,,,
135.574,lost,,,,
135.580,lost,,,,
135.586,lost,,,,
135.591,lost,,,,
135.596,lost,,,,
135.602,lost,,,,
135.607,lost,,,,
135.613,lost,,,,
135.619,lost,,,,
135.624,lost,,,,
135.629,lost,,,,
135.635,lost,,,,
135.640,lost,,,,
135.646,lost,,,,
135.651,lost,,,,
135.657,lost,,,,
135.663,lost,,,,
135.668,lost,,,,
135.674,lost,,,,
135.679,lost,,,,
135.685,lost,,,,
135.690,lost,,,,
135.696,lost,,,,
135.701,lost,,,,
135.707,lost,,,,
135.713,lost,,,,
135.719,lost,,,,
135.725,lost,,,,
135.731,lost,,,,
135.738,lost,,,,
135.744,lost,,,,
135.750,lost,,,,
135.757,lost,,,,
135.763,lost,,,,
135.769,lost,,,,
135.775,lost,,,,
135.782,lost,,,,
135.788,lost,,,,
135.794,lost,,,,
135.801,lost,,,,
135.807,lost,,,,
135.813,lost,,,,
135.820,lost,,,,
135.826,lost,,,,
135.832,lost,,,,
135.839,lost,,,,
135.845,lost,,,,
135.851,lost,,,,
135.858,lost,,,,
135.864,lost,,,,
135.870,lost,,,,
135.877,lost,,,,
135.883,lost,,,,
135.890,lost,,,,
135.896,lost,,,,
135.903,lost,,,,
135.909,lost,,,,
135.916,lost,,,,
135.922,lost,,,,
135.929,lost,,,,
135.935,lost,,,,
135.942,lost,,,,
135.948,lost,,,,
135.955,lost,,,,
135.961,lost,,,,
135.968,lost,,,,
135.974,lost,,,,
135.981,lost,,,,
135.987,lost,,,,
135.994,lost,,,,
136.001,lost,,,,
136.007,lost,,,,
136.013,lost,,,,
136.020,lost,,,,
136.026,lost,,,,
136.033,lost,,,,
136.039,lost,,,,
136.045,lost,,,,
136.051,lost,,,,
136.056,lost,,,,
136.062,lost,,,,
136.067,lost,,,,
136.073,lost,,,,
136.078,lost,,,,
136.084,lost,,,,
136.089,lost,,,,
136.095,lost,,,,
136.100,lost,,,,
136.106,lost,,,,
136.112,lost,,,,
136.118,lost,,,,
136.124,lost,,,,
136.129,lost,,,,
136.135,lost,,,,
136.141,lost,,,,
136.146,lost,,,,
136.153,lost,,,,
136.158,lost,,,,
136.164,lost,,,,
136.169,lost,,,,
136.175,lost,,,,
136.183,lost,,,,
136.191,lost,,,,
136.198,lost,,,,
136.205,lost,,,,
136.211,lost,,,,
136.218,lost,,,,
136.225,lost,,,,
136.231,lost,,,,
136.236,lost,,,,
136.242,lost,,,,
136.248,lost,,,,
136.255,lost,,,,
136.263,lost,,,,
136.270,lost,,,,
136.276,lost,,,,
136.283,lost,,,,
136.290,lost,,,,
136.296,lost,,,,
136.303,lost,,,,
136.309,lost,,,,
136.316,lost,,,,
136.322,lost,,,,
136.329,lost,,,,
136.336,lost,,,,
136.342,lost,,,,
136.349,lost,,,,
136.356,lost,,,,
136.362,lost,,,,
136.370,lost,,,,
136.378,lost,,,,
136.385,lost,,,,
136.393,lost,,,,
136.401,lost,,,,
136.407,lost,,,,
136.413,lost,,,,
136.419,lost,,,,
136.429,lost,,,,
136.437,lost,,,,
136.445,lost,,,,
136.452,lost,,,,
136.459,lost,,,,
136.466,lost,,,,
136.473,lost,,,,
136.480,lost,,,,
136.487,lost,,,,
136.494,lost,,,,
136.502,lost,,,,
136.509,lost,,,,
136.516,lost,,,,
136.522,lost,,,,
136.529,lost,,,,
136.536,lost,,,,
136.543,lost,,,,
136.549,lost,,,,
136.556,lost,,,,
136.563,lost,,,,
136.570,lost,,,,
136.575,lost,,,,
136.581,lost,,,,
136.588,lost,,,,
136.594,lost,,,,
136.600,lost,,,,
136.605,lost,,,,
136.611,lost,,,,
136.617,lost,,,,
136.623,lost,,,,
136.629,lost,,,,
136.635,lost,,,,
136.641,lost,,,,
136.647,lost,,,,
136.655,lost,,,,
136.661,lost,,,,
136.667,lost,,,,
136.673,lost,,,,
136.679,lost,,,,
136.686,lost,,,,
136.693,lost,,,,
136.701,lost,,,,
136.706,lost,,,,
136.712,lost,,,,
136.718,lost,,,,
136.723,lost,,,,
136.729,lost,,,,
136.735,lost,,,,
136.741,lost,,,,
136.747,lost,,,,
136.753,lost,,,,
136.758,lost,,,,
136.766,lost,,,,
136.772,lost,,,,
136.777,lost,,,,
136.783,lost,,,,
136.789,lost,,,,
136.795,lost,,,,
136.801,lost,,,,
136.807,lost,,,,
136.813,lost,,,,
136.819,lost,,,,
136.825,lost,,,,
136.832,lost,,,,
136.838,lost,,,,
136.844,lost,,,,
136.851,lost,,,,
136.858,lost,,,,
136.865,lost,,,,
136.872,lost,,,,
136.879,lost,,,,
136.885,lost,,,,
136.892,lost,,,,
136.899,lost,,,,
136.905,lost,,,,
136.912,lost,,,,
136.918,lost,,,,
136.925,lost,,,,
136.931,lost,,,,
136.938,lost,,,,
136.945,lost,,,,
136.951,lost,,,,
136.958,lost,,,,
136.964,lost,,,,
136.971,lost,,,,
136.977,lost,,,,
136.984,lost,,,,
136.991,lost,,,,
136.997,lost,,,,
137.004,lost,,,,
137.011,lost,,,,
137.017,lost,,,,
137.024,lost,,,,
137.031,lost,,,,
137.037,lost,,,,
137.044,lost,,,,
137.051,lost,,,,
137.057,lost,,,,
137.064,lost,,,,
137.071,lost,,,,
137.077,lost,,,,
137.085,lost,,,,
137.091,lost,,,,
137.098,lost,,,,
137.104,lost,,,,
137.110,lost,,,,
137.116,lost,,,,
137.121,lost,,,,
137.127,lost,,,,
137.134,lost,,,,
137.139,lost,,,,
137.145,lost,,,,
137.152,lost,,,,
137.158,lost,,,,
137.163,lost,,,,
137.169,lost,,,,
137.175,lost,,,,
137.181,lost,,,,
137.187,lost,,,,
137.192,lost,,,,
137.198,lost,,,,
137.204,lost,,,,
137.210,lost,,,,
137.215,lost,,,,
137.221,lost,,,,
137.226,lost,,,,
137.232,lost,,,,
137.238,lost,,,,
137.244,lost,,,,
137.250,lost,,,,
137.256,lost,,,,
137.261,lost,,,,
137.267,lost,,,,
137.273,lost,,,,
137.279,lost,,,,
137.285,lost,,,,
137.291,lost,,,,
137.298,lost,,,,
137.304,lost,,,,
137.311,lost,,,,
137.318,lost,,,,
137.324,lost,,,,
137.331,lost,,,,
137.337,lost,,,,
137.344,lost,,,,
137.350,lost,,,,
137.357,lost,,,,
137.364,lost,,,,
137.371,lost,,,,
137.377,lost,,,,
137.384,lost,,,,
137.390,lost,,,,
137.397,lost,,,,
137.404,lost,,,,
137.410,lost,,,,
137.417,lost,,,,
137.424,lost,,,,
137.430,lost,,,,
137.437,lost,,,,
137.444,lost,,,,
137.450,lost,,,,
137.457,lost,,,,
137.464,lost,,,,
137.471,lost,,,,
137.477,lost,,,,
137.483,lost,,,,
137.491,lost,,,,
137.499,lost,,,,
137.507,lost,,,,
137.514,lost,,,,
137.523,lost,,,,
137.530,lost,,,,
137.782,lost,,,,
137.795,lost,,,,
137.804,lost,,,,
137.814,lost,,,,
137.822,lost,,,,
137.829,lost,,,,
137.838,lost,,,,
137.845,lost,,,,
137.854,lost,,,,
137.861,lost,,,,
137.869,lost,,,,
137.876,lost,,,,
137.883,lost,,,,
137.890,lost,,,,
137.896,lost,,,,
137.904,lost,,,,
137.911,lost,,,,
137.917,lost,,,,
137.924,lost,,,,
137.930,lost,,,,
137.937,lost,,,,
137.944,lost,,,,
137.950,lost,,,,
137.957,lost,,,,
137.964,lost,,,,
137.971,lost,,,,
137.977,lost,,,,
137.983,lost,,,,
137.989,lost,,,,
137.994,lost,,,,
138.001,lost,,,,
138.009,lost,,,,
138.018,lost,,,,
138.026,lost,,,,
138.035,lost,,,,
138.041,lost,,,,
138.047,lost,,,,
138.053,lost,,,,
138.059,lost,,,,
138.065,lost,,,,
138.071,lost,,,,
138.076,lost,,,,
138.083,lost,,,,
138.089,lost,,,,
138.096,lost,,,,
138.103,lost,,,,
138.109,lost,,,,
138.116,lost,,,,
138.362,lost,,,,
138.371,lost,,,,
138.379,lost,,,,
138.385,lost,,,,
138.394,lost,,,,
138.401,lost,,,,
138.410,lost,,,,
138.416,lost,,,,
138.424,lost,,,,
138.431,lost,,,,
138.437,lost,,,,
138.444,lost,,,,
138.451,lost,,,,
138.457,lost,,,,
138.464,lost,,,,
138.470,lost,,,,
138.477,lost,,,,
138.484,lost,,,,
138.491,lost,,,,
138.497,lost,,,,
138.504,lost,,,,
138.511,lost,,,,
138.518,lost,,,,
138.524,lost,,,,
138.530,lost,,,,
138.537,lost,,,,
138.543,lost,,,,
138.550,lost,,,,
138.556,lost,,,,
138.563,lost,,,,
138.570,lost,,,,
138.576,lost,,,,
138.585,lost,,,,
138.592,lost,,,,
138.601,lost,,,,
138.607,lost,,,,
138.614,lost,,,,
138.621,lost,,,,
138.627,lost,,,,
138.633,lost,,,,
138.640,lost,,,,
138.647,lost,,,,
138.654,lost,,,,
138.661,lost,,,,
138.667,lost,,,,
138.674,lost,,,,
138.680,lost,,,,
138.686,lost,,,,
138.693,lost,,,,
138.699,lost,,,,
138.705,lost,,,,
138.712,lost,,,,
138.718,lost,,,,
138.724,lost,,,,
138.731,lost,,,,
138.737,lost,,,,
138.744,lost,,,,
138.750,lost,,,,
138.757,lost,,,,
138.764,lost,,,,
138.771,lost,,,,
138.779,lost,,,,
138.786,lost,,,,
138.792,lost,,,,
138.798,lost,,,,
138.804,lost,,,,
138.811,lost,,,,
138.817,lost,,,,
138.824,lost,,,,
138.831,lost,,,,
138.838,lost,,,,
138.844,lost,,,,
138.851,lost,,,,
138.858,lost,,,,
138.864,lost,,,,
138.871,lost,,,,
138.877,lost,,,,
138.884,lost,,,,
138.890,lost,,,,
