elapsed_s,event,body_x,body_y,dist,tags_used
8.988,lost,,,,
9.060,lost,,,,
9.077,lost,,,,
9.092,lost,,,,
9.109,lost,,,,
9.131,lost,,,,
9.145,lost,,,,
9.160,lost,,,,
9.176,lost,,,,
9.191,lost,,,,
9.205,lost,,,,
9.219,lost,,,,
9.234,lost,,,,
9.246,lost,,,,
9.258,lost,,,,
9.272,lost,,,,
9.288,lost,,,,
9.299,lost,,,,
9.312,lost,,,,
9.325,lost,,,,
9.338,lost,,,,
9.351,lost,,,,
9.364,lost,,,,
9.379,lost,,,,
9.391,lost,,,,
9.403,lost,,,,
9.416,lost,,,,
9.431,lost,,,,
9.445,lost,,,,
9.458,lost,,,,
9.470,lost,,,,
9.484,lost,,,,
9.498,lost,,,,
9.511,lost,,,,
9.527,lost,,,,
9.539,lost,,,,
9.552,lost,,,,
9.565,lost,,,,
9.580,lost,,,,
9.591,lost,,,,
9.603,lost,,,,
9.617,lost,,,,
9.633,lost,,,,
9.646,lost,,,,
9.659,lost,,,,
9.671,lost,,,,
9.685,lost,,,,
9.699,lost,,,,
9.714,lost,,,,
9.729,lost,,,,
9.743,lost,,,,
9.755,lost,,,,
9.768,lost,,,,
9.780,lost,,,,
9.794,lost,,,,
9.809,lost,,,,
9.822,lost,,,,
9.835,lost,,,,
9.853,lost,,,,
9.865,lost,,,,
9.879,lost,,,,
9.892,lost,,,,
9.905,lost,,,,
9.917,lost,,,,
9.928,lost,,,,
9.940,lost,,,,
9.954,lost,,,,
9.971,lost,,,,
9.985,lost,,,,
9.998,lost,,,,
10.013,lost,,,,
10.026,lost,,,,
10.038,lost,,,,
10.051,lost,,,,
10.067,lost,,,,
10.080,lost,,,,
10.093,lost,,,,
10.107,lost,,,,
10.124,lost,,,,
10.139,lost,,,,
10.152,lost,,,,
10.168,lost,,,,
10.183,lost,,,,
10.196,lost,,,,
10.208,lost,,,,
10.223,lost,,,,
10.238,lost,,,,
10.252,lost,,,,
10.263,lost,,,,
10.277,lost,,,,
10.288,lost,,,,
10.299,lost,,,,
10.311,lost,,,,
10.324,lost,,,,
10.339,lost,,,,
10.352,lost,,,,
10.365,lost,,,,
10.377,lost,,,,
10.391,lost,,,,
10.404,lost,,,,
10.417,lost,,,,
10.428,lost,,,,
10.440,lost,,,,
10.455,lost,,,,
10.469,lost,,,,
10.484,lost,,,,
10.498,lost,,,,
10.510,lost,,,,
10.523,lost,,,,
10.536,lost,,,,
10.550,lost,,,,
10.562,lost,,,,
10.575,lost,,,,
10.588,lost,,,,
10.602,lost,,,,
10.613,lost,,,,
10.624,lost,,,,
10.638,lost,,,,
10.654,lost,,,,
10.667,lost,,,,
10.679,lost,,,,
10.692,lost,,,,
10.706,lost,,,,
10.720,lost,,,,
10.732,lost,,,,
10.744,lost,,,,
10.758,lost,,,,
10.773,lost,,,,
10.786,lost,,,,
10.799,lost,,,,
10.812,lost,,,,
10.823,lost,,,,
10.837,lost,,,,
10.856,lost,,,,
10.878,lost,,,,
10.891,lost,,,,
10.905,lost,,,,
10.920,lost,,,,
10.933,lost,,,,
10.946,lost,,,,
10.960,lost,,,,
10.973,lost,,,,
10.987,lost,,,,
11.002,lost,,,,
11.016,lost,,,,
11.028,lost,,,,
11.041,lost,,,,
11.057,lost,,,,
11.070,lost,,,,
11.084,lost,,,,
11.099,lost,,,,
11.113,lost,,,,
11.124,lost,,,,
11.137,lost,,,,
11.150,lost,,,,
11.164,lost,,,,
11.175,lost,,,,
11.187,lost,,,,
11.200,lost,,,,
11.213,lost,,,,
11.225,lost,,,,
11.237,lost,,,,
11.250,lost,,,,
11.262,lost,,,,
11.273,lost,,,,
11.285,lost,,,,
11.298,lost,,,,
11.312,lost,,,,
11.324,lost,,,,
11.336,lost,,,,
11.350,lost,,,,
11.363,lost,,,,
11.375,lost,,,,
11.386,lost,,,,
11.398,lost,,,,
11.409,lost,,,,
11.423,lost,,,,
11.439,lost,,,,
11.452,lost,,,,
11.466,lost,,,,
11.478,lost,,,,
11.489,lost,,,,
11.503,lost,,,,
11.517,lost,,,,
11.531,lost,,,,
11.542,lost,,,,
11.556,lost,,,,
11.571,lost,,,,
11.583,lost,,,,
11.594,lost,,,,
11.606,lost,,,,
11.628,lost,,,,
11.640,lost,,,,
11.653,lost,,,,
11.666,lost,,,,
11.679,lost,,,,
11.689,lost,,,,
11.702,lost,,,,
11.717,lost,,,,
11.732,lost,,,,
11.745,lost,,,,
11.758,lost,,,,
11.770,lost,,,,
11.783,lost,,,,
11.796,lost,,,,
11.808,lost,,,,
11.821,lost,,,,
11.836,lost,,,,
11.848,lost,,,,
11.861,lost,,,,
11.874,lost,,,,
11.888,lost,,,,
11.900,lost,,,,
11.912,lost,,,,
11.924,lost,,,,
11.938,lost,,,,
11.950,lost,,,,
11.962,lost,,,,
11.973,lost,,,,
11.986,lost,,,,
12.001,lost,,,,
12.012,lost,,,,
12.024,lost,,,,
12.036,lost,,,,
12.051,lost,,,,
12.066,lost,,,,
12.079,lost,,,,
12.092,lost,,,,
12.103,lost,,,,
12.115,lost,,,,
12.126,lost,,,,
12.138,lost,,,,
12.151,lost,,,,
12.164,lost,,,,
12.175,lost,,,,
12.189,lost,,,,
12.201,lost,,,,
12.213,lost,,,,
12.224,lost,,,,
12.237,lost,,,,
12.250,lost,,,,
12.262,lost,,,,
12.273,lost,,,,
12.285,lost,,,,
12.299,lost,,,,
12.312,lost,,,,
12.324,lost,,,,
12.337,lost,,,,
12.352,lost,,,,
12.365,lost,,,,
12.376,lost,,,,
12.389,lost,,,,
12.405,lost,,,,
12.416,lost,,,,
12.428,lost,,,,
12.442,lost,,,,
12.454,lost,,,,
12.467,lost,,,,
12.479,lost,,,,
12.491,lost,,,,
12.506,lost,,,,
12.518,lost,,,,
12.531,lost,,,,
12.543,lost,,,,
12.555,lost,,,,
12.569,lost,,,,
12.582,lost,,,,
12.593,lost,,,,
12.604,lost,,,,
12.619,lost,,,,
12.631,lost,,,,
12.642,lost,,,,
12.654,lost,,,,
12.666,lost,,,,
12.679,lost,,,,
12.690,lost,,,,
12.703,lost,,,,
12.717,lost,,,,
12.729,lost,,,,
12.740,lost,,,,
12.752,lost,,,,
12.766,lost,,,,
12.778,lost,,,,
12.789,lost,,,,
12.802,lost,,,,
12.815,lost,,,,
12.828,lost,,,,
12.839,lost,,,,
12.851,lost,,,,
12.865,lost,,,,
12.881,lost,,,,
12.892,lost,,,,
12.904,lost,,,,
12.916,lost,,,,
12.931,lost,,,,
12.943,lost,,,,
12.955,lost,,,,
12.968,lost,,,,
12.983,lost,,,,
12.995,lost,,,,
13.006,lost,,,,
13.017,lost,,,,
13.031,lost,,,,
13.045,lost,,,,
13.057,lost,,,,
13.070,lost,,,,
13.086,lost,,,,
13.100,lost,,,,
13.113,lost,,,,
13.127,lost,,,,
13.139,lost,,,,
13.151,lost,,,,
13.164,lost,,,,
13.178,lost,,,,
13.191,lost,,,,
13.204,lost,,,,
13.217,lost,,,,
13.231,lost,,,,
13.244,lost,,,,
13.256,lost,,,,
13.267,lost,,,,
13.282,lost,,,,
13.296,lost,,,,
13.306,lost,,,,
13.318,lost,,,,
13.331,lost,,,,
13.345,lost,,,,
13.358,lost,,,,
13.371,lost,,,,
13.385,lost,,,,
13.399,lost,,,,
13.412,lost,,,,
13.424,lost,,,,
13.437,lost,,,,
13.451,lost,,,,
13.463,lost,,,,
13.475,lost,,,,
13.487,lost,,,,
13.502,lost,,,,
13.516,lost,,,,
13.528,lost,,,,
13.540,lost,,,,
13.555,lost,,,,
13.568,lost,,,,
13.581,lost,,,,
13.593,lost,,,,
13.606,lost,,,,
13.619,lost,,,,
13.634,lost,,,,
13.649,lost,,,,
13.661,lost,,,,
13.672,lost,,,,
13.685,lost,,,,
13.699,lost,,,,
13.712,lost,,,,
13.722,lost,,,,
13.735,lost,,,,
13.749,lost,,,,
13.762,lost,,,,
13.774,lost,,,,
13.786,lost,,,,
13.799,lost,,,,
13.812,lost,,,,
13.822,lost,,,,
13.834,lost,,,,
13.849,lost,,,,
13.862,lost,,,,
13.873,lost,,,,
13.886,lost,,,,
13.899,lost,,,,
13.912,lost,,,,
13.924,lost,,,,
13.935,lost,,,,
13.948,lost,,,,
13.962,lost,,,,
13.974,lost,,,,
13.985,lost,,,,
13.999,lost,,,,
14.012,lost,,,,
14.024,lost,,,,
14.036,lost,,,,
14.048,lost,,,,
14.064,lost,,,,
14.078,lost,,,,
14.090,lost,,,,
14.102,lost,,,,
14.117,lost,,,,
14.128,lost,,,,
14.141,lost,,,,
14.156,lost,,,,
14.170,lost,,,,
14.183,lost,,,,
14.194,lost,,,,
14.206,lost,,,,
14.218,lost,,,,
14.230,lost,,,,
14.242,lost,,,,
14.252,lost,,,,
14.266,lost,,,,
14.278,lost,,,,
14.288,lost,,,,
14.302,lost,,,,
14.316,lost,,,,
14.328,lost,,,,
14.340,lost,,,,
14.353,lost,,,,
14.367,lost,,,,
14.379,lost,,,,
14.390,lost,,,,
14.408,lost,,,,
14.419,lost,,,,
14.433,lost,,,,
14.445,lost,,,,
14.457,lost,,,,
14.470,lost,,,,
14.483,lost,,,,
14.494,lost,,,,
14.507,lost,,,,
14.520,lost,,,,
14.532,lost,,,,
14.545,lost,,,,
14.557,lost,,,,
14.570,lost,,,,
14.582,lost,,,,
14.595,lost,,,,
14.607,lost,,,,
14.619,lost,,,,
14.632,lost,,,,
14.643,lost,,,,
14.658,lost,,,,
14.672,lost,,,,
14.686,lost,,,,
14.699,lost,,,,
14.713,lost,,,,
14.724,lost,,,,
14.736,lost,,,,
14.747,lost,,,,
14.760,lost,,,,
14.772,lost,,,,
14.784,lost,,,,
14.795,lost,,,,
14.808,lost,,,,
14.820,lost,,,,
14.832,lost,,,,
14.844,lost,,,,
14.856,lost,,,,
14.870,lost,,,,
14.882,lost,,,,
14.895,lost,,,,
14.906,lost,,,,
14.920,lost,,,,
14.932,lost,,,,
14.943,lost,,,,
14.954,lost,,,,
14.966,lost,,,,
14.979,lost,,,,
14.992,lost,,,,
15.005,lost,,,,
15.020,lost,,,,
15.032,lost,,,,
15.042,lost,,,,
15.057,lost,,,,
15.070,lost,,,,
15.081,lost,,,,
15.091,lost,,,,
15.103,lost,,,,
15.118,lost,,,,
15.131,lost,,,,
15.144,lost,,,,
15.155,lost,,,,
15.170,lost,,,,
15.182,lost,,,,
15.193,lost,,,,
15.204,lost,,,,
15.218,lost,,,,
15.231,lost,,,,
15.242,lost,,,,
15.253,lost,,,,
15.265,lost,,,,
15.278,lost,,,,
15.291,lost,,,,
15.304,lost,,,,
15.317,lost,,,,
15.330,lost,,,,
15.343,lost,,,,
15.355,lost,,,,
15.368,lost,,,,
15.382,lost,,,,
15.392,lost,,,,
15.403,lost,,,,
15.416,lost,,,,
15.431,lost,,,,
15.442,lost,,,,
15.455,lost,,,,
15.469,lost,,,,
15.485,lost,,,,
15.498,lost,,,,
15.508,lost,,,,
15.521,lost,,,,
15.535,lost,,,,
15.547,lost,,,,
15.557,lost,,,,
15.571,lost,,,,
15.584,lost,,,,
15.595,lost,,,,
15.606,lost,,,,
15.619,lost,,,,
15.631,lost,,,,
15.641,lost,,,,
15.651,lost,,,,
15.662,lost,,,,
15.677,lost,,,,
15.690,lost,,,,
15.702,lost,,,,
15.713,lost,,,,
15.726,lost,,,,
15.737,lost,,,,
15.749,lost,,,,
15.761,lost,,,,
15.774,lost,,,,
15.787,lost,,,,
15.800,lost,,,,
15.812,lost,,,,
15.823,lost,,,,
15.837,lost,,,,
15.850,lost,,,,
15.861,lost,,,,
15.872,lost,,,,
15.885,lost,,,,
15.896,lost,,,,
15.907,lost,,,,
15.920,lost,,,,
15.932,lost,,,,
15.945,lost,,,,
15.957,lost,,,,
15.970,lost,,,,
15.984,lost,,,,
15.995,lost,,,,
16.006,lost,,,,
16.020,lost,,,,
16.033,lost,,,,
16.045,lost,,,,
16.057,lost,,,,
16.071,lost,,,,
16.085,lost,,,,
16.098,lost,,,,
16.111,lost,,,,
16.125,lost,,,,
16.137,lost,,,,
16.149,lost,,,,
16.159,lost,,,,
16.170,lost,,,,
16.185,lost,,,,
16.199,lost,,,,
16.211,lost,,,,
16.224,lost,,,,
16.236,lost,,,,
16.250,lost,,,,
16.266,lost,,,,
16.279,lost,,,,
16.292,lost,,,,
16.306,lost,,,,
16.318,lost,,,,
16.332,lost,,,,
16.344,lost,,,,
16.359,lost,,,,
16.371,lost,,,,
16.384,lost,,,,
16.395,lost,,,,
16.407,lost,,,,
16.421,lost,,,,
16.434,lost,,,,
16.446,lost,,,,
16.458,lost,,,,
16.471,lost,,,,
16.483,lost,,,,
16.494,lost,,,,
16.507,lost,,,,
16.520,lost,,,,
16.532,lost,,,,
16.543,lost,,,,
16.556,lost,,,,
16.569,lost,,,,
16.581,lost,,,,
16.592,lost,,,,
16.605,lost,,,,
16.619,lost,,,,
16.630,lost,,,,
16.641,lost,,,,
16.654,lost,,,,
16.668,lost,,,,
16.680,lost,,,,
16.691,lost,,,,
16.704,lost,,,,
16.717,lost,,,,
16.728,lost,,,,
16.739,lost,,,,
16.750,lost,,,,
16.764,lost,,,,
16.775,lost,,,,
16.787,lost,,,,
16.800,lost,,,,
16.813,lost,,,,
16.825,lost,,,,
16.837,lost,,,,
16.848,lost,,,,
16.860,lost,,,,
16.873,lost,,,,
16.886,lost,,,,
16.899,lost,,,,
16.913,lost,,,,
16.924,lost,,,,
16.936,lost,,,,
16.949,lost,,,,
16.964,lost,,,,
16.975,lost,,,,
16.989,lost,,,,
17.002,lost,,,,
17.017,lost,,,,
17.028,lost,,,,
17.040,lost,,,,
17.053,lost,,,,
17.066,lost,,,,
17.078,lost,,,,
17.090,lost,,,,
17.103,lost,,,,
17.116,lost,,,,
17.126,lost,,,,
17.137,lost,,,,
17.149,lost,,,,
17.163,lost,,,,
17.175,lost,,,,
17.186,lost,,,,
17.198,lost,,,,
17.211,lost,,,,
17.224,lost,,,,
17.236,lost,,,,
17.248,lost,,,,
17.260,lost,,,,
17.272,lost,,,,
17.283,lost,,,,
17.294,lost,,,,
17.308,lost,,,,
17.321,lost,,,,
17.332,lost,,,,
17.344,lost,,,,
17.356,lost,,,,
17.370,lost,,,,
17.381,lost,,,,
17.391,lost,,,,
17.401,lost,,,,
17.414,lost,,,,
17.427,lost,,,,
17.439,lost,,,,
17.450,lost,,,,
17.464,lost,,,,
17.479,lost,,,,
17.491,lost,,,,
17.503,lost,,,,
17.516,lost,,,,
17.528,lost,,,,
17.540,lost,,,,
17.552,lost,,,,
17.565,lost,,,,
17.577,lost,,,,
17.591,lost,,,,
17.603,lost,,,,
17.615,lost,,,,
17.628,lost,,,,
17.641,lost,,,,
17.652,lost,,,,
17.665,lost,,,,
17.677,lost,,,,
17.689,lost,,,,
17.701,lost,,,,
17.713,lost,,,,
17.725,lost,,,,
17.739,lost,,,,
17.752,lost,,,,
17.766,lost,,,,
17.783,lost,,,,
17.796,lost,,,,
17.809,lost,,,,
17.819,lost,,,,
17.831,lost,,,,
17.845,lost,,,,
17.858,lost,,,,
17.870,lost,,,,
17.883,lost,,,,
17.896,lost,,,,
17.908,lost,,,,
17.919,lost,,,,
17.933,lost,,,,
17.944,lost,,,,
17.956,lost,,,,
17.968,lost,,,,
17.980,lost,,,,
17.991,lost,,,,
18.004,lost,,,,
18.015,lost,,,,
18.027,lost,,,,
18.040,lost,,,,
18.053,lost,,,,
18.065,lost,,,,
18.079,lost,,,,
18.092,lost,,,,
18.104,lost,,,,
18.116,lost,,,,
18.128,lost,,,,
18.141,lost,,,,
18.153,lost,,,,
18.164,lost,,,,
18.176,lost,,,,
18.190,lost,,,,
18.203,lost,,,,
18.215,lost,,,,
18.231,lost,,,,
18.242,lost,,,,
18.255,lost,,,,
18.267,lost,,,,
18.281,lost,,,,
18.293,lost,,,,
18.305,lost,,,,
18.317,lost,,,,
18.329,lost,,,,
18.341,lost,,,,
18.352,lost,,,,
18.364,lost,,,,
18.377,lost,,,,
18.388,lost,,,,
18.401,lost,,,,
18.412,lost,,,,
18.425,lost,,,,
18.437,lost,,,,
18.450,lost,,,,
18.460,lost,,,,
18.470,lost,,,,
18.483,lost,,,,
18.497,lost,,,,
18.509,lost,,,,
18.522,lost,,,,
18.536,lost,,,,
18.549,lost,,,,
18.561,lost,,,,
18.573,lost,,,,
18.587,lost,,,,
18.600,lost,,,,
18.612,lost,,,,
18.626,lost,,,,
18.638,lost,,,,
18.652,lost,,,,
18.665,lost,,,,
18.677,lost,,,,
18.689,lost,,,,
18.700,lost,,,,
18.711,lost,,,,
18.723,lost,,,,
18.736,lost,,,,
18.749,lost,,,,
18.762,lost,,,,
18.772,lost,,,,
18.786,lost,,,,
18.798,lost,,,,
18.809,lost,,,,
18.822,lost,,,,
18.836,lost,,,,
18.849,lost,,,,
18.859,lost,,,,
18.871,lost,,,,
18.885,lost,,,,
18.897,lost,,,,
18.908,lost,,,,
18.921,lost,,,,
18.936,lost,,,,
18.949,lost,,,,
18.960,lost,,,,
18.972,lost,,,,
18.989,lost,,,,
19.001,lost,,,,
19.013,lost,,,,
19.026,lost,,,,
19.037,lost,,,,
19.049,lost,,,,
19.062,lost,,,,
19.074,lost,,,,
19.087,lost,,,,
19.100,lost,,,,
19.110,lost,,,,
19.123,lost,,,,
19.138,lost,,,,
19.151,lost,,,,
19.165,lost,,,,
19.178,lost,,,,
19.190,lost,,,,
19.203,lost,,,,
19.217,lost,,,,
19.229,lost,,,,
19.242,lost,,,,
19.256,lost,,,,
19.269,lost,,,,
19.284,lost,,,,
19.297,lost,,,,
19.308,lost,,,,
19.320,lost,,,,
19.333,lost,,,,
19.346,lost,,,,
19.358,lost,,,,
19.368,lost,,,,
19.383,lost,,,,
19.395,lost,,,,
19.406,lost,,,,
19.417,lost,,,,
19.431,lost,,,,
19.444,lost,,,,
19.456,lost,,,,
19.470,lost,,,,
19.483,lost,,,,
19.496,lost,,,,
19.508,lost,,,,
19.520,lost,,,,
19.531,lost,,,,
19.543,lost,,,,
19.558,lost,,,,
19.570,lost,,,,
19.583,lost,,,,
19.597,lost,,,,
19.609,lost,,,,
19.620,lost,,,,
19.633,lost,,,,
19.647,lost,,,,
19.660,lost,,,,
19.672,lost,,,,
19.685,lost,,,,
19.699,lost,,,,
19.711,lost,,,,
19.722,lost,,,,
19.734,lost,,,,
19.746,lost,,,,
19.758,lost,,,,
19.771,lost,,,,
19.786,lost,,,,
19.800,lost,,,,
19.812,lost,,,,
19.823,lost,,,,
19.837,lost,,,,
19.850,lost,,,,
19.862,lost,,,,
19.873,lost,,,,
19.887,lost,,,,
19.900,lost,,,,
19.913,lost,,,,
19.924,lost,,,,
19.937,lost,,,,
19.951,lost,,,,
19.964,lost,,,,
19.976,lost,,,,
19.987,lost,,,,
20.002,lost,,,,
20.014,lost,,,,
20.024,lost,,,,
20.037,lost,,,,
20.053,lost,,,,
20.065,lost,,,,
20.078,lost,,,,
20.091,lost,,,,
20.103,lost,,,,
20.116,lost,,,,
20.127,lost,,,,
20.138,lost,,,,
20.153,lost,,,,
20.167,lost,,,,
20.180,lost,,,,
20.193,lost,,,,
20.205,lost,,,,
20.218,lost,,,,
20.231,lost,,,,
20.244,lost,,,,
20.256,lost,,,,
20.269,lost,,,,
20.283,lost,,,,
20.297,lost,,,,
20.308,lost,,,,
20.320,lost,,,,
20.332,lost,,,,
20.346,lost,,,,
20.359,lost,,,,
20.370,lost,,,,
20.383,lost,,,,
20.396,lost,,,,
20.407,lost,,,,
20.420,lost,,,,
20.432,lost,,,,
20.445,lost,,,,
20.458,lost,,,,
20.470,lost,,,,
20.482,lost,,,,
20.496,lost,,,,
20.510,lost,,,,
20.524,lost,,,,
20.537,lost,,,,
20.552,lost,,,,
20.568,lost,,,,
20.586,lost,,,,
20.603,lost,,,,
20.619,lost,,,,
20.636,lost,,,,
20.651,lost,,,,
20.664,lost,,,,
20.678,lost,,,,
20.691,lost,,,,
20.705,lost,,,,
20.717,lost,,,,
20.732,lost,,,,
20.748,lost,,,,
20.762,lost,,,,
20.774,lost,,,,
20.787,lost,,,,
20.800,lost,,,,
20.813,lost,,,,
20.824,lost,,,,
20.837,lost,,,,
20.851,lost,,,,
20.867,lost,,,,
20.879,lost,,,,
20.891,lost,,,,
20.906,lost,,,,
20.920,lost,,,,
20.933,lost,,,,
20.946,lost,,,,
20.960,lost,,,,
20.973,lost,,,,
20.985,lost,,,,
20.997,lost,,,,
21.010,lost,,,,
21.023,lost,,,,
21.035,lost,,,,
21.048,lost,,,,
21.060,lost,,,,
21.073,lost,,,,
21.087,lost,,,,
21.100,lost,,,,
21.112,lost,,,,
21.123,lost,,,,
21.137,lost,,,,
21.150,lost,,,,
21.162,lost,,,,
21.175,lost,,,,
21.189,lost,,,,
21.199,lost,,,,
21.213,lost,,,,
21.227,lost,,,,
21.241,lost,,,,
21.253,lost,,,,
21.266,lost,,,,
21.281,lost,,,,
21.292,lost,,,,
21.304,lost,,,,
21.317,lost,,,,
21.330,lost,,,,
21.341,lost,,,,
21.353,lost,,,,
21.367,lost,,,,
21.381,lost,,,,
21.393,lost,,,,
21.404,lost,,,,
21.416,lost,,,,
21.428,lost,,,,
21.441,lost,,,,
21.455,lost,,,,
21.468,lost,,,,
21.480,lost,,,,
21.492,lost,,,,
21.505,lost,,,,
21.518,lost,,,,
21.530,lost,,,,
21.543,lost,,,,
21.555,lost,,,,
21.568,lost,,,,
21.582,lost,,,,
21.595,lost,,,,
21.608,lost,,,,
21.623,lost,,,,
21.635,lost,,,,
21.650,lost,,,,
21.664,lost,,,,
21.676,lost,,,,
21.690,lost,,,,
21.704,lost,,,,
21.718,lost,,,,
21.731,lost,,,,
21.743,lost,,,,
21.755,lost,,,,
21.770,lost,,,,
21.783,lost,,,,
21.794,lost,,,,
21.808,lost,,,,
21.822,lost,,,,
21.836,lost,,,,
21.848,lost,,,,
21.863,lost,,,,
21.875,lost,,,,
21.887,lost,,,,
21.899,lost,,,,
21.913,lost,,,,
21.926,lost,,,,
21.939,lost,,,,
21.952,lost,,,,
21.966,lost,,,,
21.980,lost,,,,
21.992,lost,,,,
22.008,lost,,,,
22.022,lost,,,,
22.037,lost,,,,
22.050,lost,,,,
22.064,lost,,,,
22.079,lost,,,,
22.092,lost,,,,
22.105,lost,,,,
22.117,lost,,,,
22.132,lost,,,,
22.146,lost,,,,
22.158,lost,,,,
22.171,lost,,,,
22.186,lost,,,,
22.200,lost,,,,
22.213,lost,,,,
22.227,lost,,,,
22.239,lost,,,,
22.251,lost,,,,
22.264,lost,,,,
22.277,lost,,,,
22.292,lost,,,,
22.304,lost,,,,
22.316,lost,,,,
22.329,lost,,,,
22.342,lost,,,,
22.354,lost,,,,
22.367,lost,,,,
22.379,lost,,,,
22.394,lost,,,,
22.407,lost,,,,
22.420,lost,,,,
22.433,lost,,,,
22.448,lost,,,,
22.461,lost,,,,
22.473,lost,,,,
22.488,lost,,,,
22.503,lost,,,,
22.513,lost,,,,
22.524,lost,,,,
22.536,lost,,,,
22.551,lost,,,,
22.565,lost,,,,
22.577,lost,,,,
22.591,lost,,,,
22.605,lost,,,,
22.617,lost,,,,
22.629,lost,,,,
22.642,lost,,,,
22.654,lost,,,,
22.668,lost,,,,
22.679,lost,,,,
22.691,lost,,,,
22.705,lost,,,,
22.719,lost,,,,
22.732,lost,,,,
22.747,lost,,,,
22.759,lost,,,,
22.770,lost,,,,
22.783,lost,,,,
22.798,lost,,,,
22.810,lost,,,,
22.822,lost,,,,
22.834,lost,,,,
22.849,lost,,,,
22.861,lost,,,,
22.874,lost,,,,
22.886,lost,,,,
22.901,lost,,,,
22.915,lost,,,,
22.926,lost,,,,
22.940,lost,,,,
22.954,lost,,,,
22.965,lost,,,,
22.978,lost,,,,
22.989,lost,,,,
23.003,lost,,,,
23.017,lost,,,,
23.028,lost,,,,
23.039,lost,,,,
23.053,lost,,,,
23.067,lost,,,,
23.080,lost,,,,
23.092,lost,,,,
23.105,lost,,,,
23.118,lost,,,,
23.131,lost,,,,
23.142,lost,,,,
23.153,lost,,,,
23.167,lost,,,,
23.180,lost,,,,
23.191,lost,,,,
23.205,lost,,,,
23.219,lost,,,,
23.233,lost,,,,
23.245,lost,,,,
23.259,lost,,,,
23.272,lost,,,,
23.285,lost,,,,
23.297,lost,,,,
23.311,lost,,,,
23.325,lost,,,,
23.339,lost,,,,
23.350,lost,,,,
23.364,lost,,,,
23.376,lost,,,,
23.388,lost,,,,
23.400,lost,,,,
23.414,lost,,,,
23.428,lost,,,,
23.441,lost,,,,
23.453,lost,,,,
23.466,lost,,,,
23.478,lost,,,,
23.491,lost,,,,
23.502,lost,,,,
23.515,lost,,,,
23.527,lost,,,,
23.539,lost,,,,
23.551,lost,,,,
23.562,lost,,,,
23.576,lost,,,,
23.588,lost,,,,
23.599,lost,,,,
23.612,lost,,,,
23.626,lost,,,,
23.638,lost,,,,
23.649,lost,,,,
23.662,lost,,,,
23.674,lost,,,,
23.686,lost,,,,
23.700,lost,,,,
23.711,lost,,,,
23.724,lost,,,,
23.738,lost,,,,
23.751,lost,,,,
23.764,lost,,,,
23.775,lost,,,,
23.790,lost,,,,
23.801,lost,,,,
23.813,lost,,,,
23.825,lost,,,,
23.837,lost,,,,
23.852,lost,,,,
23.866,lost,,,,
23.877,lost,,,,
23.890,lost,,,,
23.903,lost,,,,
23.916,lost,,,,
23.928,lost,,,,
23.939,lost,,,,
23.953,lost,,,,
23.966,lost,,,,
23.979,lost,,,,
23.994,lost,,,,
24.006,lost,,,,
24.017,lost,,,,
24.029,lost,,,,
24.041,lost,,,,
24.054,lost,,,,
24.067,lost,,,,
24.079,lost,,,,
24.092,lost,,,,
24.104,lost,,,,
24.116,lost,,,,
24.128,lost,,,,
24.140,lost,,,,
24.153,lost,,,,
24.166,lost,,,,
24.178,lost,,,,
24.189,lost,,,,
24.202,lost,,,,
24.215,lost,,,,
24.227,lost,,,,
24.240,lost,,,,
24.252,lost,,,,
24.267,lost,,,,
24.279,lost,,,,
24.291,lost,,,,
24.305,lost,,,,
24.320,lost,,,,
24.333,lost,,,,
24.345,lost,,,,
24.358,lost,,,,
24.371,lost,,,,
24.383,lost,,,,
24.396,lost,,,,
24.409,lost,,,,
24.421,lost,,,,
24.433,lost,,,,
24.446,lost,,,,
24.458,lost,,,,
24.472,lost,,,,
24.485,lost,,,,
24.497,lost,,,,
24.511,lost,,,,
24.523,lost,,,,
24.536,lost,,,,
24.548,lost,,,,
24.561,lost,,,,
24.574,lost,,,,
24.587,lost,,,,
24.600,lost,,,,
24.611,lost,,,,
24.624,lost,,,,
24.637,lost,,,,
24.649,lost,,,,
24.661,lost,,,,
24.675,lost,,,,
24.687,lost,,,,
24.700,lost,,,,
24.715,lost,,,,
24.727,lost,,,,
24.739,lost,,,,
24.752,lost,,,,
24.766,lost,,,,
24.778,lost,,,,
24.788,lost,,,,
24.800,lost,,,,
24.814,lost,,,,
24.825,lost,,,,
24.837,lost,,,,
24.849,lost,,,,
24.863,lost,,,,
24.878,lost,,,,
24.889,lost,,,,
24.903,lost,,,,
24.915,lost,,,,
24.929,lost,,,,
24.941,lost,,,,
24.953,lost,,,,
24.967,lost,,,,
24.981,lost,,,,
24.993,lost,,,,
25.004,lost,,,,
25.017,lost,,,,
25.030,lost,,,,
25.042,lost,,,,
25.053,lost,,,,
25.067,lost,,,,
25.081,lost,,,,
25.093,lost,,,,
25.107,lost,,,,
25.120,lost,,,,
25.133,lost,,,,
25.145,lost,,,,
25.157,lost,,,,
25.170,lost,,,,
25.185,lost,,,,
25.197,lost,,,,
25.208,lost,,,,
25.223,lost,,,,
25.235,lost,,,,
25.251,lost,,,,
25.264,lost,,,,
25.275,lost,,,,
25.290,lost,,,,
25.304,lost,,,,
25.318,lost,,,,
25.330,lost,,,,
25.343,lost,,,,
25.355,lost,,,,
25.366,lost,,,,
25.378,lost,,,,
25.388,lost,,,,
25.400,lost,,,,
25.414,lost,,,,
25.426,lost,,,,
25.441,lost,,,,
25.457,lost,,,,
25.470,lost,,,,
25.483,lost,,,,
25.496,lost,,,,
25.510,lost,,,,
25.521,lost,,,,
25.533,lost,,,,
25.546,lost,,,,
25.558,lost,,,,
25.571,lost,,,,
25.584,lost,,,,
25.595,lost,,,,
25.608,lost,,,,
25.623,lost,,,,
25.635,lost,,,,
25.647,lost,,,,
25.662,lost,,,,
25.675,lost,,,,
25.686,lost,,,,
25.699,lost,,,,
25.713,lost,,,,
25.725,lost,,,,
25.736,lost,,,,
25.748,lost,,,,
25.762,lost,,,,
25.774,lost,,,,
25.787,lost,,,,
25.799,lost,,,,
25.813,lost,,,,
25.825,lost,,,,
25.837,lost,,,,
25.850,lost,,,,
25.863,lost,,,,
25.875,lost,,,,
25.887,lost,,,,
25.901,lost,,,,
25.915,lost,,,,
25.927,lost,,,,
25.937,lost,,,,
25.950,lost,,,,
25.965,lost,,,,
25.978,lost,,,,
25.991,lost,,,,
26.003,lost,,,,
26.017,lost,,,,
26.030,lost,,,,
26.043,lost,,,,
26.056,lost,,,,
26.070,lost,,,,
26.084,lost,,,,
26.096,lost,,,,
26.108,lost,,,,
26.121,lost,,,,
26.134,lost,,,,
26.146,lost,,,,
26.158,lost,,,,
26.171,lost,,,,
26.183,lost,,,,
26.196,lost,,,,
26.208,lost,,,,
26.220,lost,,,,
26.235,lost,,,,
26.248,lost,,,,
26.260,lost,,,,
26.273,lost,,,,
26.284,lost,,,,
26.296,lost,,,,
26.308,lost,,,,
26.321,lost,,,,
26.335,lost,,,,
26.346,lost,,,,
26.358,lost,,,,
26.370,lost,,,,
26.385,lost,,,,
26.397,lost,,,,
26.408,lost,,,,
26.420,lost,,,,
26.435,lost,,,,
26.448,lost,,,,
26.460,lost,,,,
26.471,lost,,,,
26.484,lost,,,,
26.498,lost,,,,
26.510,lost,,,,
26.523,lost,,,,
26.537,lost,,,,
26.550,lost,,,,
26.562,lost,,,,
26.575,lost,,,,
26.588,lost,,,,
26.601,lost,,,,
26.614,lost,,,,
26.626,lost,,,,
26.640,lost,,,,
26.652,lost,,,,
26.664,lost,,,,
26.677,lost,,,,
26.692,lost,,,,
26.706,lost,,,,
26.717,lost,,,,
26.730,lost,,,,
26.742,lost,,,,
26.757,lost,,,,
26.770,lost,,,,
26.783,lost,,,,
26.795,lost,,,,
26.809,lost,,,,
26.820,lost,,,,
26.835,lost,,,,
26.849,lost,,,,
26.861,lost,,,,
26.873,lost,,,,
26.887,lost,,,,
26.900,lost,,,,
26.912,lost,,,,
26.923,lost,,,,
26.936,lost,,,,
26.951,lost,,,,
26.963,lost,,,,
26.974,lost,,,,
26.985,lost,,,,
27.000,lost,,,,
27.013,lost,,,,
27.025,lost,,,,
27.038,lost,,,,
27.052,lost,,,,
27.064,lost,,,,
27.076,lost,,,,
27.088,lost,,,,
27.102,lost,,,,
27.115,lost,,,,
27.125,lost,,,,
27.137,lost,,,,
27.150,lost,,,,
27.162,lost,,,,
27.178,lost,,,,
27.191,lost,,,,
27.203,lost,,,,
27.219,lost,,,,
27.231,lost,,,,
27.243,lost,,,,
27.258,lost,,,,
27.271,lost,,,,
27.282,lost,,,,
27.294,lost,,,,
27.306,lost,,,,
27.320,lost,,,,
27.333,lost,,,,
27.345,lost,,,,
27.357,lost,,,,
27.372,lost,,,,
27.384,lost,,,,
27.396,lost,,,,
27.408,lost,,,,
27.422,lost,,,,
27.435,lost,,,,
27.446,lost,,,,
27.457,lost,,,,
27.470,lost,,,,
27.485,lost,,,,
27.498,lost,,,,
27.512,lost,,,,
27.524,lost,,,,
27.536,lost,,,,
27.550,lost,,,,
27.563,lost,,,,
27.576,lost,,,,
27.588,lost,,,,
27.600,lost,,,,
27.612,lost,,,,
27.628,lost,,,,
27.640,lost,,,,
27.651,lost,,,,
27.664,lost,,,,
27.676,lost,,,,
27.689,lost,,,,
27.701,lost,,,,
27.713,lost,,,,
27.724,lost,,,,
27.740,lost,,,,
27.752,lost,,,,
27.765,lost,,,,
27.777,lost,,,,
27.789,lost,,,,
27.800,lost,,,,
27.812,lost,,,,
27.826,lost,,,,
27.839,lost,,,,
27.853,lost,,,,
27.865,lost,,,,
27.879,lost,,,,
27.891,lost,,,,
27.904,lost,,,,
27.916,lost,,,,
27.930,lost,,,,
27.942,lost,,,,
27.953,lost,,,,
27.966,lost,,,,
27.982,lost,,,,
27.996,lost,,,,
28.009,lost,,,,
28.021,lost,,,,
28.036,lost,,,,
28.051,lost,,,,
28.063,lost,,,,
28.074,lost,,,,
28.088,lost,,,,
28.103,lost,,,,
28.115,lost,,,,
28.127,lost,,,,
28.139,lost,,,,
28.154,lost,,,,
28.166,lost,,,,
28.179,lost,,,,
28.194,lost,,,,
28.206,lost,,,,
28.218,lost,,,,
28.231,lost,,,,
28.245,lost,,,,
28.257,lost,,,,
28.269,lost,,,,
28.281,lost,,,,
28.295,lost,,,,
28.307,lost,,,,
28.320,lost,,,,
28.331,lost,,,,
28.343,lost,,,,
28.356,lost,,,,
28.368,lost,,,,
28.380,lost,,,,
28.393,lost,,,,
28.405,lost,,,,
28.417,lost,,,,
28.430,lost,,,,
28.443,lost,,,,
28.454,lost,,,,
28.466,lost,,,,
28.476,lost,,,,
28.488,lost,,,,
28.502,lost,,,,
28.513,lost,,,,
28.525,lost,,,,
28.537,lost,,,,
28.551,lost,,,,
28.562,lost,,,,
28.574,lost,,,,
28.587,lost,,,,
28.602,lost,,,,
28.614,lost,,,,
28.625,lost,,,,
28.638,lost,,,,
28.651,lost,,,,
28.663,lost,,,,
28.675,lost,,,,
28.688,lost,,,,
28.701,lost,,,,
28.713,lost,,,,
28.724,lost,,,,
28.737,lost,,,,
28.753,lost,,,,
28.765,lost,,,,
28.776,lost,,,,
28.788,lost,,,,
28.804,lost,,,,
28.816,lost,,,,
28.828,lost,,,,
28.841,lost,,,,
28.854,lost,,,,
28.867,lost,,,,
28.879,lost,,,,
28.893,lost,,,,
28.906,lost,,,,
28.918,lost,,,,
28.929,lost,,,,
28.943,lost,,,,
28.955,lost,,,,
28.968,lost,,,,
28.980,lost,,,,
28.992,lost,,,,
29.005,lost,,,,
29.016,lost,,,,
29.028,lost,,,,
29.040,lost,,,,
29.055,lost,,,,
29.068,lost,,,,
29.082,lost,,,,
29.095,lost,,,,
29.109,lost,,,,
29.121,lost,,,,
29.133,lost,,,,
29.143,lost,,,,
29.154,lost,,,,
29.167,lost,,,,
29.179,lost,,,,
29.189,lost,,,,
29.202,lost,,,,
29.217,lost,,,,
29.230,lost,,,,
29.241,lost,,,,
29.253,lost,,,,
29.267,lost,,,,
29.280,lost,,,,
29.291,lost,,,,
29.304,lost,,,,
29.317,lost,,,,
29.328,lost,,,,
29.340,lost,,,,
29.352,lost,,,,
29.366,lost,,,,
29.377,lost,,,,
29.388,lost,,,,
29.403,lost,,,,
29.417,lost,,,,
29.428,lost,,,,
29.440,lost,,,,
29.454,lost,,,,
29.468,lost,,,,
29.481,lost,,,,
29.492,lost,,,,
29.506,lost,,,,
29.520,lost,,,,
29.533,lost,,,,
29.546,lost,,,,
29.560,lost,,,,
29.572,lost,,,,
29.585,lost,,,,
29.597,lost,,,,
29.611,lost,,,,
29.623,lost,,,,
29.635,lost,,,,
29.647,lost,,,,
29.658,lost,,,,
29.672,lost,,,,
29.685,lost,,,,
29.698,lost,,,,
29.713,lost,,,,
29.727,lost,,,,
29.738,lost,,,,
29.751,lost,,,,
29.763,lost,,,,
29.776,lost,,,,
29.788,lost,,,,
29.800,lost,,,,
29.812,lost,,,,
29.825,lost,,,,
29.837,lost,,,,
29.851,lost,,,,
29.863,lost,,,,
29.874,lost,,,,
29.889,lost,,,,
29.902,lost,,,,
29.914,lost,,,,
29.927,lost,,,,
29.939,lost,,,,
29.950,lost,,,,
29.961,lost,,,,
29.974,lost,,,,
29.988,lost,,,,
30.001,lost,,,,
30.012,lost,,,,
30.026,lost,,,,
30.039,lost,,,,
30.051,lost,,,,
30.063,lost,,,,
30.076,lost,,,,
30.088,lost,,,,
30.102,lost,,,,
30.114,lost,,,,
30.126,lost,,,,
30.139,lost,,,,
30.152,lost,,,,
30.165,lost,,,,
30.177,lost,,,,
30.188,lost,,,,
30.200,lost,,,,
30.212,lost,,,,
30.227,lost,,,,
30.239,lost,,,,
30.251,lost,,,,
30.264,lost,,,,
30.277,lost,,,,
30.289,lost,,,,
30.301,lost,,,,
30.314,lost,,,,
30.329,lost,,,,
30.341,lost,,,,
30.354,lost,,,,
30.366,lost,,,,
30.379,lost,,,,
30.390,lost,,,,
30.401,lost,,,,
30.414,lost,,,,
30.426,lost,,,,
30.440,lost,,,,
30.453,lost,,,,
30.466,lost,,,,
30.477,lost,,,,
30.491,lost,,,,
30.504,lost,,,,
30.517,lost,,,,
30.529,lost,,,,
30.541,lost,,,,
30.554,lost,,,,
30.567,lost,,,,
30.580,lost,,,,
30.590,lost,,,,
30.602,lost,,,,
30.617,lost,,,,
30.631,lost,,,,
30.642,lost,,,,
30.655,lost,,,,
30.670,lost,,,,
30.683,lost,,,,
30.694,lost,,,,
30.705,lost,,,,
30.719,lost,,,,
30.732,lost,,,,
30.742,lost,,,,
30.754,lost,,,,
30.768,lost,,,,
30.781,lost,,,,
30.791,lost,,,,
30.804,lost,,,,
30.817,lost,,,,
30.829,lost,,,,
30.842,lost,,,,
30.853,lost,,,,
30.866,lost,,,,
30.879,lost,,,,
30.891,lost,,,,
30.904,lost,,,,
30.918,lost,,,,
30.931,lost,,,,
30.941,lost,,,,
30.953,lost,,,,
30.966,lost,,,,
30.980,lost,,,,
30.991,lost,,,,
31.002,lost,,,,
31.016,lost,,,,
31.029,lost,,,,
31.041,lost,,,,
31.053,lost,,,,
31.066,lost,,,,
31.081,lost,,,,
31.092,lost,,,,
31.105,lost,,,,
31.117,lost,,,,
31.131,lost,,,,
31.143,lost,,,,
31.155,lost,,,,
31.168,lost,,,,
31.180,lost,,,,
31.192,lost,,,,
31.205,lost,,,,
31.219,lost,,,,
31.235,lost,,,,
31.248,lost,,,,
31.259,lost,,,,
31.270,lost,,,,
31.284,lost,,,,
31.299,lost,,,,
31.311,lost,,,,
31.322,lost,,,,
31.337,lost,,,,
31.350,lost,,,,
31.363,lost,,,,
31.375,lost,,,,
31.389,lost,,,,
31.400,lost,,,,
31.412,lost,,,,
31.425,lost,,,,
31.439,lost,,,,
31.451,lost,,,,
31.464,lost,,,,
31.476,lost,,,,
31.491,lost,,,,
31.504,lost,,,,
31.517,lost,,,,
31.529,lost,,,,
31.542,lost,,,,
31.557,lost,,,,
31.570,lost,,,,
31.581,lost,,,,
31.594,lost,,,,
31.606,lost,,,,
31.617,lost,,,,
31.629,lost,,,,
31.643,lost,,,,
31.655,lost,,,,
31.669,lost,,,,
31.681,lost,,,,
31.695,lost,,,,
31.706,lost,,,,
31.718,lost,,,,
31.731,lost,,,,
31.743,lost,,,,
31.758,lost,,,,
31.771,lost,,,,
31.784,lost,,,,
31.799,lost,,,,
31.812,lost,,,,
31.824,lost,,,,
31.837,lost,,,,
31.852,lost,,,,
31.866,lost,,,,
31.876,lost,,,,
31.889,lost,,,,
31.904,lost,,,,
31.919,lost,,,,
31.932,lost,,,,
31.946,lost,,,,
31.958,lost,,,,
31.970,lost,,,,
31.981,lost,,,,
31.992,lost,,,,
32.003,lost,,,,
32.017,lost,,,,
32.029,lost,,,,
32.042,lost,,,,
32.056,lost,,,,
32.070,lost,,,,
32.083,lost,,,,
32.097,lost,,,,
32.112,lost,,,,
32.123,lost,,,,
32.135,lost,,,,
32.146,lost,,,,
32.160,lost,,,,
32.172,lost,,,,
32.186,lost,,,,
32.200,lost,,,,
32.215,lost,,,,
32.226,lost,,,,
32.238,lost,,,,
32.249,lost,,,,
32.263,lost,,,,
32.275,lost,,,,
32.288,lost,,,,
32.300,lost,,,,
32.313,lost,,,,
32.327,lost,,,,
32.340,lost,,,,
32.353,lost,,,,
32.367,lost,,,,
32.381,lost,,,,
32.392,lost,,,,
32.405,lost,,,,
32.419,lost,,,,
32.432,lost,,,,
32.443,lost,,,,
32.455,lost,,,,
32.467,lost,,,,
32.481,lost,,,,
32.493,lost,,,,
32.505,lost,,,,
32.517,lost,,,,
32.531,lost,,,,
32.543,lost,,,,
32.554,lost,,,,
32.567,lost,,,,
32.580,lost,,,,
32.593,lost,,,,
32.605,lost,,,,
32.618,lost,,,,
32.633,lost,,,,
32.645,lost,,,,
32.657,lost,,,,
32.670,lost,,,,
32.683,lost,,,,
32.696,lost,,,,
32.708,lost,,,,
32.720,lost,,,,
32.734,lost,,,,
32.747,lost,,,,
32.760,lost,,,,
32.772,lost,,,,
32.786,lost,,,,
32.800,lost,,,,
32.813,lost,,,,
32.825,lost,,,,
32.838,lost,,,,
32.853,lost,,,,
32.866,lost,,,,
32.876,lost,,,,
32.889,lost,,,,
32.903,lost,,,,
32.916,lost,,,,
32.927,lost,,,,
32.939,lost,,,,
32.953,lost,,,,
32.966,lost,,,,
32.979,lost,,,,
32.991,lost,,,,
33.005,lost,,,,
33.017,lost,,,,
33.028,lost,,,,
33.041,lost,,,,
33.055,lost,,,,
33.068,lost,,,,
33.081,lost,,,,
33.096,lost,,,,
33.108,lost,,,,
33.120,lost,,,,
33.132,lost,,,,
33.146,lost,,,,
33.158,lost,,,,
33.170,lost,,,,
33.182,lost,,,,
33.196,lost,,,,
33.208,lost,,,,
33.221,lost,,,,
33.235,lost,,,,
33.251,lost,,,,
33.263,lost,,,,
33.274,lost,,,,
33.287,lost,,,,
33.302,lost,,,,
33.313,lost,,,,
33.324,lost,,,,
33.333,lost,,,,
33.346,lost,,,,
33.360,lost,,,,
33.372,lost,,,,
33.384,lost,,,,
33.396,lost,,,,
33.410,lost,,,,
33.422,lost,,,,
33.435,lost,,,,
33.446,lost,,,,
33.460,lost,,,,
33.472,lost,,,,
33.484,lost,,,,
33.497,lost,,,,
33.509,lost,,,,
33.521,lost,,,,
33.534,lost,,,,
33.547,lost,,,,
33.559,lost,,,,
33.572,lost,,,,
33.585,lost,,,,
33.597,lost,,,,
33.610,lost,,,,
33.622,lost,,,,
33.634,lost,,,,
33.647,lost,,,,
33.660,lost,,,,
33.672,lost,,,,
33.684,lost,,,,
33.695,lost,,,,
33.706,lost,,,,
33.720,lost,,,,
33.732,lost,,,,
33.745,lost,,,,
33.758,lost,,,,
33.771,lost,,,,
33.783,lost,,,,
33.794,lost,,,,
33.805,lost,,,,
33.819,lost,,,,
33.831,lost,,,,
33.842,lost,,,,
33.855,lost,,,,
33.868,lost,,,,
33.880,lost,,,,
33.892,lost,,,,
33.904,lost,,,,
33.917,lost,,,,
33.931,lost,,,,
33.943,lost,,,,
33.955,lost,,,,
33.968,lost,,,,
33.982,lost,,,,
33.994,lost,,,,
34.006,lost,,,,
34.019,lost,,,,
34.033,lost,,,,
34.043,lost,,,,
34.055,lost,,,,
34.067,lost,,,,
34.082,lost,,,,
34.093,lost,,,,
34.104,lost,,,,
34.116,lost,,,,
34.130,lost,,,,
34.143,lost,,,,
34.155,lost,,,,
34.170,lost,,,,
34.182,lost,,,,
34.195,lost,,,,
34.207,lost,,,,
34.221,lost,,,,
34.234,lost,,,,
34.246,lost,,,,
34.260,lost,,,,
34.272,lost,,,,
34.290,lost,,,,
34.305,lost,,,,
34.317,lost,,,,
34.330,lost,,,,
34.343,lost,,,,
34.356,lost,,,,
34.368,lost,,,,
34.381,lost,,,,
34.395,lost,,,,
34.408,lost,,,,
34.421,lost,,,,
34.434,lost,,,,
34.448,lost,,,,
34.463,lost,,,,
34.474,lost,,,,
34.487,lost,,,,
34.501,lost,,,,
34.514,lost,,,,
34.526,lost,,,,
34.538,lost,,,,
34.551,lost,,,,
34.565,lost,,,,
34.577,lost,,,,
34.590,lost,,,,
34.603,lost,,,,
34.617,lost,,,,
34.629,lost,,,,
34.642,lost,,,,
34.653,lost,,,,
34.668,lost,,,,
34.683,lost,,,,
34.696,lost,,,,
34.709,lost,,,,
34.723,lost,,,,
34.739,lost,,,,
34.751,lost,,,,
34.762,lost,,,,
34.778,lost,,,,
34.790,lost,,,,
34.802,lost,,,,
34.813,lost,,,,
34.826,lost,,,,
34.841,lost,,,,
34.855,lost,,,,
34.870,lost,,,,
34.886,lost,,,,
34.899,lost,,,,
34.915,lost,,,,
34.928,lost,,,,
34.943,lost,,,,
34.956,lost,,,,
34.970,lost,,,,
34.986,lost,,,,
34.997,lost,,,,
35.012,lost,,,,
35.025,lost,,,,
35.039,lost,,,,
35.054,lost,,,,
35.067,lost,,,,
35.082,lost,,,,
35.096,lost,,,,
35.112,lost,,,,
35.125,lost,,,,
35.139,lost,,,,
35.154,lost,,,,
35.169,lost,,,,
35.185,lost,,,,
35.200,lost,,,,
35.216,lost,,,,
35.228,lost,,,,
35.242,lost,,,,
35.254,lost,,,,
35.268,lost,,,,
35.282,lost,,,,
35.296,lost,,,,
35.310,lost,,,,
35.321,lost,,,,
35.335,lost,,,,
35.349,lost,,,,
35.366,lost,,,,
35.383,lost,,,,
35.401,lost,,,,
35.415,lost,,,,
35.432,lost,,,,
35.449,lost,,,,
35.466,lost,,,,
35.486,lost,,,,
35.502,lost,,,,
35.520,lost,,,,
35.536,lost,,,,
35.553,lost,,,,
35.567,lost,,,,
35.584,lost,,,,
35.601,lost,,,,
35.622,lost,,,,
35.635,lost,,,,
35.649,lost,,,,
35.662,lost,,,,
35.674,lost,,,,
35.690,lost,,,,
35.703,lost,,,,
35.719,lost,,,,
35.733,lost,,,,
35.748,lost,,,,
35.764,lost,,,,
35.779,lost,,,,
35.794,lost,,,,
35.811,lost,,,,
35.827,lost,,,,
35.843,lost,,,,
35.860,lost,,,,
35.876,lost,,,,
35.902,lost,,,,
35.917,lost,,,,
35.934,lost,,,,
35.950,lost,,,,
35.967,lost,,,,
35.984,lost,,,,
36.003,lost,,,,
36.018,lost,,,,
36.038,lost,,,,
36.057,lost,,,,
36.076,lost,,,,
36.095,lost,,,,
36.110,lost,,,,
36.128,lost,,,,
36.144,lost,,,,
36.160,lost,,,,
36.175,lost,,,,
36.191,lost,,,,
36.209,lost,,,,
36.225,lost,,,,
36.242,lost,,,,
36.255,lost,,,,
36.271,lost,,,,
36.286,lost,,,,
36.302,lost,,,,
36.316,lost,,,,
36.327,lost,,,,
36.341,lost,,,,
36.353,lost,,,,
36.368,lost,,,,
36.380,lost,,,,
36.392,lost,,,,
36.405,lost,,,,
36.418,lost,,,,
36.432,lost,,,,
36.445,lost,,,,
36.458,lost,,,,
36.471,lost,,,,
36.483,lost,,,,
36.495,lost,,,,
36.508,lost,,,,
36.520,lost,,,,
36.534,lost,,,,
36.546,lost,,,,
36.559,lost,,,,
36.571,lost,,,,
36.582,lost,,,,
36.597,lost,,,,
36.607,lost,,,,
36.617,lost,,,,
36.631,lost,,,,
36.642,lost,,,,
36.653,lost,,,,
36.667,lost,,,,
36.680,lost,,,,
36.695,lost,,,,
36.710,lost,,,,
36.724,lost,,,,
36.739,lost,,,,
36.751,lost,,,,
36.765,lost,,,,
36.778,lost,,,,
36.792,lost,,,,
36.804,lost,,,,
36.818,lost,,,,
36.831,target,0.188,-0.163,2.146,1
36.843,target,0.188,-0.163,2.146,1
36.856,target,0.188,-0.163,2.146,1
36.873,target,0.188,-0.163,2.146,1
36.886,target,0.188,-0.163,2.146,1
36.900,target,0.188,-0.163,2.146,1
36.913,target,0.188,-0.163,2.146,1
36.926,target,0.188,-0.163,2.146,1
36.939,target,0.188,-0.163,2.146,1
36.950,target,0.188,-0.163,2.146,1
36.966,target,0.206,0.231,2.029,1
36.980,target,0.206,0.231,2.029,1
36.997,target,0.206,0.231,2.029,1
37.012,target,0.206,0.231,2.029,1
37.027,target,0.206,0.231,2.029,1
37.040,target,0.206,0.231,2.029,1
37.051,target,0.206,0.231,2.029,1
37.065,target,0.206,0.231,2.029,1
37.076,target,0.206,0.231,2.029,1
37.089,target,0.206,0.231,2.029,1
37.105,target,0.206,0.231,2.029,1
37.117,target,0.206,0.231,2.029,1
37.130,target,-0.220,-0.215,2.437,1
37.145,target,-0.220,-0.215,2.437,1
37.158,target,-0.220,-0.215,2.437,1
37.169,target,-0.220,-0.215,2.437,1
37.180,target,-0.220,-0.215,2.437,1
37.193,target,-0.220,-0.215,2.437,1
37.206,target,-0.220,-0.215,2.437,1
37.217,target,-0.220,-0.215,2.437,1
37.230,target,-0.220,-0.215,2.437,1
37.242,target,-0.220,-0.215,2.437,1
37.255,target,-0.220,-0.215,2.437,1
37.268,target,-0.220,-0.215,2.437,1
37.280,target,-0.220,-0.215,2.437,1
37.293,target,-0.220,-0.215,2.437,1
37.306,target,-0.220,-0.215,2.437,1
37.316,target,-0.220,-0.215,2.437,1
37.328,target,-0.220,-0.215,2.437,1
37.337,target,-0.220,-0.215,2.437,1
37.346,target,-0.220,-0.215,2.437,1
37.356,target,-0.220,-0.215,2.437,1
37.369,target,-0.220,-0.215,2.437,1
37.379,target,-0.220,-0.215,2.437,1
37.389,target,-0.220,-0.215,2.437,1
37.402,target,-0.220,-0.215,2.437,1
37.413,target,-0.220,-0.215,2.437,1
37.423,target,-0.220,-0.215,2.437,1
37.434,target,-0.220,-0.215,2.437,1
37.447,target,-0.220,-0.215,2.437,1
37.459,target,-0.220,-0.215,2.437,1
37.473,target,-0.220,-0.215,2.437,1
37.485,target,-0.220,-0.215,2.437,1
37.500,target,-0.220,-0.215,2.437,1
37.512,target,-0.220,-0.215,2.437,1
37.526,target,-0.220,-0.215,2.437,1
37.538,target,-0.220,-0.215,2.437,1
37.549,target,-0.220,-0.215,2.437,1
37.559,target,-0.220,-0.215,2.437,1
37.569,target,-0.220,-0.215,2.437,1
37.579,target,-0.220,-0.215,2.437,1
37.589,target,-0.220,-0.215,2.437,1
37.602,target,-0.220,-0.215,2.437,1
37.612,target,-0.220,-0.215,2.437,1
37.621,target,-0.220,-0.215,2.437,1
37.634,target,-0.220,-0.215,2.437,1
37.643,target,-0.220,-0.215,2.437,1
37.653,target,-0.220,-0.215,2.437,1
37.666,lost,,,,
37.678,lost,,,,
37.689,lost,,,,
37.706,lost,,,,
37.720,lost,,,,
37.735,lost,,,,
37.747,lost,,,,
37.758,lost,,,,
37.769,lost,,,,
37.778,lost,,,,
37.789,lost,,,,
37.799,lost,,,,
37.811,lost,,,,
37.824,lost,,,,
37.837,lost,,,,
37.848,lost,,,,
37.857,lost,,,,
37.870,lost,,,,
37.881,lost,,,,
37.890,lost,,,,
37.902,lost,,,,
37.913,lost,,,,
37.923,lost,,,,
37.936,lost,,,,
37.947,lost,,,,
37.957,lost,,,,
37.968,lost,,,,
37.979,lost,,,,
37.988,lost,,,,
38.001,lost,,,,
38.010,lost,,,,
38.021,lost,,,,
38.033,lost,,,,
38.044,lost,,,,
38.054,lost,,,,
38.065,lost,,,,
38.075,lost,,,,
38.084,lost,,,,
38.095,lost,,,,
38.104,lost,,,,
38.114,lost,,,,
38.123,lost,,,,
38.135,lost,,,,
38.145,lost,,,,
38.156,lost,,,,
38.167,lost,,,,
38.178,lost,,,,
38.190,lost,,,,
38.200,lost,,,,
38.209,lost,,,,
38.220,lost,,,,
38.231,lost,,,,
38.241,lost,,,,
38.250,lost,,,,
38.264,lost,,,,
38.275,lost,,,,
38.286,lost,,,,
38.301,lost,,,,
38.314,lost,,,,
38.324,lost,,,,
38.337,lost,,,,
38.346,lost,,,,
38.355,lost,,,,
38.366,lost,,,,
38.375,lost,,,,
38.384,lost,,,,
38.396,lost,,,,
38.406,lost,,,,
38.417,lost,,,,
38.427,lost,,,,
38.436,lost,,,,
38.447,lost,,,,
38.455,lost,,,,
38.466,lost,,,,
38.475,lost,,,,
38.485,lost,,,,
38.496,lost,,,,
38.505,lost,,,,
38.513,lost,,,,
38.521,lost,,,,
38.532,lost,,,,
38.541,lost,,,,
38.551,lost,,,,
38.562,lost,,,,
38.570,lost,,,,
38.581,lost,,,,
38.593,lost,,,,
38.605,lost,,,,
38.615,lost,,,,
38.627,lost,,,,
38.638,lost,,,,
38.647,lost,,,,
38.656,lost,,,,
38.666,lost,,,,
38.674,lost,,,,
38.684,lost,,,,
38.695,lost,,,,
38.704,lost,,,,
38.713,lost,,,,
38.722,lost,,,,
38.732,lost,,,,
38.740,lost,,,,
38.749,lost,,,,
38.759,lost,,,,
38.768,lost,,,,
38.777,lost,,,,
38.786,lost,,,,
38.799,lost,,,,
38.808,lost,,,,
38.816,lost,,,,
38.827,lost,,,,
38.836,lost,,,,
38.843,lost,,,,
38.853,lost,,,,
38.866,lost,,,,
38.876,lost,,,,
38.885,lost,,,,
38.895,lost,,,,
38.905,lost,,,,
38.915,lost,,,,
38.922,lost,,,,
38.934,lost,,,,
38.943,lost,,,,
38.951,lost,,,,
38.963,lost,,,,
38.970,lost,,,,
38.978,lost,,,,
38.986,lost,,,,
38.997,lost,,,,
39.006,lost,,,,
39.014,lost,,,,
39.022,lost,,,,
39.036,lost,,,,
39.045,lost,,,,
39.055,lost,,,,
39.065,lost,,,,
39.075,lost,,,,
39.085,lost,,,,
39.096,lost,,,,
39.105,lost,,,,
39.113,lost,,,,
39.122,lost,,,,
39.135,lost,,,,
39.144,lost,,,,
39.152,lost,,,,
39.164,lost,,,,
39.172,lost,,,,
39.183,lost,,,,
39.195,lost,,,,
39.205,lost,,,,
39.214,lost,,,,
39.226,lost,,,,
39.236,lost,,,,
39.246,lost,,,,
39.255,lost,,,,
39.265,lost,,,,
39.276,lost,,,,
39.287,lost,,,,
39.302,lost,,,,
39.315,lost,,,,
39.326,lost,,,,
39.337,lost,,,,
39.348,lost,,,,
39.359,lost,,,,
39.370,lost,,,,
39.380,lost,,,,
39.388,lost,,,,
39.399,lost,,,,
39.407,lost,,,,
39.415,lost,,,,
39.424,lost,,,,
39.435,lost,,,,
39.444,lost,,,,
39.452,lost,,,,
39.464,lost,,,,
39.475,lost,,,,
39.486,lost,,,,
39.499,lost,,,,
39.508,lost,,,,
39.517,lost,,,,
39.529,lost,,,,
39.538,lost,,,,
39.549,lost,,,,
39.563,lost,,,,
39.572,lost,,,,
39.581,lost,,,,
39.589,lost,,,,
39.601,lost,,,,
39.610,lost,,,,
39.621,lost,,,,
39.635,lost,,,,
39.648,lost,,,,
39.671,lost,,,,
39.688,lost,,,,
39.703,lost,,,,
39.719,lost,,,,
39.741,lost,,,,
39.752,lost,,,,
39.762,lost,,,,
39.773,lost,,,,
39.786,lost,,,,
39.797,lost,,,,
39.806,lost,,,,
39.817,lost,,,,
39.827,lost,,,,
39.841,lost,,,,
39.855,lost,,,,
39.869,lost,,,,
39.883,lost,,,,
39.895,lost,,,,
39.905,lost,,,,
39.921,lost,,,,
39.935,lost,,,,
39.946,lost,,,,
39.959,lost,,,,
39.969,lost,,,,
39.980,lost,,,,
39.988,lost,,,,
40.002,lost,,,,
40.012,lost,,,,
40.022,lost,,,,
40.032,lost,,,,
40.041,lost,,,,
40.054,lost,,,,
40.068,lost,,,,
40.078,lost,,,,
40.088,lost,,,,
40.099,lost,,,,
40.108,lost,,,,
40.119,lost,,,,
40.128,lost,,,,
40.137,lost,,,,
40.145,lost,,,,
40.153,lost,,,,
40.166,lost,,,,
40.175,lost,,,,
40.186,lost,,,,
40.194,lost,,,,
40.203,lost,,,,
40.214,lost,,,,
40.223,lost,,,,
40.232,lost,,,,
40.239,lost,,,,
40.249,lost,,,,
40.258,lost,,,,
40.267,lost,,,,
40.274,lost,,,,
40.285,lost,,,,
40.292,lost,,,,
40.304,lost,,,,
40.318,lost,,,,
40.325,lost,,,,
40.332,lost,,,,
40.341,lost,,,,
40.352,lost,,,,
40.360,lost,,,,
40.370,lost,,,,
40.383,lost,,,,
40.396,lost,,,,
40.409,lost,,,,
40.419,lost,,,,
40.429,lost,,,,
40.439,lost,,,,
40.451,lost,,,,
40.460,lost,,,,
40.470,lost,,,,
40.482,lost,,,,
40.490,lost,,,,
40.499,lost,,,,
40.509,lost,,,,
40.520,lost,,,,
40.532,lost,,,,
40.540,lost,,,,
40.553,lost,,,,
40.563,lost,,,,
40.572,lost,,,,
40.582,lost,,,,
40.592,lost,,,,
40.605,lost,,,,
40.619,lost,,,,
40.627,lost,,,,
40.634,lost,,,,
40.647,lost,,,,
40.657,lost,,,,
40.668,lost,,,,
40.682,lost,,,,
40.690,lost,,,,
40.698,lost,,,,
40.708,lost,,,,
40.718,lost,,,,
40.725,lost,,,,
40.736,lost,,,,
40.746,lost,,,,
40.756,lost,,,,
40.764,lost,,,,
40.773,lost,,,,
40.785,lost,,,,
40.793,lost,,,,
40.804,lost,,,,
40.816,lost,,,,
40.825,lost,,,,
40.833,lost,,,,
40.842,lost,,,,
40.855,lost,,,,
40.865,lost,,,,
40.874,lost,,,,
40.885,lost,,,,
40.893,lost,,,,
40.904,lost,,,,
40.914,lost,,,,
40.923,lost,,,,
40.932,lost,,,,
40.941,lost,,,,
40.952,lost,,,,
40.959,lost,,,,
40.969,lost,,,,
40.981,lost,,,,
40.991,lost,,,,
41.004,lost,,,,
41.018,lost,,,,
41.025,lost,,,,
41.033,lost,,,,
41.043,lost,,,,
41.055,lost,,,,
41.068,lost,,,,
41.079,lost,,,,
41.089,lost,,,,
41.099,lost,,,,
41.110,lost,,,,
41.119,lost,,,,
41.127,lost,,,,
41.137,lost,,,,
41.148,lost,,,,
41.158,lost,,,,
41.171,lost,,,,
41.183,lost,,,,
41.190,lost,,,,
41.199,lost,,,,
41.209,lost,,,,
41.219,lost,,,,
41.228,lost,,,,
41.238,lost,,,,
41.250,lost,,,,
41.258,lost,,,,
41.266,lost,,,,
41.275,lost,,,,
41.288,lost,,,,
41.299,lost,,,,
41.311,lost,,,,
41.324,lost,,,,
41.336,lost,,,,
41.351,lost,,,,
41.362,lost,,,,
41.374,lost,,,,
41.388,lost,,,,
41.400,lost,,,,
41.412,lost,,,,
41.423,lost,,,,
41.436,lost,,,,
41.450,lost,,,,
41.457,lost,,,,
41.466,lost,,,,
41.474,lost,,,,
41.485,lost,,,,
41.497,lost,,,,
41.511,lost,,,,
41.521,lost,,,,
41.531,lost,,,,
41.541,lost,,,,
41.553,lost,,,,
41.567,lost,,,,
41.581,lost,,,,
41.589,lost,,,,
41.599,lost,,,,
41.608,lost,,,,
41.619,lost,,,,
41.629,lost,,,,
41.639,lost,,,,
41.651,lost,,,,
41.659,lost,,,,
41.667,lost,,,,
41.678,lost,,,,
41.690,lost,,,,
41.701,lost,,,,
41.713,lost,,,,
41.724,lost,,,,
41.735,lost,,,,
41.750,lost,,,,
41.762,lost,,,,
41.772,lost,,,,
41.787,lost,,,,
41.799,lost,,,,
41.814,lost,,,,
41.825,lost,,,,
41.836,lost,,,,
41.850,lost,,,,
41.861,lost,,,,
41.873,lost,,,,
41.886,lost,,,,
41.898,lost,,,,
41.909,lost,,,,
41.921,lost,,,,
41.932,lost,,,,
41.944,lost,,,,
41.956,lost,,,,
41.968,lost,,,,
41.982,lost,,,,
41.993,lost,,,,
42.007,lost,,,,
42.019,lost,,,,
42.032,lost,,,,
42.045,lost,,,,
42.056,lost,,,,
42.071,lost,,,,
42.084,lost,,,,
42.098,lost,,,,
42.111,lost,,,,
42.122,lost,,,,
42.135,lost,,,,
42.149,lost,,,,
42.161,lost,,,,
42.175,lost,,,,
42.186,lost,,,,
42.198,lost,,,,
42.213,lost,,,,
42.224,lost,,,,
42.238,lost,,,,
42.249,lost,,,,
42.262,lost,,,,
42.275,lost,,,,
42.286,lost,,,,
42.299,lost,,,,
42.314,lost,,,,
42.324,lost,,,,
42.335,lost,,,,
42.342,lost,,,,
42.351,lost,,,,
42.359,lost,,,,
42.367,lost,,,,
42.377,lost,,,,
42.388,lost,,,,
42.401,lost,,,,
42.408,lost,,,,
42.417,lost,,,,
42.427,lost,,,,
42.438,lost,,,,
42.447,lost,,,,
42.456,lost,,,,
42.467,lost,,,,
42.477,lost,,,,
42.488,lost,,,,
42.499,lost,,,,
42.507,lost,,,,
42.517,lost,,,,
42.527,lost,,,,
42.537,lost,,,,
42.547,lost,,,,
42.558,lost,,,,
42.572,lost,,,,
42.583,lost,,,,
42.595,lost,,,,
42.607,lost,,,,
42.618,lost,,,,
42.630,lost,,,,
42.639,lost,,,,
42.649,lost,,,,
42.658,lost,,,,
42.667,lost,,,,
42.677,lost,,,,
42.687,lost,,,,
42.701,lost,,,,
42.713,lost,,,,
42.725,lost,,,,
42.737,lost,,,,
42.746,lost,,,,
42.758,lost,,,,
42.771,lost,,,,
42.780,lost,,,,
42.790,lost,,,,
42.803,lost,,,,
42.813,lost,,,,
42.822,lost,,,,
42.835,lost,,,,
42.844,lost,,,,
42.853,lost,,,,
42.865,lost,,,,
42.876,lost,,,,
42.887,lost,,,,
42.899,lost,,,,
42.907,lost,,,,
42.918,lost,,,,
42.930,lost,,,,
42.940,lost,,,,
42.951,lost,,,,
42.962,lost,,,,
42.971,lost,,,,
42.979,lost,,,,
42.988,lost,,,,
43.000,lost,,,,
43.008,lost,,,,
43.018,lost,,,,
43.030,lost,,,,
43.040,lost,,,,
43.050,lost,,,,
43.062,lost,,,,
43.072,lost,,,,
43.084,lost,,,,
43.096,lost,,,,
43.108,lost,,,,
43.119,lost,,,,
43.131,lost,,,,
43.138,lost,,,,
43.149,lost,,,,
43.161,lost,,,,
43.171,lost,,,,
43.180,lost,,,,
43.188,lost,,,,
43.201,lost,,,,
43.212,lost,,,,
43.224,lost,,,,
43.233,lost,,,,
43.243,lost,,,,
43.255,lost,,,,
43.268,lost,,,,
43.276,lost,,,,
43.284,lost,,,,
43.293,lost,,,,
43.306,lost,,,,
43.318,lost,,,,
43.330,lost,,,,
43.342,lost,,,,
43.352,lost,,,,
43.367,lost,,,,
43.376,lost,,,,
43.384,lost,,,,
43.397,lost,,,,
43.406,lost,,,,
43.416,lost,,,,
43.427,lost,,,,
43.437,lost,,,,
43.447,lost,,,,
43.459,lost,,,,
43.469,lost,,,,
43.479,lost,,,,
43.491,lost,,,,
43.504,lost,,,,
43.514,lost,,,,
43.526,lost,,,,
43.536,lost,,,,
43.544,lost,,,,
43.557,lost,,,,
43.570,lost,,,,
43.583,lost,,,,
43.597,lost,,,,
43.608,lost,,,,
43.619,lost,,,,
43.632,lost,,,,
43.642,lost,,,,
43.656,lost,,,,
43.669,lost,,,,
43.680,lost,,,,
43.692,lost,,,,
43.704,lost,,,,
43.717,lost,,,,
43.732,lost,,,,
43.743,lost,,,,
43.758,lost,,,,
43.770,lost,,,,
43.784,lost,,,,
43.797,lost,,,,
43.809,lost,,,,
43.824,lost,,,,
43.835,lost,,,,
43.847,lost,,,,
43.860,lost,,,,
43.873,lost,,,,
43.887,lost,,,,
43.896,lost,,,,
43.905,lost,,,,
43.915,lost,,,,
43.925,lost,,,,
43.938,lost,,,,
43.953,lost,,,,
43.962,lost,,,,
43.972,lost,,,,
43.985,lost,,,,
43.997,lost,,,,
44.011,lost,,,,
44.027,lost,,,,
44.041,lost,,,,
44.055,lost,,,,
44.070,lost,,,,
44.085,lost,,,,
44.096,lost,,,,
44.108,lost,,,,
44.122,lost,,,,
44.133,lost,,,,
44.143,lost,,,,
44.156,lost,,,,
44.168,lost,,,,
44.182,lost,,,,
44.192,lost,,,,
44.203,lost,,,,
44.215,lost,,,,
44.228,lost,,,,
44.242,lost,,,,
44.255,lost,,,,
44.266,lost,,,,
44.279,lost,,,,
44.292,lost,,,,
44.305,lost,,,,
44.319,lost,,,,
44.332,lost,,,,
44.347,lost,,,,
44.360,lost,,,,
44.373,lost,,,,
44.388,lost,,,,
44.396,lost,,,,
44.406,lost,,,,
44.418,lost,,,,
44.431,lost,,,,
44.444,lost,,,,
44.457,lost,,,,
44.466,lost,,,,
44.476,lost,,,,
44.486,lost,,,,
44.497,lost,,,,
44.513,lost,,,,
44.523,lost,,,,
44.534,lost,,,,
44.546,lost,,,,
44.557,lost,,,,
44.571,lost,,,,
44.587,lost,,,,
44.600,lost,,,,
44.616,lost,,,,
44.626,lost,,,,
44.637,lost,,,,
44.651,lost,,,,
44.665,lost,,,,
44.677,lost,,,,
44.689,lost,,,,
44.700,lost,,,,
44.712,lost,,,,
44.725,lost,,,,
44.739,lost,,,,
44.753,lost,,,,
44.763,lost,,,,
44.776,lost,,,,
44.787,lost,,,,
44.797,lost,,,,
44.811,lost,,,,
44.822,lost,,,,
44.834,lost,,,,
44.848,lost,,,,
44.857,lost,,,,
44.866,lost,,,,
44.875,lost,,,,
44.888,lost,,,,
44.899,lost,,,,
44.911,lost,,,,
44.922,lost,,,,
44.934,lost,,,,
44.948,lost,,,,
44.956,lost,,,,
44.965,lost,,,,
44.974,lost,,,,
44.987,lost,,,,
45.001,lost,,,,
45.015,lost,,,,
45.026,lost,,,,
45.037,lost,,,,
45.053,lost,,,,
45.065,lost,,,,
45.076,lost,,,,
45.089,lost,,,,
45.102,lost,,,,
45.116,lost,,,,
45.127,lost,,,,
45.137,lost,,,,
45.149,lost,,,,
45.159,lost,,,,
45.173,lost,,,,
45.185,lost,,,,
45.197,lost,,,,
45.210,lost,,,,
45.222,lost,,,,
45.235,lost,,,,
45.250,lost,,,,
45.269,lost,,,,
45.285,lost,,,,
45.294,lost,,,,
45.304,lost,,,,
45.318,lost,,,,
45.331,lost,,,,
45.343,lost,,,,
45.356,lost,,,,
45.367,lost,,,,
45.381,lost,,,,
45.391,lost,,,,
45.400,lost,,,,
45.416,lost,,,,
45.426,lost,,,,
45.436,lost,,,,
45.448,lost,,,,
45.460,lost,,,,
45.471,lost,,,,
45.486,lost,,,,
45.496,lost,,,,
45.506,lost,,,,
45.517,lost,,,,
45.526,lost,,,,
45.535,lost,,,,
45.547,lost,,,,
45.560,lost,,,,
45.572,lost,,,,
45.584,lost,,,,
45.593,lost,,,,
45.603,lost,,,,
45.616,lost,,,,
45.625,lost,,,,
45.635,lost,,,,
45.650,lost,,,,
45.659,lost,,,,
45.668,lost,,,,
45.681,lost,,,,
45.691,lost,,,,
45.704,lost,,,,
45.716,lost,,,,
45.727,lost,,,,
45.743,lost,,,,
45.755,lost,,,,
45.766,lost,,,,
45.781,lost,,,,
45.790,lost,,,,
45.804,lost,,,,
45.816,lost,,,,
45.828,lost,,,,
45.839,lost,,,,
45.849,lost,,,,
45.857,lost,,,,
45.868,lost,,,,
45.878,lost,,,,
45.887,lost,,,,
45.897,lost,,,,
45.909,lost,,,,
45.919,lost,,,,
45.930,lost,,,,
45.942,lost,,,,
45.953,lost,,,,
45.965,lost,,,,
45.975,lost,,,,
45.986,lost,,,,
45.997,lost,,,,
46.008,lost,,,,
46.016,lost,,,,
46.025,lost,,,,
46.037,lost,,,,
46.047,lost,,,,
46.057,lost,,,,
46.071,lost,,,,
46.079,lost,,,,
46.088,lost,,,,
46.099,lost,,,,
46.109,lost,,,,
46.118,lost,,,,
46.130,lost,,,,
46.139,lost,,,,
46.149,lost,,,,
46.157,lost,,,,
46.167,lost,,,,
46.177,lost,,,,
46.186,lost,,,,
46.199,lost,,,,
46.208,lost,,,,
46.217,lost,,,,
46.229,lost,,,,
46.240,lost,,,,
46.250,lost,,,,
46.259,lost,,,,
46.271,lost,,,,
46.279,lost,,,,
46.289,lost,,,,
46.302,lost,,,,
46.311,lost,,,,
46.321,lost,,,,
46.333,lost,,,,
46.344,lost,,,,
46.357,lost,,,,
46.369,lost,,,,
46.380,lost,,,,
46.392,lost,,,,
46.405,lost,,,,
46.413,lost,,,,
46.423,lost,,,,
46.436,lost,,,,
46.446,lost,,,,
46.457,lost,,,,
46.468,lost,,,,
46.475,lost,,,,
46.484,lost,,,,
46.493,lost,,,,
46.505,lost,,,,
46.515,lost,,,,
46.524,lost,,,,
46.534,lost,,,,
46.545,lost,,,,
46.558,lost,,,,
46.571,lost,,,,
46.582,lost,,,,
46.594,lost,,,,
46.608,lost,,,,
46.616,lost,,,,
46.625,lost,,,,
46.637,lost,,,,
46.646,lost,,,,
46.656,lost,,,,
46.669,lost,,,,
46.678,lost,,,,
46.689,lost,,,,
46.702,lost,,,,
46.713,lost,,,,
46.725,lost,,,,
46.738,lost,,,,
46.751,lost,,,,
46.765,lost,,,,
46.772,lost,,,,
46.782,lost,,,,
46.793,lost,,,,
46.803,lost,,,,
46.813,lost,,,,
46.824,lost,,,,
46.836,lost,,,,
46.846,lost,,,,
46.859,lost,,,,
46.870,lost,,,,
46.882,lost,,,,
46.894,lost,,,,
46.906,lost,,,,
46.915,lost,,,,
46.925,lost,,,,
46.936,lost,,,,
46.946,lost,,,,
46.960,lost,,,,
46.972,lost,,,,
46.982,lost,,,,
46.993,lost,,,,
47.003,lost,,,,
47.011,lost,,,,
47.022,lost,,,,
47.033,lost,,,,
47.040,lost,,,,
47.051,lost,,,,
47.064,lost,,,,
47.073,lost,,,,
47.082,lost,,,,
47.091,lost,,,,
47.103,lost,,,,
47.114,lost,,,,
47.126,lost,,,,
47.139,lost,,,,
47.150,lost,,,,
47.159,lost,,,,
47.171,lost,,,,
47.181,lost,,,,
47.191,lost,,,,
47.202,lost,,,,
47.210,lost,,,,
47.221,lost,,,,
47.234,lost,,,,
47.243,lost,,,,
47.254,lost,,,,
47.266,lost,,,,
47.275,lost,,,,
47.285,lost,,,,
47.298,lost,,,,
47.308,lost,,,,
47.320,lost,,,,
47.335,lost,,,,
47.344,lost,,,,
47.352,lost,,,,
47.361,lost,,,,
47.373,lost,,,,
47.383,lost,,,,
47.396,lost,,,,
47.404,lost,,,,
47.413,lost,,,,
47.421,lost,,,,
47.434,lost,,,,
47.444,lost,,,,
47.457,lost,,,,
47.468,lost,,,,
47.476,lost,,,,
47.484,lost,,,,
47.495,lost,,,,
47.505,lost,,,,
47.514,lost,,,,
47.525,lost,,,,
47.536,lost,,,,
47.547,lost,,,,
47.560,lost,,,,
47.572,lost,,,,
47.583,lost,,,,
47.594,lost,,,,
47.604,lost,,,,
47.615,lost,,,,
47.626,lost,,,,
47.636,lost,,,,
47.647,lost,,,,
47.659,lost,,,,
47.671,lost,,,,
47.683,lost,,,,
47.697,lost,,,,
47.705,lost,,,,
47.716,lost,,,,
47.726,lost,,,,
47.737,lost,,,,
47.751,lost,,,,
47.762,lost,,,,
47.773,lost,,,,
47.785,lost,,,,
47.797,lost,,,,
47.805,lost,,,,
47.819,lost,,,,
47.828,lost,,,,
47.841,lost,,,,
47.855,lost,,,,
47.864,lost,,,,
47.872,lost,,,,
47.883,lost,,,,
47.893,lost,,,,
47.904,lost,,,,
47.915,lost,,,,
47.925,lost,,,,
47.935,lost,,,,
47.946,lost,,,,
47.957,lost,,,,
47.968,lost,,,,
47.981,lost,,,,
47.992,lost,,,,
48.003,lost,,,,
48.012,lost,,,,
48.025,lost,,,,
48.037,lost,,,,
48.049,lost,,,,
48.059,lost,,,,
48.072,lost,,,,
48.085,lost,,,,
48.096,lost,,,,
48.107,lost,,,,
48.121,lost,,,,
48.130,lost,,,,
48.140,lost,,,,
48.152,lost,,,,
48.163,lost,,,,
48.174,lost,,,,
48.189,lost,,,,
48.198,lost,,,,
48.209,lost,,,,
48.222,lost,,,,
48.231,lost,,,,
48.242,lost,,,,
48.253,lost,,,,
48.264,lost,,,,
48.276,lost,,,,
48.291,lost,,,,
48.302,lost,,,,
48.315,lost,,,,
48.329,lost,,,,
48.339,lost,,,,
48.351,lost,,,,
48.359,lost,,,,
48.369,lost,,,,
48.383,lost,,,,
48.391,lost,,,,
48.401,lost,,,,
48.412,lost,,,,
48.421,lost,,,,
48.431,lost,,,,
48.444,lost,,,,
48.458,lost,,,,
48.469,lost,,,,
48.481,lost,,,,
48.493,lost,,,,
48.506,lost,,,,
48.522,lost,,,,
48.535,lost,,,,
48.549,lost,,,,
48.559,lost,,,,
48.573,lost,,,,
48.587,lost,,,,
48.596,lost,,,,
48.608,lost,,,,
48.619,lost,,,,
48.630,lost,,,,
48.641,lost,,,,
48.656,lost,,,,
48.666,lost,,,,
48.677,lost,,,,
48.687,lost,,,,
48.696,lost,,,,
48.706,lost,,,,
48.716,lost,,,,
48.726,lost,,,,
48.734,lost,,,,
48.747,lost,,,,
48.755,lost,,,,
48.767,lost,,,,
48.781,lost,,,,
48.792,lost,,,,
48.805,lost,,,,
48.817,lost,,,,
48.828,lost,,,,
48.838,lost,,,,
48.850,lost,,,,
48.858,lost,,,,
48.868,lost,,,,
48.879,lost,,,,
48.889,lost,,,,
48.899,lost,,,,
48.909,lost,,,,
48.920,lost,,,,
48.930,lost,,,,
48.939,lost,,,,
48.952,lost,,,,
48.960,lost,,,,
48.969,lost,,,,
48.979,lost,,,,
48.990,lost,,,,
49.002,lost,,,,
49.013,lost,,,,
49.022,lost,,,,
49.031,lost,,,,
49.039,lost,,,,
49.052,lost,,,,
49.065,lost,,,,
49.079,lost,,,,
49.088,lost,,,,
49.098,lost,,,,
49.108,lost,,,,
49.119,lost,,,,
49.128,lost,,,,
49.137,lost,,,,
49.149,lost,,,,
49.157,lost,,,,
49.167,lost,,,,
49.180,lost,,,,
49.189,lost,,,,
49.199,lost,,,,
49.210,lost,,,,
49.221,lost,,,,
49.230,lost,,,,
49.239,lost,,,,
49.252,lost,,,,
49.263,lost,,,,
49.275,lost,,,,
49.285,lost,,,,
49.293,lost,,,,
49.303,lost,,,,
49.315,lost,,,,
49.324,lost,,,,
49.333,lost,,,,
49.340,lost,,,,
49.352,lost,,,,
49.363,lost,,,,
49.375,lost,,,,
49.385,lost,,,,
49.395,lost,,,,
49.403,lost,,,,
49.416,lost,,,,
49.427,lost,,,,
49.438,lost,,,,
49.448,lost,,,,
49.456,lost,,,,
49.468,lost,,,,
49.479,lost,,,,
49.488,lost,,,,
49.498,lost,,,,
49.510,lost,,,,
49.520,lost,,,,
49.532,lost,,,,
49.543,lost,,,,
49.553,lost,,,,
49.565,lost,,,,
49.577,lost,,,,
49.587,lost,,,,
49.599,lost,,,,
49.610,lost,,,,
49.620,lost,,,,
49.632,lost,,,,
49.642,lost,,,,
49.652,lost,,,,
49.663,lost,,,,
49.674,lost,,,,
49.683,lost,,,,
49.692,lost,,,,
49.702,lost,,,,
49.713,lost,,,,
49.725,lost,,,,
49.739,lost,,,,
49.748,lost,,,,
49.758,lost,,,,
49.767,lost,,,,
49.778,lost,,,,
49.790,lost,,,,
49.804,lost,,,,
49.812,lost,,,,
49.822,lost,,,,
49.832,lost,,,,
49.843,lost,,,,
49.856,lost,,,,
49.870,lost,,,,
49.878,lost,,,,
49.886,lost,,,,
49.898,lost,,,,
49.908,lost,,,,
49.919,lost,,,,
49.932,lost,,,,
49.941,lost,,,,
49.952,lost,,,,
49.964,lost,,,,
49.973,lost,,,,
49.981,lost,,,,
49.990,lost,,,,
50.004,lost,,,,
50.013,lost,,,,
50.023,lost,,,,
50.035,lost,,,,
50.046,lost,,,,
50.058,lost,,,,
50.073,lost,,,,
50.083,lost,,,,
50.092,lost,,,,
50.104,lost,,,,
50.112,lost,,,,
50.122,lost,,,,
50.134,lost,,,,
50.144,lost,,,,
50.153,lost,,,,
50.166,lost,,,,
50.178,lost,,,,
50.190,lost,,,,
50.203,lost,,,,
50.213,lost,,,,
50.223,lost,,,,
50.234,lost,,,,
50.243,lost,,,,
50.252,lost,,,,
50.262,lost,,,,
50.274,lost,,,,
50.285,lost,,,,
50.297,lost,,,,
50.305,lost,,,,
50.315,lost,,,,
50.325,lost,,,,
50.335,lost,,,,
50.346,lost,,,,
50.357,lost,,,,
50.368,lost,,,,
50.376,lost,,,,
50.386,lost,,,,
50.398,lost,,,,
50.409,lost,,,,
50.421,lost,,,,
50.433,lost,,,,
50.442,lost,,,,
50.453,lost,,,,
50.466,lost,,,,
50.473,lost,,,,
50.482,lost,,,,
50.493,lost,,,,
50.504,lost,,,,
50.514,lost,,,,
50.523,lost,,,,
50.538,lost,,,,
50.548,lost,,,,
50.558,lost,,,,
50.570,lost,,,,
50.582,lost,,,,
50.593,lost,,,,
50.603,lost,,,,
50.611,lost,,,,
50.620,lost,,,,
50.632,lost,,,,
50.640,lost,,,,
50.649,lost,,,,
50.657,lost,,,,
50.668,lost,,,,
50.679,lost,,,,
50.689,lost,,,,
50.699,lost,,,,
50.707,lost,,,,
50.717,lost,,,,
50.730,lost,,,,
50.739,lost,,,,
50.749,lost,,,,
50.760,lost,,,,
50.770,lost,,,,
50.781,lost,,,,
50.792,lost,,,,
50.803,lost,,,,
50.812,lost,,,,
50.825,lost,,,,
50.836,lost,,,,
50.845,lost,,,,
50.854,lost,,,,
50.866,lost,,,,
50.874,lost,,,,
50.883,lost,,,,
50.894,lost,,,,
50.905,lost,,,,
50.914,lost,,,,
50.922,lost,,,,
50.934,lost,,,,
50.944,lost,,,,
50.955,lost,,,,
50.966,lost,,,,
50.974,lost,,,,
50.982,lost,,,,
50.990,lost,,,,
51.001,lost,,,,
51.011,lost,,,,
51.022,lost,,,,
51.033,lost,,,,
51.040,lost,,,,
51.049,lost,,,,
51.058,lost,,,,
51.070,lost,,,,
51.082,lost,,,,
51.092,lost,,,,
51.104,lost,,,,
51.114,lost,,,,
51.124,lost,,,,
51.134,lost,,,,
51.147,lost,,,,
51.159,lost,,,,
51.172,lost,,,,
51.182,lost,,,,
51.191,lost,,,,
51.203,lost,,,,
51.216,lost,,,,
51.230,lost,,,,
51.239,lost,,,,
51.250,lost,,,,
51.261,lost,,,,
51.270,lost,,,,
51.280,lost,,,,
51.292,lost,,,,
51.302,lost,,,,
51.312,lost,,,,
51.322,lost,,,,
51.336,lost,,,,
51.346,lost,,,,
51.357,lost,,,,
51.367,lost,,,,
51.376,lost,,,,
51.388,lost,,,,
51.400,lost,,,,
51.411,lost,,,,
51.424,lost,,,,
51.433,lost,,,,
51.440,lost,,,,
51.452,lost,,,,
51.461,lost,,,,
51.470,lost,,,,
51.482,lost,,,,
51.493,lost,,,,
51.503,lost,,,,
51.513,lost,,,,
51.523,lost,,,,
51.532,lost,,,,
51.541,lost,,,,
51.554,lost,,,,
51.564,lost,,,,
51.577,lost,,,,
51.590,lost,,,,
51.601,lost,,,,
51.615,lost,,,,
51.626,lost,,,,
51.639,lost,,,,
51.653,lost,,,,
51.662,lost,,,,
51.671,lost,,,,
51.683,lost,,,,
51.692,lost,,,,
51.704,lost,,,,
51.715,lost,,,,
51.730,lost,,,,
51.739,lost,,,,
51.751,lost,,,,
51.759,lost,,,,
51.768,lost,,,,
51.778,lost,,,,
51.789,lost,,,,
51.798,lost,,,,
51.808,lost,,,,
51.820,lost,,,,
51.830,lost,,,,
51.840,lost,,,,
51.849,lost,,,,
51.859,lost,,,,
51.870,lost,,,,
51.883,lost,,,,
51.890,lost,,,,
51.899,lost,,,,
51.907,lost,,,,
51.918,lost,,,,
51.930,lost,,,,
51.942,lost,,,,
51.955,lost,,,,
51.964,lost,,,,
51.975,lost,,,,
51.992,lost,,,,
52.006,lost,,,,
52.018,lost,,,,
52.028,lost,,,,
52.042,lost,,,,
52.055,lost,,,,
52.064,lost,,,,
52.075,lost,,,,
52.086,lost,,,,
52.095,lost,,,,
52.107,lost,,,,
52.118,lost,,,,
52.126,lost,,,,
52.135,lost,,,,
52.146,lost,,,,
52.157,lost,,,,
52.170,lost,,,,
52.184,lost,,,,
52.191,lost,,,,
52.202,lost,,,,
52.213,lost,,,,
52.223,lost,,,,
52.233,lost,,,,
52.243,lost,,,,
52.253,lost,,,,
52.264,lost,,,,
52.273,lost,,,,
52.284,lost,,,,
52.291,lost,,,,
52.302,lost,,,,
52.312,lost,,,,
52.322,lost,,,,
52.332,lost,,,,
52.341,lost,,,,
52.354,lost,,,,
52.364,lost,,,,
52.374,lost,,,,
52.385,lost,,,,
52.394,lost,,,,
52.404,lost,,,,
52.418,lost,,,,
52.426,lost,,,,
52.437,lost,,,,
52.449,lost,,,,
52.457,lost,,,,
52.467,lost,,,,
52.478,lost,,,,
52.488,lost,,,,
52.497,lost,,,,
52.506,lost,,,,
52.518,lost,,,,
52.530,lost,,,,
52.541,lost,,,,
52.551,lost,,,,
52.560,lost,,,,
52.572,lost,,,,
52.585,lost,,,,
52.593,lost,,,,
52.601,lost,,,,
52.611,lost,,,,
52.622,lost,,,,
52.634,lost,,,,
52.646,lost,,,,
52.654,lost,,,,
52.664,lost,,,,
52.672,lost,,,,
52.684,lost,,,,
52.693,lost,,,,
52.705,lost,,,,
52.716,lost,,,,
52.724,lost,,,,
52.735,lost,,,,
52.748,lost,,,,
52.762,lost,,,,
52.773,lost,,,,
52.783,lost,,,,
52.794,lost,,,,
52.803,lost,,,,
52.816,lost,,,,
52.833,lost,,,,
52.846,lost,,,,
52.855,lost,,,,
52.866,lost,,,,
52.878,lost,,,,
52.891,lost,,,,
52.904,lost,,,,
52.922,lost,,,,
52.932,lost,,,,
52.943,lost,,,,
52.953,lost,,,,
52.965,lost,,,,
52.977,lost,,,,
52.991,lost,,,,
53.001,lost,,,,
53.013,lost,,,,
53.024,lost,,,,
53.034,lost,,,,
53.048,lost,,,,
53.056,lost,,,,
53.066,lost,,,,
53.079,lost,,,,
53.090,lost,,,,
53.101,lost,,,,
53.113,lost,,,,
53.122,lost,,,,
53.132,lost,,,,
53.140,lost,,,,
53.154,lost,,,,
53.166,lost,,,,
53.181,lost,,,,
53.192,lost,,,,
53.204,lost,,,,
53.217,lost,,,,
53.225,lost,,,,
53.233,lost,,,,
53.244,lost,,,,
53.254,lost,,,,
53.265,lost,,,,
53.277,lost,,,,
53.287,lost,,,,
53.298,lost,,,,
53.311,lost,,,,
53.323,lost,,,,
53.335,lost,,,,
53.345,lost,,,,
53.354,lost,,,,
53.365,lost,,,,
53.375,lost,,,,
53.385,lost,,,,
53.393,lost,,,,
53.402,lost,,,,
53.414,lost,,,,
53.422,lost,,,,
53.434,lost,,,,
53.443,lost,,,,
53.456,lost,,,,
53.470,lost,,,,
53.481,lost,,,,
53.492,lost,,,,
53.504,lost,,,,
53.515,lost,,,,
53.525,lost,,,,
53.539,lost,,,,
53.551,lost,,,,
53.564,lost,,,,
53.575,lost,,,,
53.586,lost,,,,
53.597,lost,,,,
53.608,lost,,,,
53.620,lost,,,,
53.634,lost,,,,
53.644,lost,,,,
53.656,lost,,,,
53.670,lost,,,,
53.681,lost,,,,
53.692,lost,,,,
53.704,lost,,,,
53.716,lost,,,,
53.729,lost,,,,
53.741,lost,,,,
53.750,lost,,,,
53.761,lost,,,,
53.771,lost,,,,
53.781,lost,,,,
53.791,lost,,,,
53.803,lost,,,,
53.813,lost,,,,
53.823,lost,,,,
53.836,lost,,,,
53.848,lost,,,,
53.860,lost,,,,
53.871,lost,,,,
53.881,lost,,,,
53.891,lost,,,,
53.903,lost,,,,
53.913,lost,,,,
53.923,lost,,,,
53.932,lost,,,,
53.944,lost,,,,
53.958,lost,,,,
53.973,lost,,,,
53.982,lost,,,,
53.994,lost,,,,
54.004,lost,,,,
54.015,lost,,,,
54.025,lost,,,,
54.039,lost,,,,
54.051,lost,,,,
54.066,lost,,,,
54.078,lost,,,,
54.090,lost,,,,
54.103,lost,,,,
54.114,lost,,,,
54.128,lost,,,,
54.139,lost,,,,
54.151,lost,,,,
54.165,lost,,,,
54.173,lost,,,,
54.183,lost,,,,
54.194,lost,,,,
54.205,lost,,,,
54.216,lost,,,,
54.230,lost,,,,
54.239,lost,,,,
54.248,lost,,,,
54.257,lost,,,,
54.269,lost,,,,
54.278,lost,,,,
54.290,lost,,,,
54.301,lost,,,,
54.312,lost,,,,
54.322,lost,,,,
54.337,lost,,,,
54.350,lost,,,,
54.361,lost,,,,
54.371,lost,,,,
54.379,lost,,,,
54.389,lost,,,,
54.400,lost,,,,
54.408,lost,,,,
54.417,lost,,,,
54.428,lost,,,,
54.438,lost,,,,
54.449,lost,,,,
54.460,lost,,,,
54.470,lost,,,,
54.480,lost,,,,
54.490,lost,,,,
54.499,lost,,,,
54.507,lost,,,,
54.517,lost,,,,
54.528,lost,,,,
54.537,lost,,,,
54.546,lost,,,,
54.555,lost,,,,
54.569,lost,,,,
54.579,lost,,,,
54.588,lost,,,,
54.599,lost,,,,
54.608,lost,,,,
54.618,lost,,,,
54.630,lost,,,,
54.638,lost,,,,
54.647,lost,,,,
54.655,lost,,,,
54.668,lost,,,,
54.680,lost,,,,
54.691,lost,,,,
54.702,lost,,,,
54.713,lost,,,,
54.725,lost,,,,
54.736,lost,,,,
54.748,lost,,,,
54.763,lost,,,,
54.773,lost,,,,
54.785,lost,,,,
54.798,lost,,,,
54.809,lost,,,,
54.821,lost,,,,
54.837,lost,,,,
54.849,lost,,,,
54.863,lost,,,,
54.873,lost,,,,
54.885,lost,,,,
54.898,lost,,,,
54.912,lost,,,,
54.925,lost,,,,
54.937,lost,,,,
54.948,lost,,,,
54.962,lost,,,,
54.974,lost,,,,
54.990,lost,,,,
55.002,lost,,,,
55.014,lost,,,,
55.025,lost,,,,
55.038,lost,,,,
55.053,lost,,,,
55.064,lost,,,,
55.075,lost,,,,
55.090,lost,,,,
55.101,lost,,,,
55.114,lost,,,,
55.126,lost,,,,
55.136,lost,,,,
55.147,lost,,,,
55.158,lost,,,,
55.171,lost,,,,
55.186,lost,,,,
55.197,lost,,,,
55.209,lost,,,,
55.221,lost,,,,
55.234,lost,,,,
55.246,lost,,,,
55.257,lost,,,,
55.266,lost,,,,
55.275,lost,,,,
55.287,lost,,,,
55.297,lost,,,,
55.308,lost,,,,
55.322,lost,,,,
55.334,lost,,,,
55.345,lost,,,,
55.355,lost,,,,
55.365,lost,,,,
55.374,lost,,,,
55.386,lost,,,,
55.397,lost,,,,
55.408,lost,,,,
55.419,lost,,,,
55.429,lost,,,,
55.441,lost,,,,
55.453,lost,,,,
55.465,lost,,,,
55.475,lost,,,,
55.488,lost,,,,
55.499,lost,,,,
55.510,lost,,,,
55.525,lost,,,,
55.535,lost,,,,
55.547,lost,,,,
55.555,lost,,,,
55.567,lost,,,,
55.581,lost,,,,
55.593,lost,,,,
55.603,lost,,,,
55.616,lost,,,,
55.626,lost,,,,
55.636,lost,,,,
55.649,lost,,,,
55.662,lost,,,,
55.676,lost,,,,
55.687,lost,,,,
55.702,lost,,,,
55.717,lost,,,,
55.728,lost,,,,
55.743,lost,,,,
55.756,lost,,,,
55.768,lost,,,,
55.781,target,-0.001,-0.011,9.994,1
55.790,target,-0.001,-0.011,9.994,1
55.800,target,-0.001,-0.011,9.994,1
55.812,target,-0.001,-0.011,9.994,1
55.825,target,-0.001,-0.011,9.994,1
55.840,target,-0.001,-0.011,9.994,1
55.855,target,-0.001,-0.011,9.994,1
55.867,target,-0.001,-0.011,9.994,1
55.880,target,-0.001,-0.011,9.994,1
55.890,target,-0.001,-0.011,9.994,1
55.903,target,-0.001,-0.011,9.994,1
55.917,target,-0.001,-0.011,9.994,1
55.927,target,-0.001,-0.011,9.994,1
55.942,target,-0.001,-0.011,9.994,1
55.956,target,-0.001,-0.011,9.994,1
55.965,target,-0.001,-0.011,9.994,1
55.973,target,-0.001,-0.011,9.994,1
55.984,target,-0.001,-0.011,9.994,1
55.996,target,-0.001,-0.011,9.994,1
56.009,target,-0.001,-0.011,9.994,1
56.021,target,-0.001,-0.011,9.994,1
56.030,target,-0.001,-0.011,9.994,1
56.039,target,-0.001,-0.011,9.994,1
56.051,target,-0.001,-0.011,9.994,1
56.059,target,-0.001,-0.011,9.994,1
56.068,target,-0.001,-0.011,9.994,1
56.081,target,-0.001,-0.011,9.994,1
56.093,target,-0.001,-0.011,9.994,1
56.106,target,-0.001,-0.011,9.994,1
56.116,target,-0.001,-0.011,9.994,1
56.124,target,-0.001,-0.011,9.994,1
56.134,target,-0.001,-0.011,9.994,1
56.145,target,-0.001,-0.011,9.994,1
56.155,target,-0.001,-0.011,9.994,1
56.165,target,-0.001,-0.011,9.994,1
56.173,target,-0.001,-0.011,9.994,1
56.186,target,-0.001,-0.011,9.994,1
56.196,target,-0.001,-0.011,9.994,1
56.207,target,-0.001,-0.011,9.994,1
56.218,target,-0.001,-0.011,9.994,1
56.230,target,-0.001,-0.011,9.994,1
56.243,target,-0.001,-0.011,9.994,1
56.253,target,-0.001,-0.011,9.994,1
56.264,target,-0.001,-0.011,9.994,1
56.273,target,-0.001,-0.011,9.994,1
56.285,target,-0.001,-0.011,9.994,1
56.293,target,-0.001,-0.011,9.994,1
56.303,target,-0.001,-0.011,9.994,1
56.316,target,-0.001,-0.011,9.994,1
56.325,lost,,,,
56.337,lost,,,,
56.349,lost,,,,
56.357,lost,,,,
56.367,lost,,,,
56.379,lost,,,,
56.389,lost,,,,
56.402,lost,,,,
56.415,lost,,,,
56.422,lost,,,,
56.431,lost,,,,
56.440,lost,,,,
56.452,lost,,,,
56.463,lost,,,,
56.474,lost,,,,
56.484,lost,,,,
56.496,lost,,,,
56.509,lost,,,,
56.521,lost,,,,
56.531,lost,,,,
56.541,lost,,,,
56.553,lost,,,,
56.566,lost,,,,
56.582,lost,,,,
56.593,lost,,,,
56.604,lost,,,,
56.618,lost,,,,
56.629,lost,,,,
56.641,lost,,,,
56.653,lost,,,,
56.664,lost,,,,
56.673,lost,,,,
56.686,lost,,,,
56.695,lost,,,,
56.703,lost,,,,
56.716,lost,,,,
56.726,lost,,,,
56.740,lost,,,,
56.752,lost,,,,
56.762,lost,,,,
56.771,lost,,,,
56.783,lost,,,,
56.796,lost,,,,
56.808,lost,,,,
56.824,lost,,,,
56.838,lost,,,,
56.851,lost,,,,
56.860,lost,,,,
56.868,lost,,,,
56.880,lost,,,,
56.892,lost,,,,
56.904,lost,,,,
56.917,lost,,,,
56.929,lost,,,,
56.941,lost,,,,
56.953,lost,,,,
56.963,lost,,,,
56.973,lost,,,,
56.984,lost,,,,
56.997,lost,,,,
57.012,lost,,,,
57.021,lost,,,,
57.031,lost,,,,
57.043,lost,,,,
57.052,lost,,,,
57.063,lost,,,,
57.076,lost,,,,
57.086,lost,,,,
57.095,lost,,,,
57.106,lost,,,,
57.116,lost,,,,
57.123,lost,,,,
57.135,lost,,,,
57.144,lost,,,,
57.154,lost,,,,
57.166,lost,,,,
57.175,lost,,,,
57.185,lost,,,,
57.195,lost,,,,
57.206,lost,,,,
57.216,lost,,,,
57.225,lost,,,,
57.237,lost,,,,
57.247,lost,,,,
57.255,lost,,,,
57.268,lost,,,,
57.277,lost,,,,
57.286,lost,,,,
57.299,lost,,,,
57.308,lost,,,,
57.317,lost,,,,
57.328,lost,,,,
57.339,lost,,,,
57.349,lost,,,,
57.359,lost,,,,
57.371,lost,,,,
57.381,lost,,,,
57.391,lost,,,,
57.403,lost,,,,
57.412,lost,,,,
57.421,lost,,,,
57.432,lost,,,,
57.442,lost,,,,
57.452,lost,,,,
57.462,lost,,,,
57.473,lost,,,,
57.485,lost,,,,
57.501,lost,,,,
57.510,lost,,,,
57.519,lost,,,,
57.531,lost,,,,
57.543,lost,,,,
57.554,lost,,,,
57.566,lost,,,,
57.577,lost,,,,
57.590,lost,,,,
57.605,lost,,,,
57.614,lost,,,,
57.625,lost,,,,
57.636,lost,,,,
57.645,lost,,,,
57.655,lost,,,,
57.667,lost,,,,
57.675,lost,,,,
57.686,lost,,,,
57.700,lost,,,,
57.709,lost,,,,
57.722,lost,,,,
57.735,lost,,,,
57.744,lost,,,,
57.753,lost,,,,
57.766,lost,,,,
57.776,lost,,,,
57.789,lost,,,,
57.802,lost,,,,
57.811,lost,,,,
57.821,lost,,,,
57.836,lost,,,,
57.847,lost,,,,
57.859,lost,,,,
57.869,lost,,,,
57.877,lost,,,,
57.888,lost,,,,
57.899,lost,,,,
57.907,lost,,,,
57.918,lost,,,,
57.930,lost,,,,
57.939,lost,,,,
57.948,lost,,,,
57.959,lost,,,,
57.970,lost,,,,
57.981,lost,,,,
57.993,lost,,,,
58.006,lost,,,,
58.016,lost,,,,
58.027,lost,,,,
58.037,lost,,,,
58.046,lost,,,,
58.055,lost,,,,
58.067,lost,,,,
58.078,lost,,,,
58.092,lost,,,,
58.104,lost,,,,
58.112,lost,,,,
58.121,lost,,,,
58.134,lost,,,,
58.142,lost,,,,
58.150,lost,,,,
58.162,lost,,,,
58.173,lost,,,,
58.184,lost,,,,
58.195,lost,,,,
58.205,lost,,,,
58.215,lost,,,,
58.226,lost,,,,
58.237,lost,,,,
58.247,lost,,,,
58.255,lost,,,,
58.267,lost,,,,
58.278,lost,,,,
58.291,lost,,,,
58.302,lost,,,,
58.311,lost,,,,
58.321,lost,,,,
58.336,lost,,,,
58.348,lost,,,,
58.360,lost,,,,
58.373,lost,,,,
58.385,lost,,,,
58.396,lost,,,,
58.406,lost,,,,
58.416,lost,,,,
58.427,lost,,,,
58.438,lost,,,,
58.448,lost,,,,
58.459,lost,,,,
58.469,lost,,,,
58.480,lost,,,,
58.492,lost,,,,
58.504,lost,,,,
58.516,lost,,,,
58.529,lost,,,,
58.540,lost,,,,
58.552,lost,,,,
58.569,lost,,,,
58.579,lost,,,,
58.589,lost,,,,
58.602,lost,,,,
58.615,lost,,,,
58.627,lost,,,,
58.640,lost,,,,
58.650,lost,,,,
58.661,lost,,,,
58.671,lost,,,,
58.681,lost,,,,
58.694,lost,,,,
58.705,lost,,,,
58.715,lost,,,,
58.727,lost,,,,
58.737,lost,,,,
58.747,lost,,,,
58.756,lost,,,,
58.769,lost,,,,
58.779,lost,,,,
58.792,lost,,,,
58.803,lost,,,,
58.814,lost,,,,
58.827,lost,,,,
58.838,lost,,,,
58.850,lost,,,,
58.861,lost,,,,
58.871,lost,,,,
58.882,lost,,,,
58.891,lost,,,,
58.901,lost,,,,
58.912,lost,,,,
58.924,lost,,,,
58.935,lost,,,,
58.946,lost,,,,
58.956,lost,,,,
58.968,lost,,,,
58.980,lost,,,,
58.995,lost,,,,
59.004,lost,,,,
59.015,lost,,,,
59.026,lost,,,,
59.036,lost,,,,
59.047,lost,,,,
59.057,lost,,,,
59.067,lost,,,,
59.078,lost,,,,
59.092,lost,,,,
59.102,lost,,,,
59.115,lost,,,,
59.124,lost,,,,
59.134,lost,,,,
59.143,lost,,,,
59.155,lost,,,,
59.165,lost,,,,
59.174,lost,,,,
59.184,lost,,,,
59.195,lost,,,,
59.205,lost,,,,
59.217,lost,,,,
59.228,lost,,,,
59.241,lost,,,,
59.253,lost,,,,
59.265,lost,,,,
59.276,lost,,,,
59.289,lost,,,,
59.301,lost,,,,
59.312,lost,,,,
59.322,lost,,,,
59.335,lost,,,,
59.350,lost,,,,
59.359,lost,,,,
59.370,lost,,,,
59.384,lost,,,,
59.395,lost,,,,
59.410,lost,,,,
59.425,lost,,,,
59.437,lost,,,,
59.452,lost,,,,
59.464,lost,,,,
59.480,lost,,,,
59.490,lost,,,,
59.502,lost,,,,
59.515,lost,,,,
59.525,lost,,,,
59.536,lost,,,,
59.550,lost,,,,
59.562,lost,,,,
59.572,lost,,,,
59.586,lost,,,,
59.599,lost,,,,
59.612,lost,,,,
59.621,lost,,,,
59.630,lost,,,,
59.639,lost,,,,
59.652,lost,,,,
59.663,lost,,,,
59.674,lost,,,,
59.687,lost,,,,
59.698,lost,,,,
59.711,lost,,,,
59.722,lost,,,,
59.731,lost,,,,
59.740,lost,,,,
59.751,lost,,,,
59.759,lost,,,,
59.770,lost,,,,
59.783,lost,,,,
59.791,lost,,,,
59.803,lost,,,,
59.815,lost,,,,
59.825,lost,,,,
59.839,lost,,,,
59.852,lost,,,,
59.864,lost,,,,
59.877,lost,,,,
59.890,lost,,,,
59.904,lost,,,,
59.919,lost,,,,
59.929,lost,,,,
59.938,lost,,,,
59.951,lost,,,,
59.964,lost,,,,
59.976,lost,,,,
59.988,lost,,,,
60.000,lost,,,,
60.012,lost,,,,
60.025,lost,,,,
60.040,lost,,,,
60.052,lost,,,,
60.063,lost,,,,
60.077,lost,,,,
60.089,lost,,,,
60.099,lost,,,,
60.114,lost,,,,
60.125,lost,,,,
60.137,lost,,,,
60.152,lost,,,,
60.163,lost,,,,
60.173,lost,,,,
60.188,lost,,,,
60.200,lost,,,,
60.213,lost,,,,
60.225,lost,,,,
60.234,lost,,,,
60.248,lost,,,,
60.256,lost,,,,
60.265,lost,,,,
60.276,lost,,,,
60.286,lost,,,,
60.296,lost,,,,
60.309,lost,,,,
60.319,lost,,,,
60.332,lost,,,,
60.345,lost,,,,
60.359,lost,,,,
60.369,lost,,,,
60.379,lost,,,,
60.388,lost,,,,
60.399,lost,,,,
60.411,lost,,,,
60.422,lost,,,,
60.436,lost,,,,
60.448,lost,,,,
60.455,lost,,,,
60.467,lost,,,,
60.477,lost,,,,
60.486,lost,,,,
60.497,lost,,,,
60.508,lost,,,,
60.518,lost,,,,
60.527,lost,,,,
60.539,lost,,,,
60.548,lost,,,,
60.555,lost,,,,
60.567,lost,,,,
60.578,lost,,,,
60.591,lost,,,,
60.603,lost,,,,
60.614,lost,,,,
60.625,lost,,,,
60.638,lost,,,,
60.651,lost,,,,
60.663,lost,,,,
60.675,lost,,,,
60.688,lost,,,,
60.703,lost,,,,
60.716,lost,,,,
60.727,lost,,,,
60.741,lost,,,,
60.752,lost,,,,
60.765,lost,,,,
60.776,lost,,,,
60.787,lost,,,,
60.802,lost,,,,
60.812,lost,,,,
60.825,lost,,,,
60.840,lost,,,,
60.852,lost,,,,
60.865,lost,,,,
60.880,lost,,,,
60.890,lost,,,,
60.903,lost,,,,
60.916,lost,,,,
60.930,lost,,,,
60.947,lost,,,,
60.961,lost,,,,
60.972,lost,,,,
60.981,lost,,,,
60.994,lost,,,,
61.007,lost,,,,
61.018,lost,,,,
61.030,lost,,,,
61.045,lost,,,,
61.060,lost,,,,
61.075,lost,,,,
61.089,lost,,,,
61.104,lost,,,,
61.116,lost,,,,
61.128,lost,,,,
61.139,lost,,,,
61.150,lost,,,,
61.163,lost,,,,
61.172,lost,,,,
61.181,lost,,,,
61.190,lost,,,,
61.202,lost,,,,
61.212,lost,,,,
61.222,lost,,,,
61.233,lost,,,,
61.241,lost,,,,
61.250,lost,,,,
61.260,lost,,,,
61.271,lost,,,,
61.282,lost,,,,
61.294,lost,,,,
61.304,lost,,,,
61.314,lost,,,,
61.326,lost,,,,
61.340,lost,,,,
61.352,lost,,,,
61.364,lost,,,,
61.375,lost,,,,
61.388,lost,,,,
61.402,lost,,,,
61.413,lost,,,,
61.426,lost,,,,
61.438,lost,,,,
61.451,lost,,,,
61.463,lost,,,,
61.475,lost,,,,
61.488,lost,,,,
61.501,lost,,,,
61.513,lost,,,,
61.525,lost,,,,
61.537,lost,,,,
61.550,lost,,,,
61.564,lost,,,,
61.575,lost,,,,
61.587,lost,,,,
61.603,lost,,,,
61.615,lost,,,,
61.628,lost,,,,
61.638,lost,,,,
61.649,lost,,,,
61.661,lost,,,,
61.674,lost,,,,
61.691,lost,,,,
61.705,lost,,,,
61.718,lost,,,,
61.732,lost,,,,
61.740,lost,,,,
61.753,lost,,,,
61.767,lost,,,,
61.775,lost,,,,
61.784,lost,,,,
61.794,lost,,,,
61.807,lost,,,,
61.823,lost,,,,
61.836,lost,,,,
61.852,lost,,,,
61.868,lost,,,,
61.879,lost,,,,
61.893,lost,,,,
61.907,lost,,,,
61.919,lost,,,,
61.935,lost,,,,
61.948,lost,,,,
61.961,lost,,,,
61.974,lost,,,,
61.988,lost,,,,
62.003,lost,,,,
62.015,lost,,,,
62.029,lost,,,,
62.039,lost,,,,
62.050,lost,,,,
62.064,lost,,,,
62.072,lost,,,,
62.082,lost,,,,
62.093,lost,,,,
62.103,lost,,,,
62.113,lost,,,,
62.121,lost,,,,
62.134,lost,,,,
62.146,lost,,,,
62.157,lost,,,,
62.169,lost,,,,
62.181,lost,,,,
62.192,lost,,,,
62.205,lost,,,,
62.215,lost,,,,
62.228,lost,,,,
62.237,lost,,,,
62.248,lost,,,,
62.259,lost,,,,
62.269,lost,,,,
62.280,lost,,,,
62.291,lost,,,,
62.301,lost,,,,
62.311,lost,,,,
62.323,lost,,,,
62.333,lost,,,,
62.344,lost,,,,
62.356,lost,,,,
62.367,lost,,,,
62.376,lost,,,,
62.388,lost,,,,
62.397,lost,,,,
62.407,lost,,,,
62.418,lost,,,,
62.427,lost,,,,
62.436,lost,,,,
62.447,lost,,,,
62.457,lost,,,,
62.468,lost,,,,
62.479,lost,,,,
62.489,lost,,,,
62.500,lost,,,,
62.510,lost,,,,
62.522,lost,,,,
62.534,lost,,,,
62.545,lost,,,,
62.558,lost,,,,
62.568,lost,,,,
62.582,lost,,,,
62.596,lost,,,,
62.605,lost,,,,
62.615,lost,,,,
62.625,lost,,,,
62.637,lost,,,,
62.651,lost,,,,
62.659,lost,,,,
62.671,lost,,,,
62.684,lost,,,,
62.696,lost,,,,
62.707,lost,,,,
62.720,lost,,,,
62.730,lost,,,,
62.739,lost,,,,
62.751,lost,,,,
62.761,lost,,,,
62.774,lost,,,,
62.786,lost,,,,
62.796,lost,,,,
62.807,lost,,,,
62.820,lost,,,,
62.830,lost,,,,
62.841,lost,,,,
62.853,lost,,,,
62.866,lost,,,,
62.877,lost,,,,
62.888,lost,,,,
62.897,lost,,,,
62.908,lost,,,,
62.920,lost,,,,
62.929,lost,,,,
62.940,lost,,,,
62.951,lost,,,,
62.963,lost,,,,
62.975,lost,,,,
62.988,lost,,,,
62.997,lost,,,,
63.007,lost,,,,
63.019,lost,,,,
63.028,lost,,,,
63.037,lost,,,,
63.047,lost,,,,
63.061,lost,,,,
63.075,lost,,,,
63.086,lost,,,,
63.098,lost,,,,
63.106,lost,,,,
63.117,lost,,,,
63.128,lost,,,,
63.138,lost,,,,
63.155,lost,,,,
63.167,lost,,,,
63.178,lost,,,,
63.191,lost,,,,
63.205,lost,,,,
63.216,lost,,,,
63.225,lost,,,,
63.237,lost,,,,
63.251,lost,,,,
63.264,lost,,,,
63.276,lost,,,,
63.292,lost,,,,
63.305,lost,,,,
63.321,lost,,,,
63.332,lost,,,,
63.340,lost,,,,
63.352,lost,,,,
63.365,lost,,,,
63.376,lost,,,,
63.388,lost,,,,
63.403,lost,,,,
63.416,lost,,,,
63.425,lost,,,,
63.436,lost,,,,
63.452,lost,,,,
63.460,lost,,,,
63.472,lost,,,,
63.482,lost,,,,
63.489,lost,,,,
63.499,lost,,,,
63.508,lost,,,,
63.520,lost,,,,
63.532,lost,,,,
63.542,lost,,,,
63.552,lost,,,,
63.564,lost,,,,
63.577,lost,,,,
63.590,lost,,,,
63.602,lost,,,,
63.616,lost,,,,
63.624,lost,,,,
63.634,lost,,,,
63.645,lost,,,,
63.655,lost,,,,
63.665,lost,,,,
63.676,lost,,,,
63.687,lost,,,,
63.699,lost,,,,
63.712,lost,,,,
63.722,lost,,,,
63.733,lost,,,,
63.743,lost,,,,
63.753,lost,,,,
63.763,lost,,,,
63.773,lost,,,,
63.785,lost,,,,
63.794,lost,,,,
63.803,lost,,,,
63.814,lost,,,,
63.825,lost,,,,
63.838,lost,,,,
63.851,lost,,,,
63.860,lost,,,,
63.870,lost,,,,
63.883,lost,,,,
63.892,lost,,,,
63.900,lost,,,,
63.912,lost,,,,
63.924,lost,,,,
63.935,lost,,,,
63.947,lost,,,,
63.956,lost,,,,
63.968,lost,,,,
63.984,lost,,,,
63.992,lost,,,,
64.000,lost,,,,
64.011,lost,,,,
64.022,lost,,,,
64.034,lost,,,,
64.049,lost,,,,
64.060,lost,,,,
64.071,lost,,,,
64.087,lost,,,,
64.100,lost,,,,
64.114,lost,,,,
64.121,lost,,,,
64.131,lost,,,,
64.140,lost,,,,
64.155,lost,,,,
64.164,lost,,,,
64.176,lost,,,,
64.188,lost,,,,
64.205,lost,,,,
64.217,lost,,,,
64.226,lost,,,,
64.237,lost,,,,
64.248,lost,,,,
64.255,lost,,,,
64.268,lost,,,,
64.285,lost,,,,
64.296,lost,,,,
64.308,lost,,,,
64.320,lost,,,,
64.335,lost,,,,
64.346,lost,,,,
64.355,lost,,,,
64.370,lost,,,,
64.380,lost,,,,
64.387,lost,,,,
64.398,lost,,,,
64.409,lost,,,,
64.420,lost,,,,
64.432,lost,,,,
64.441,lost,,,,
64.453,lost,,,,
64.466,lost,,,,
64.479,lost,,,,
64.489,lost,,,,
64.500,lost,,,,
64.509,lost,,,,
64.518,lost,,,,
64.530,lost,,,,
64.541,lost,,,,
64.550,lost,,,,
64.560,lost,,,,
64.570,lost,,,,
64.584,lost,,,,
64.601,lost,,,,
64.609,lost,,,,
64.619,lost,,,,
64.631,lost,,,,
64.639,lost,,,,
64.648,lost,,,,
64.657,lost,,,,
64.668,lost,,,,
64.679,lost,,,,
64.691,lost,,,,
64.704,lost,,,,
64.716,lost,,,,
64.728,lost,,,,
64.739,lost,,,,
64.750,lost,,,,
64.761,lost,,,,
64.772,lost,,,,
64.782,lost,,,,
64.794,lost,,,,
64.806,lost,,,,
64.819,lost,,,,
64.834,lost,,,,
64.847,lost,,,,
64.858,lost,,,,
64.871,lost,,,,
64.882,lost,,,,
64.893,lost,,,,
64.907,lost,,,,
64.920,lost,,,,
64.935,lost,,,,
64.946,lost,,,,
64.957,lost,,,,
64.970,lost,,,,
64.981,lost,,,,
64.992,lost,,,,
65.004,lost,,,,
65.013,lost,,,,
65.023,lost,,,,
65.035,lost,,,,
65.046,lost,,,,
65.058,lost,,,,
65.069,lost,,,,
65.080,lost,,,,
65.093,lost,,,,
65.105,lost,,,,
65.117,lost,,,,
65.131,lost,,,,
65.141,lost,,,,
65.153,lost,,,,
65.167,lost,,,,
65.178,lost,,,,
65.191,lost,,,,
65.203,lost,,,,
65.214,lost,,,,
65.227,lost,,,,
65.240,lost,,,,
65.254,lost,,,,
65.265,lost,,,,
65.275,lost,,,,
65.288,lost,,,,
65.302,lost,,,,
65.313,lost,,,,
65.324,lost,,,,
65.339,lost,,,,
65.351,lost,,,,
65.362,lost,,,,
65.371,lost,,,,
65.381,lost,,,,
65.391,lost,,,,
65.402,lost,,,,
65.412,lost,,,,
65.423,lost,,,,
65.435,lost,,,,
65.444,lost,,,,
65.455,lost,,,,
65.466,lost,,,,
65.474,lost,,,,
65.484,lost,,,,
65.494,lost,,,,
65.504,lost,,,,
65.515,lost,,,,
65.524,lost,,,,
65.536,lost,,,,
65.548,lost,,,,
65.559,lost,,,,
65.571,lost,,,,
65.582,lost,,,,
65.594,lost,,,,
65.605,lost,,,,
65.614,lost,,,,
65.621,lost,,,,
65.633,lost,,,,
65.643,lost,,,,
65.657,lost,,,,
65.668,lost,,,,
65.679,lost,,,,
65.686,lost,,,,
65.698,lost,,,,
65.710,lost,,,,
65.722,lost,,,,
65.734,lost,,,,
65.746,lost,,,,
65.758,lost,,,,
65.773,lost,,,,
65.783,lost,,,,
65.795,lost,,,,
65.806,lost,,,,
65.817,lost,,,,
65.830,lost,,,,
65.847,lost,,,,
65.859,lost,,,,
65.868,lost,,,,
65.878,lost,,,,
65.887,lost,,,,
65.897,lost,,,,
65.909,lost,,,,
65.922,lost,,,,
65.933,lost,,,,
65.944,lost,,,,
65.957,lost,,,,
65.970,lost,,,,
65.985,lost,,,,
65.995,lost,,,,
66.007,lost,,,,
66.020,lost,,,,
66.032,lost,,,,
66.043,lost,,,,
66.058,lost,,,,
66.071,lost,,,,
66.086,lost,,,,
66.099,lost,,,,
66.110,lost,,,,
66.123,lost,,,,
66.134,lost,,,,
66.147,lost,,,,
66.160,lost,,,,
66.172,lost,,,,
66.186,lost,,,,
66.198,lost,,,,
66.211,lost,,,,
66.224,lost,,,,
66.236,lost,,,,
66.248,lost,,,,
66.263,lost,,,,
66.274,lost,,,,
66.287,lost,,,,
66.301,lost,,,,
66.314,lost,,,,
66.330,lost,,,,
66.344,lost,,,,
66.356,lost,,,,
66.365,lost,,,,
66.376,lost,,,,
66.388,lost,,,,
66.398,lost,,,,
66.410,lost,,,,
66.424,lost,,,,
66.436,lost,,,,
66.452,lost,,,,
66.464,lost,,,,
66.476,lost,,,,
66.488,lost,,,,
66.499,lost,,,,
66.509,lost,,,,
66.521,lost,,,,
66.532,lost,,,,
66.541,lost,,,,
66.552,lost,,,,
66.562,lost,,,,
66.572,lost,,,,
66.586,lost,,,,
66.597,lost,,,,
66.608,lost,,,,
66.621,lost,,,,
66.629,lost,,,,
66.637,lost,,,,
66.648,lost,,,,
66.659,lost,,,,
66.671,lost,,,,
66.683,lost,,,,
66.691,lost,,,,
66.700,lost,,,,
66.708,lost,,,,
66.720,lost,,,,
66.731,lost,,,,
66.739,lost,,,,
66.749,lost,,,,
66.759,lost,,,,
66.770,lost,,,,
66.785,lost,,,,
66.793,lost,,,,
66.803,lost,,,,
66.814,lost,,,,
66.825,lost,,,,
66.836,lost,,,,
66.851,lost,,,,
66.864,lost,,,,
66.876,lost,,,,
66.888,lost,,,,
66.900,lost,,,,
66.914,lost,,,,
66.925,lost,,,,
66.938,lost,,,,
66.951,lost,,,,
66.963,lost,,,,
66.976,lost,,,,
66.988,lost,,,,
67.002,lost,,,,
67.019,lost,,,,
67.029,lost,,,,
67.043,lost,,,,
67.054,lost,,,,
67.065,lost,,,,
67.079,lost,,,,
67.094,lost,,,,
67.107,lost,,,,
67.122,lost,,,,
67.134,lost,,,,
67.148,lost,,,,
67.158,lost,,,,
67.170,lost,,,,
67.185,lost,,,,
67.197,lost,,,,
67.209,lost,,,,
67.219,lost,,,,
67.230,lost,,,,
67.244,lost,,,,
67.257,lost,,,,
67.268,lost,,,,
67.283,lost,,,,
67.293,lost,,,,
67.303,lost,,,,
67.318,lost,,,,
67.330,lost,,,,
67.345,lost,,,,
67.359,lost,,,,
67.373,lost,,,,
67.385,lost,,,,
67.396,lost,,,,
67.408,lost,,,,
67.423,lost,,,,
67.437,lost,,,,
67.450,lost,,,,
67.459,lost,,,,
67.468,lost,,,,
67.482,lost,,,,
67.491,lost,,,,
67.504,lost,,,,
67.516,lost,,,,
67.530,lost,,,,
67.547,lost,,,,
67.556,lost,,,,
67.564,lost,,,,
67.573,lost,,,,
67.588,lost,,,,
67.599,lost,,,,
67.612,lost,,,,
67.621,lost,,,,
67.630,lost,,,,
67.639,lost,,,,
67.650,lost,,,,
67.662,lost,,,,
67.674,lost,,,,
67.685,lost,,,,
67.696,lost,,,,
67.708,lost,,,,
67.720,lost,,,,
67.729,lost,,,,
67.738,lost,,,,
67.750,lost,,,,
67.757,lost,,,,
67.768,lost,,,,
67.780,lost,,,,
67.788,lost,,,,
67.796,lost,,,,
67.806,lost,,,,
67.818,lost,,,,
67.827,lost,,,,
67.839,lost,,,,
67.850,lost,,,,
67.861,lost,,,,
67.872,lost,,,,
67.885,lost,,,,
67.895,lost,,,,
67.903,lost,,,,
67.916,lost,,,,
67.927,lost,,,,
67.937,lost,,,,
67.948,lost,,,,
67.958,lost,,,,
67.969,lost,,,,
67.984,lost,,,,
67.995,lost,,,,
68.008,lost,,,,
68.020,lost,,,,
68.033,lost,,,,
68.047,lost,,,,
68.058,lost,,,,
68.073,lost,,,,
68.087,lost,,,,
68.101,lost,,,,
68.115,lost,,,,
68.125,lost,,,,
68.136,lost,,,,
68.151,lost,,,,
68.163,lost,,,,
68.178,lost,,,,
68.187,lost,,,,
68.197,lost,,,,
68.208,lost,,,,
68.218,lost,,,,
68.227,lost,,,,
68.238,lost,,,,
68.248,lost,,,,
68.258,lost,,,,
68.269,lost,,,,
68.285,lost,,,,
68.298,lost,,,,
68.312,lost,,,,
68.321,lost,,,,
68.333,lost,,,,
68.345,lost,,,,
68.354,lost,,,,
68.366,lost,,,,
68.376,lost,,,,
68.386,lost,,,,
68.397,lost,,,,
68.409,lost,,,,
68.423,lost,,,,
68.438,lost,,,,
68.452,lost,,,,
68.463,lost,,,,
68.474,lost,,,,
68.484,lost,,,,
68.495,lost,,,,
68.506,lost,,,,
68.517,lost,,,,
68.531,lost,,,,
68.541,lost,,,,
68.554,lost,,,,
68.567,lost,,,,
68.578,lost,,,,
68.589,lost,,,,
68.604,lost,,,,
68.615,lost,,,,
68.625,lost,,,,
68.636,lost,,,,
68.646,lost,,,,
68.656,lost,,,,
68.669,lost,,,,
68.679,lost,,,,
68.689,lost,,,,
68.701,lost,,,,
68.711,lost,,,,
68.721,lost,,,,
68.734,lost,,,,
68.745,lost,,,,
68.757,lost,,,,
68.771,lost,,,,
68.782,lost,,,,
68.794,lost,,,,
68.808,lost,,,,
68.821,lost,,,,
68.836,lost,,,,
68.847,lost,,,,
68.857,lost,,,,
68.868,lost,,,,
68.879,lost,,,,
68.890,lost,,,,
68.904,lost,,,,
68.913,lost,,,,
68.924,lost,,,,
68.935,lost,,,,
68.944,lost,,,,
68.954,lost,,,,
68.968,lost,,,,
68.976,lost,,,,
68.986,lost,,,,
68.998,lost,,,,
69.007,lost,,,,
69.017,lost,,,,
69.028,lost,,,,
69.040,lost,,,,
69.053,lost,,,,
69.068,lost,,,,
69.077,lost,,,,
69.088,lost,,,,
69.100,lost,,,,
69.109,lost,,,,
69.120,lost,,,,
69.133,lost,,,,
69.144,lost,,,,
69.158,lost,,,,
69.172,lost,,,,
69.184,lost,,,,
69.198,lost,,,,
69.208,lost,,,,
69.221,lost,,,,
69.234,lost,,,,
69.251,lost,,,,
69.269,lost,,,,
69.279,lost,,,,
69.289,lost,,,,
69.302,lost,,,,
69.315,lost,,,,
69.328,lost,,,,
69.341,lost,,,,
69.357,lost,,,,
69.371,lost,,,,
69.383,lost,,,,
69.396,lost,,,,
69.408,lost,,,,
69.420,lost,,,,
69.433,lost,,,,
69.444,lost,,,,
69.454,lost,,,,
69.468,lost,,,,
69.482,lost,,,,
69.495,lost,,,,
69.505,lost,,,,
69.517,lost,,,,
69.530,lost,,,,
69.546,lost,,,,
69.561,lost,,,,
69.572,lost,,,,
69.584,lost,,,,
69.599,lost,,,,
69.608,lost,,,,
69.618,lost,,,,
69.631,lost,,,,
69.639,lost,,,,
69.652,lost,,,,
69.667,lost,,,,
69.676,lost,,,,
69.686,lost,,,,
69.697,lost,,,,
69.708,lost,,,,
69.720,lost,,,,
69.734,lost,,,,
69.745,lost,,,,
69.757,lost,,,,
69.771,lost,,,,
69.783,lost,,,,
69.798,lost,,,,
69.808,lost,,,,
69.822,lost,,,,
69.838,lost,,,,
69.852,lost,,,,
69.866,lost,,,,
69.876,lost,,,,
69.888,lost,,,,
69.901,lost,,,,
69.911,lost,,,,
69.920,lost,,,,
69.932,lost,,,,
69.943,lost,,,,
69.954,lost,,,,
69.968,lost,,,,
69.977,lost,,,,
69.987,lost,,,,
70.000,lost,,,,
70.012,lost,,,,
70.027,lost,,,,
70.041,lost,,,,
70.055,lost,,,,
70.067,lost,,,,
70.076,lost,,,,
70.086,lost,,,,
70.099,lost,,,,
70.111,lost,,,,
70.122,lost,,,,
70.135,lost,,,,
70.145,lost,,,,
70.155,lost,,,,
70.169,lost,,,,
70.182,lost,,,,
70.193,lost,,,,
70.204,lost,,,,
70.220,lost,,,,
70.233,lost,,,,
70.244,lost,,,,
70.255,lost,,,,
70.265,lost,,,,
70.274,lost,,,,
70.287,lost,,,,
70.301,lost,,,,
70.316,lost,,,,
70.330,lost,,,,
70.343,lost,,,,
70.359,lost,,,,
70.370,lost,,,,
70.381,lost,,,,
70.394,lost,,,,
70.405,lost,,,,
70.416,lost,,,,
70.430,lost,,,,
70.443,lost,,,,
70.458,lost,,,,
70.469,lost,,,,
70.479,lost,,,,
70.491,lost,,,,
70.503,lost,,,,
70.517,lost,,,,
70.533,lost,,,,
70.546,lost,,,,
70.562,lost,,,,
70.575,lost,,,,
70.589,lost,,,,
70.604,lost,,,,
70.618,lost,,,,
70.632,target,-0.001,-0.031,10.077,1
70.645,target,-0.001,-0.031,10.077,1
70.659,target,-0.001,-0.031,10.077,1
70.671,target,-0.001,-0.031,10.077,1
70.686,target,-0.001,-0.031,10.077,1
70.700,target,-0.001,-0.031,10.077,1
70.714,target,-0.001,-0.031,10.077,1
70.730,target,-0.001,-0.031,10.077,1
70.743,target,-0.001,-0.031,10.077,1
70.758,target,-0.001,-0.031,10.077,1
70.767,target,-0.001,-0.031,10.077,1
70.780,target,-0.001,-0.031,10.077,1
70.792,target,-0.001,-0.031,10.077,1
70.804,target,-0.001,-0.031,10.077,1
70.820,target,-0.001,-0.031,10.077,1
70.831,target,-0.001,-0.031,10.077,1
70.842,target,-0.001,-0.031,10.077,1
70.855,target,-0.001,-0.031,10.077,1
70.868,target,-0.001,-0.031,10.077,1
70.884,target,-0.001,-0.031,10.077,1
70.894,target,-0.001,-0.031,10.077,1
70.904,target,-0.001,-0.031,10.077,1
70.917,target,-0.001,-0.031,10.077,1
70.927,target,-0.001,-0.031,10.077,1
70.937,target,-0.001,-0.031,10.077,1
70.950,target,-0.001,-0.031,10.077,1
70.963,target,-0.001,-0.031,10.077,1
70.976,target,-0.001,-0.031,10.077,1
70.989,target,-0.001,-0.031,10.077,1
71.000,target,-0.001,-0.031,10.077,1
71.014,target,-0.001,-0.031,10.077,1
71.024,target,-0.001,-0.031,10.077,1
71.041,target,-0.001,-0.031,10.077,1
71.059,target,-0.001,-0.031,10.077,1
71.071,target,-0.001,-0.031,10.077,1
71.085,target,-0.001,-0.031,10.077,1
71.098,target,-0.001,-0.031,10.077,1
71.112,target,-0.001,-0.031,10.077,1
71.123,target,-0.001,-0.031,10.077,1
71.137,target,-0.001,-0.031,10.077,1
71.153,lost,,,,
71.165,lost,,,,
71.181,lost,,,,
71.189,lost,,,,
71.198,lost,,,,
71.208,lost,,,,
71.220,lost,,,,
71.231,lost,,,,
71.243,lost,,,,
71.255,lost,,,,
71.267,lost,,,,
71.281,lost,,,,
71.290,lost,,,,
71.300,lost,,,,
71.311,lost,,,,
71.321,lost,,,,
71.330,lost,,,,
71.341,lost,,,,
71.351,lost,,,,
71.364,lost,,,,
71.377,lost,,,,
71.387,lost,,,,
71.399,lost,,,,
71.414,lost,,,,
71.425,lost,,,,
71.439,lost,,,,
71.454,lost,,,,
71.463,lost,,,,
71.474,lost,,,,
71.483,lost,,,,
71.495,lost,,,,
71.506,lost,,,,
71.519,lost,,,,
71.535,lost,,,,
71.549,lost,,,,
71.560,lost,,,,
71.573,lost,,,,
71.587,lost,,,,
71.601,lost,,,,
71.615,lost,,,,
71.626,lost,,,,
71.636,lost,,,,
71.650,lost,,,,
71.664,lost,,,,
71.676,lost,,,,
71.686,lost,,,,
71.696,lost,,,,
71.706,lost,,,,
71.719,lost,,,,
71.732,lost,,,,
71.746,lost,,,,
71.759,lost,,,,
71.774,lost,,,,
71.788,lost,,,,
71.798,lost,,,,
71.810,lost,,,,
71.820,lost,,,,
71.835,lost,,,,
71.849,lost,,,,
71.869,lost,,,,
71.883,lost,,,,
71.893,lost,,,,
71.902,lost,,,,
71.914,lost,,,,
71.924,lost,,,,
71.938,lost,,,,
71.950,lost,,,,
71.963,lost,,,,
71.974,lost,,,,
71.986,lost,,,,
71.999,lost,,,,
72.013,lost,,,,
72.025,lost,,,,
72.038,lost,,,,
72.052,lost,,,,
72.064,lost,,,,
72.078,lost,,,,
72.088,lost,,,,
72.098,lost,,,,
72.110,lost,,,,
72.120,lost,,,,
72.131,lost,,,,
72.143,lost,,,,
72.153,lost,,,,
72.165,lost,,,,
72.177,lost,,,,
72.189,lost,,,,
72.201,lost,,,,
72.216,lost,,,,
72.225,lost,,,,
72.235,lost,,,,
72.249,lost,,,,
72.258,lost,,,,
72.268,lost,,,,
72.280,lost,,,,
72.292,lost,,,,
72.305,lost,,,,
72.318,lost,,,,
72.326,lost,,,,
72.336,lost,,,,
72.350,lost,,,,
72.363,lost,,,,
72.376,lost,,,,
72.387,lost,,,,
72.396,lost,,,,
72.405,lost,,,,
72.418,lost,,,,
72.430,lost,,,,
72.442,lost,,,,
72.455,lost,,,,
72.465,lost,,,,
72.477,lost,,,,
72.486,lost,,,,
72.497,lost,,,,
72.508,lost,,,,
72.516,lost,,,,
72.528,lost,,,,
72.540,lost,,,,
72.551,lost,,,,
72.562,lost,,,,
72.574,lost,,,,
72.586,lost,,,,
72.598,lost,,,,
72.614,lost,,,,
72.624,lost,,,,
72.632,lost,,,,
72.642,lost,,,,
72.652,lost,,,,
72.663,lost,,,,
72.673,lost,,,,
72.683,lost,,,,
72.696,lost,,,,
72.709,lost,,,,
72.721,lost,,,,
72.734,lost,,,,
72.747,lost,,,,
72.759,lost,,,,
72.772,lost,,,,
72.781,lost,,,,
72.790,lost,,,,
72.801,lost,,,,
72.811,lost,,,,
72.824,lost,,,,
72.838,lost,,,,
72.849,lost,,,,
72.859,lost,,,,
72.869,lost,,,,
72.879,lost,,,,
72.888,lost,,,,
72.900,lost,,,,
72.910,lost,,,,
72.923,lost,,,,
72.937,lost,,,,
72.947,lost,,,,
72.956,lost,,,,
72.968,lost,,,,
72.978,lost,,,,
72.987,lost,,,,
72.999,lost,,,,
73.008,lost,,,,
73.017,lost,,,,
73.029,lost,,,,
73.038,lost,,,,
73.049,lost,,,,
73.059,lost,,,,
73.071,lost,,,,
73.081,lost,,,,
73.091,lost,,,,
73.105,lost,,,,
73.117,lost,,,,
73.130,lost,,,,
73.141,lost,,,,
73.150,lost,,,,
73.162,lost,,,,
73.172,lost,,,,
73.181,lost,,,,
73.192,lost,,,,
73.203,lost,,,,
73.215,lost,,,,
73.228,lost,,,,
73.241,lost,,,,
73.250,lost,,,,
73.262,lost,,,,
73.272,lost,,,,
73.283,lost,,,,
73.293,lost,,,,
73.304,lost,,,,
73.314,lost,,,,
73.325,lost,,,,
73.335,lost,,,,
73.347,lost,,,,
73.363,lost,,,,
73.375,lost,,,,
73.388,lost,,,,
73.403,lost,,,,
73.411,lost,,,,
73.420,lost,,,,
73.429,lost,,,,
73.439,lost,,,,
73.449,lost,,,,
73.461,lost,,,,
73.472,lost,,,,
73.480,lost,,,,
73.488,lost,,,,
73.497,lost,,,,
73.507,lost,,,,
73.516,lost,,,,
73.528,lost,,,,
73.540,lost,,,,
73.552,lost,,,,
73.565,lost,,,,
73.577,lost,,,,
73.591,lost,,,,
73.605,lost,,,,
73.620,lost,,,,
73.635,lost,,,,
73.646,lost,,,,
73.657,lost,,,,
73.667,lost,,,,
73.676,lost,,,,
73.686,lost,,,,
73.701,lost,,,,
73.714,lost,,,,
73.727,lost,,,,
73.739,lost,,,,
73.752,lost,,,,
73.766,lost,,,,
73.777,lost,,,,
73.792,lost,,,,
73.803,lost,,,,
73.812,lost,,,,
73.821,lost,,,,
73.834,lost,,,,
73.848,lost,,,,
73.867,lost,,,,
73.878,lost,,,,
73.890,lost,,,,
73.903,lost,,,,
73.913,lost,,,,
73.924,lost,,,,
73.936,lost,,,,
73.948,lost,,,,
73.963,lost,,,,
73.973,lost,,,,
73.983,lost,,,,
73.994,lost,,,,
74.006,lost,,,,
74.020,lost,,,,
74.034,lost,,,,
74.048,lost,,,,
74.061,lost,,,,
74.074,lost,,,,
74.086,lost,,,,
74.100,lost,,,,
74.114,lost,,,,
74.127,lost,,,,
74.139,lost,,,,
74.151,lost,,,,
74.165,lost,,,,
74.176,lost,,,,
74.189,lost,,,,
74.203,lost,,,,
74.215,lost,,,,
74.228,lost,,,,
74.240,lost,,,,
74.251,lost,,,,
74.263,lost,,,,
74.273,lost,,,,
74.282,lost,,,,
74.291,lost,,,,
74.303,lost,,,,
74.317,lost,,,,
74.331,lost,,,,
74.339,lost,,,,
74.351,lost,,,,
74.364,lost,,,,
74.377,lost,,,,
74.390,lost,,,,
74.403,lost,,,,
74.413,lost,,,,
74.423,lost,,,,
74.439,lost,,,,
74.450,lost,,,,
74.463,lost,,,,
74.474,lost,,,,
74.484,lost,,,,
74.496,lost,,,,
74.509,lost,,,,
74.519,lost,,,,
74.532,lost,,,,
74.544,lost,,,,
74.557,lost,,,,
74.569,lost,,,,
74.578,lost,,,,
74.586,lost,,,,
74.598,lost,,,,
74.610,lost,,,,
74.624,lost,,,,
74.636,lost,,,,
74.648,lost,,,,
74.659,lost,,,,
74.670,lost,,,,
74.681,lost,,,,
74.692,lost,,,,
74.702,lost,,,,
74.714,lost,,,,
74.726,lost,,,,
74.735,lost,,,,
74.746,lost,,,,
74.757,lost,,,,
74.766,lost,,,,
74.778,lost,,,,
74.789,lost,,,,
74.802,lost,,,,
74.814,lost,,,,
74.828,lost,,,,
74.840,lost,,,,
74.857,lost,,,,
74.869,lost,,,,
74.880,lost,,,,
74.891,lost,,,,
74.901,lost,,,,
74.914,lost,,,,
74.924,lost,,,,
74.934,lost,,,,
74.946,lost,,,,
74.956,lost,,,,
74.968,lost,,,,
74.981,lost,,,,
74.991,lost,,,,
75.002,lost,,,,
75.015,lost,,,,
75.024,lost,,,,
75.034,lost,,,,
75.045,lost,,,,
75.055,lost,,,,
75.064,lost,,,,
75.075,lost,,,,
75.086,lost,,,,
75.098,lost,,,,
75.113,lost,,,,
75.125,lost,,,,
75.139,lost,,,,
75.154,lost,,,,
75.164,lost,,,,
75.175,lost,,,,
75.186,lost,,,,
75.197,lost,,,,
75.211,lost,,,,
75.225,lost,,,,
75.235,lost,,,,
75.247,lost,,,,
75.256,lost,,,,
75.265,lost,,,,
75.277,lost,,,,
75.287,lost,,,,
75.297,lost,,,,
75.309,lost,,,,
75.320,lost,,,,
75.331,lost,,,,
75.344,lost,,,,
75.358,lost,,,,
75.373,lost,,,,
75.385,lost,,,,
75.395,lost,,,,
75.406,lost,,,,
75.417,lost,,,,
75.429,lost,,,,
75.441,lost,,,,
75.453,lost,,,,
75.465,lost,,,,
75.479,lost,,,,
75.492,lost,,,,
75.504,lost,,,,
75.516,lost,,,,
75.526,lost,,,,
75.538,lost,,,,
75.549,lost,,,,
75.558,lost,,,,
75.569,lost,,,,
75.580,lost,,,,
75.589,lost,,,,
75.599,lost,,,,
75.612,lost,,,,
75.621,lost,,,,
75.631,lost,,,,
75.643,lost,,,,
75.654,lost,,,,
75.664,lost,,,,
75.673,lost,,,,
75.686,lost,,,,
75.696,lost,,,,
75.706,lost,,,,
75.717,lost,,,,
75.725,lost,,,,
75.735,lost,,,,
75.748,lost,,,,
75.757,lost,,,,
75.768,lost,,,,
75.780,lost,,,,
75.794,lost,,,,
75.809,lost,,,,
75.821,lost,,,,
75.832,lost,,,,
75.840,lost,,,,
75.853,lost,,,,
75.866,lost,,,,
75.881,lost,,,,
75.891,lost,,,,
75.903,lost,,,,
75.917,lost,,,,
75.929,lost,,,,
75.942,lost,,,,
75.953,lost,,,,
75.965,lost,,,,
75.976,lost,,,,
75.988,lost,,,,
76.001,lost,,,,
76.016,lost,,,,
76.025,lost,,,,
76.036,lost,,,,
76.047,lost,,,,
76.059,lost,,,,
76.070,lost,,,,
76.083,lost,,,,
76.096,lost,,,,
76.109,lost,,,,
76.123,lost,,,,
76.134,lost,,,,
76.149,lost,,,,
76.162,lost,,,,
76.175,lost,,,,
76.184,lost,,,,
76.193,lost,,,,
76.203,lost,,,,
76.214,lost,,,,
76.222,lost,,,,
76.232,lost,,,,
76.244,lost,,,,
76.254,lost,,,,
76.264,lost,,,,
76.273,lost,,,,
76.284,lost,,,,
76.293,lost,,,,
76.303,lost,,,,
76.316,lost,,,,
76.329,lost,,,,
76.341,lost,,,,
76.354,lost,,,,
76.367,lost,,,,
76.381,lost,,,,
76.391,lost,,,,
76.401,lost,,,,
76.412,lost,,,,
76.420,lost,,,,
76.431,lost,,,,
76.442,lost,,,,
76.453,lost,,,,
76.464,lost,,,,
76.476,lost,,,,
76.486,lost,,,,
76.499,lost,,,,
76.509,lost,,,,
76.519,lost,,,,
76.530,lost,,,,
76.541,lost,,,,
76.553,lost,,,,
76.566,lost,,,,
76.579,lost,,,,
76.591,lost,,,,
76.605,lost,,,,
76.618,lost,,,,
76.629,lost,,,,
76.641,lost,,,,
76.651,lost,,,,
76.662,lost,,,,
76.674,lost,,,,
76.684,lost,,,,
76.694,lost,,,,
76.705,lost,,,,
76.716,lost,,,,
76.729,lost,,,,
76.741,lost,,,,
76.751,lost,,,,
76.763,lost,,,,
76.772,lost,,,,
76.783,lost,,,,
76.795,lost,,,,
76.806,lost,,,,
76.817,lost,,,,
76.829,lost,,,,
76.841,lost,,,,
76.853,lost,,,,
76.870,lost,,,,
76.881,lost,,,,
76.895,lost,,,,
76.906,lost,,,,
76.916,lost,,,,
76.927,lost,,,,
76.937,lost,,,,
76.948,lost,,,,
76.959,lost,,,,
76.970,lost,,,,
76.981,lost,,,,
76.994,lost,,,,
77.004,lost,,,,
77.014,lost,,,,
77.027,lost,,,,
77.037,lost,,,,
77.049,lost,,,,
77.062,lost,,,,
77.074,lost,,,,
77.087,lost,,,,
77.101,lost,,,,
77.111,lost,,,,
77.122,lost,,,,
77.132,lost,,,,
77.141,lost,,,,
77.152,lost,,,,
77.164,lost,,,,
77.175,lost,,,,
77.185,lost,,,,
77.199,lost,,,,
77.214,lost,,,,
77.228,lost,,,,
77.240,lost,,,,
77.251,lost,,,,
77.262,lost,,,,
77.271,lost,,,,
77.280,lost,,,,
77.288,lost,,,,
77.301,lost,,,,
77.312,lost,,,,
77.322,lost,,,,
77.333,lost,,,,
77.342,lost,,,,
77.354,lost,,,,
77.367,lost,,,,
77.379,lost,,,,
77.394,lost,,,,
77.404,lost,,,,
77.415,lost,,,,
77.427,lost,,,,
77.437,lost,,,,
77.447,lost,,,,
77.458,lost,,,,
77.468,lost,,,,
77.480,lost,,,,
77.493,lost,,,,
77.504,lost,,,,
77.517,lost,,,,
77.532,lost,,,,
77.541,lost,,,,
77.552,lost,,,,
77.566,lost,,,,
77.575,lost,,,,
77.585,lost,,,,
77.598,lost,,,,
77.609,lost,,,,
77.622,lost,,,,
77.635,lost,,,,
77.647,lost,,,,
77.660,lost,,,,
77.671,lost,,,,
77.684,lost,,,,
77.698,lost,,,,
77.710,lost,,,,
77.722,lost,,,,
77.736,lost,,,,
77.749,lost,,,,
77.763,lost,,,,
77.774,lost,,,,
77.785,lost,,,,
77.799,lost,,,,
77.812,lost,,,,
77.824,lost,,,,
77.836,lost,,,,
77.848,lost,,,,
77.862,lost,,,,
77.874,lost,,,,
77.886,lost,,,,
77.900,lost,,,,
77.912,lost,,,,
77.923,lost,,,,
77.934,lost,,,,
77.948,lost,,,,
77.966,lost,,,,
77.979,lost,,,,
77.990,lost,,,,
78.005,lost,,,,
78.018,lost,,,,
78.033,lost,,,,
78.046,lost,,,,
78.058,lost,,,,
78.069,lost,,,,
78.081,lost,,,,
78.094,lost,,,,
78.107,lost,,,,
78.122,lost,,,,
78.134,lost,,,,
78.147,lost,,,,
78.161,lost,,,,
78.173,lost,,,,
78.188,lost,,,,
78.200,lost,,,,
78.213,lost,,,,
78.226,lost,,,,
78.241,lost,,,,
78.256,lost,,,,
78.267,lost,,,,
78.280,lost,,,,
78.293,lost,,,,
78.303,lost,,,,
78.316,lost,,,,
78.329,lost,,,,
78.341,lost,,,,
78.356,lost,,,,
78.368,lost,,,,
78.381,lost,,,,
78.393,lost,,,,
78.410,lost,,,,
78.424,lost,,,,
78.437,lost,,,,
78.451,lost,,,,
78.463,lost,,,,
78.477,lost,,,,
78.488,lost,,,,
78.502,lost,,,,
78.520,lost,,,,
78.531,lost,,,,
78.546,lost,,,,
78.558,lost,,,,
78.574,lost,,,,
78.589,lost,,,,
78.599,lost,,,,
78.616,lost,,,,
78.629,lost,,,,
78.644,lost,,,,
78.656,lost,,,,
78.669,lost,,,,
78.684,lost,,,,
78.695,lost,,,,
78.709,lost,,,,
78.722,lost,,,,
78.734,lost,,,,
78.749,lost,,,,
78.764,lost,,,,
78.781,lost,,,,
78.791,lost,,,,
78.801,lost,,,,
78.815,lost,,,,
78.826,lost,,,,
78.841,lost,,,,
78.854,lost,,,,
78.867,lost,,,,
78.882,lost,,,,
78.896,lost,,,,
78.913,lost,,,,
78.926,lost,,,,
78.938,lost,,,,
78.951,lost,,,,
78.964,lost,,,,
78.979,lost,,,,
78.990,lost,,,,
79.003,lost,,,,
79.017,lost,,,,
79.030,lost,,,,
79.046,lost,,,,
79.054,lost,,,,
79.064,lost,,,,
79.076,lost,,,,
79.087,lost,,,,
79.098,lost,,,,
79.111,lost,,,,
79.122,lost,,,,
79.131,lost,,,,
79.142,lost,,,,
79.152,lost,,,,
79.162,lost,,,,
79.175,lost,,,,
79.188,lost,,,,
79.200,lost,,,,
79.213,lost,,,,
79.224,lost,,,,
79.239,lost,,,,
79.253,lost,,,,
79.264,lost,,,,
79.276,lost,,,,
79.287,lost,,,,
79.300,lost,,,,
79.315,lost,,,,
79.328,lost,,,,
79.341,lost,,,,
79.353,lost,,,,
79.368,lost,,,,
79.384,lost,,,,
79.397,lost,,,,
79.411,lost,,,,
79.424,lost,,,,
79.439,lost,,,,
79.452,lost,,,,
79.465,lost,,,,
79.479,lost,,,,
79.491,lost,,,,
79.507,lost,,,,
79.520,lost,,,,
79.531,lost,,,,
79.545,lost,,,,
79.557,lost,,,,
79.571,lost,,,,
79.586,lost,,,,
79.598,lost,,,,
79.614,lost,,,,
79.627,lost,,,,
79.643,lost,,,,
79.654,lost,,,,
79.667,lost,,,,
79.682,lost,,,,
79.696,lost,,,,
79.711,lost,,,,
79.724,lost,,,,
79.741,lost,,,,
79.754,lost,,,,
79.769,lost,,,,
79.783,lost,,,,
79.796,lost,,,,
79.811,lost,,,,
79.821,lost,,,,
79.834,lost,,,,
79.851,lost,,,,
79.866,lost,,,,
79.880,lost,,,,
79.891,lost,,,,
79.904,lost,,,,
79.915,lost,,,,
79.924,lost,,,,
79.938,lost,,,,
79.952,lost,,,,
79.969,lost,,,,
79.984,lost,,,,
79.996,lost,,,,
80.008,lost,,,,
80.020,lost,,,,
80.034,lost,,,,
80.047,lost,,,,
80.059,lost,,,,
80.073,lost,,,,
80.086,lost,,,,
80.098,lost,,,,
80.112,lost,,,,
80.123,lost,,,,
80.134,lost,,,,
80.145,lost,,,,
80.155,lost,,,,
80.167,lost,,,,
80.180,lost,,,,
80.193,lost,,,,
80.208,lost,,,,
80.221,lost,,,,
80.237,lost,,,,
80.247,lost,,,,
80.257,lost,,,,
80.271,lost,,,,
80.284,lost,,,,
80.299,lost,,,,
80.312,lost,,,,
80.326,lost,,,,
80.339,lost,,,,
80.350,lost,,,,
80.367,lost,,,,
80.378,lost,,,,
80.390,lost,,,,
80.405,lost,,,,
80.418,lost,,,,
80.433,lost,,,,
80.442,lost,,,,
80.453,lost,,,,
80.466,lost,,,,
80.478,lost,,,,
80.489,lost,,,,
80.502,lost,,,,
80.516,lost,,,,
80.531,lost,,,,
80.541,lost,,,,
80.552,lost,,,,
80.566,lost,,,,
80.581,lost,,,,
80.597,lost,,,,
80.607,lost,,,,
80.620,lost,,,,
80.632,lost,,,,
80.646,lost,,,,
80.660,lost,,,,
80.673,lost,,,,
80.682,lost,,,,
80.694,lost,,,,
80.703,lost,,,,
80.716,lost,,,,
80.731,lost,,,,
80.744,lost,,,,
80.759,lost,,,,
80.771,lost,,,,
80.784,lost,,,,
80.799,lost,,,,
80.811,lost,,,,
80.824,lost,,,,
80.837,lost,,,,
80.850,lost,,,,
80.865,lost,,,,
80.880,lost,,,,
80.897,lost,,,,
80.909,lost,,,,
80.921,lost,,,,
80.936,lost,,,,
80.949,lost,,,,
80.964,lost,,,,
80.977,lost,,,,
80.994,lost,,,,
81.007,lost,,,,
81.020,lost,,,,
81.035,lost,,,,
81.047,lost,,,,
81.063,lost,,,,
81.078,lost,,,,
81.092,lost,,,,
81.109,lost,,,,
81.126,lost,,,,
81.140,lost,,,,
81.153,lost,,,,
81.168,lost,,,,
81.181,lost,,,,
81.198,lost,,,,
81.210,lost,,,,
81.221,lost,,,,
81.233,lost,,,,
81.245,lost,,,,
81.256,lost,,,,
81.267,lost,,,,
81.278,lost,,,,
81.288,lost,,,,
81.299,lost,,,,
81.311,lost,,,,
81.323,lost,,,,
81.335,lost,,,,
81.345,lost,,,,
81.358,lost,,,,
81.370,lost,,,,
81.381,lost,,,,
81.393,lost,,,,
81.403,lost,,,,
81.417,lost,,,,
81.432,lost,,,,
81.444,lost,,,,
81.455,lost,,,,
81.468,lost,,,,
81.477,lost,,,,
81.486,lost,,,,
81.498,lost,,,,
81.507,lost,,,,
81.518,lost,,,,
81.530,lost,,,,
81.540,lost,,,,
81.550,lost,,,,
81.562,lost,,,,
81.574,lost,,,,
81.587,lost,,,,
81.602,lost,,,,
81.614,lost,,,,
81.628,lost,,,,
81.638,lost,,,,
81.648,lost,,,,
81.660,lost,,,,
81.670,lost,,,,
81.682,lost,,,,
81.695,lost,,,,
81.709,lost,,,,
81.721,lost,,,,
81.734,lost,,,,
81.747,lost,,,,
81.762,lost,,,,
81.771,lost,,,,
81.781,lost,,,,
81.793,lost,,,,
81.804,lost,,,,
81.818,lost,,,,
81.832,lost,,,,
81.845,lost,,,,
81.861,lost,,,,
81.872,lost,,,,
81.882,lost,,,,
81.893,lost,,,,
81.907,lost,,,,
81.922,lost,,,,
81.934,lost,,,,
81.948,lost,,,,
81.961,lost,,,,
81.972,lost,,,,
81.984,lost,,,,
81.996,lost,,,,
82.005,lost,,,,
82.018,lost,,,,
82.029,lost,,,,
82.039,lost,,,,
82.051,lost,,,,
82.066,lost,,,,
82.080,lost,,,,
82.093,lost,,,,
82.103,lost,,,,
82.118,lost,,,,
82.131,lost,,,,
82.142,lost,,,,
82.154,lost,,,,
82.167,lost,,,,
82.182,lost,,,,
82.193,lost,,,,
82.204,lost,,,,
82.217,lost,,,,
82.228,lost,,,,
82.238,lost,,,,
82.251,lost,,,,
82.260,lost,,,,
82.271,lost,,,,
82.284,lost,,,,
82.294,lost,,,,
82.304,lost,,,,
82.317,lost,,,,
82.330,lost,,,,
82.344,lost,,,,
82.356,target,-0.001,-0.072,9.994,1
82.370,target,-0.001,-0.072,9.994,1
82.386,target,-0.001,-0.072,9.994,1
82.399,target,-0.001,-0.072,9.994,1
82.414,target,-0.001,-0.072,9.994,1
82.424,target,-0.001,-0.072,9.994,1
82.436,target,-0.001,-0.072,9.994,1
82.450,target,-0.001,-0.072,9.994,1
82.463,target,-0.001,-0.072,9.994,1
82.477,target,-0.001,-0.072,9.994,1
82.488,target,-0.001,-0.072,9.994,1
82.499,target,-0.001,-0.072,9.994,1
82.514,target,-0.001,-0.072,9.994,1
82.524,target,-0.001,-0.072,9.994,1
82.535,target,-0.001,-0.072,9.994,1
82.549,target,-0.001,-0.072,9.994,1
82.562,target,-0.001,-0.072,9.994,1
82.576,target,-0.001,-0.072,9.994,1
82.590,target,-0.001,-0.072,9.994,1
82.601,target,-0.001,-0.072,9.994,1
82.614,target,-0.001,-0.072,9.994,1
82.624,target,-0.001,-0.072,9.994,1
82.636,target,-0.001,-0.072,9.994,1
82.648,target,-0.001,-0.072,9.994,1
82.657,target,-0.001,-0.072,9.994,1
82.669,target,-0.001,-0.072,9.994,1
82.683,target,-0.001,-0.072,9.994,1
82.693,target,-0.001,-0.072,9.994,1
82.704,target,-0.001,-0.072,9.994,1
82.716,target,-0.001,-0.072,9.994,1
82.728,target,-0.001,-0.072,9.994,1
82.742,target,-0.001,-0.072,9.994,1
82.754,target,-0.001,-0.072,9.994,1
82.764,target,-0.001,-0.072,9.994,1
82.777,target,-0.001,-0.072,9.994,1
82.789,target,-0.001,-0.072,9.994,1
82.799,target,-0.001,-0.072,9.994,1
82.810,target,-0.001,-0.072,9.994,1
82.820,target,-0.001,-0.072,9.994,1
82.834,target,-0.001,-0.072,9.994,1
82.848,target,-0.001,-0.072,9.994,1
82.861,target,-0.001,-0.072,9.994,1
82.877,lost,,,,
82.890,lost,,,,
82.902,lost,,,,
82.914,lost,,,,
82.924,lost,,,,
82.935,lost,,,,
82.947,lost,,,,
82.957,lost,,,,
82.968,lost,,,,
82.979,lost,,,,
82.989,lost,,,,
82.999,lost,,,,
83.011,lost,,,,
83.022,lost,,,,
83.034,lost,,,,
83.047,lost,,,,
83.056,lost,,,,
83.069,lost,,,,
83.081,lost,,,,
83.092,lost,,,,
83.104,lost,,,,
83.119,lost,,,,
83.134,lost,,,,
83.148,lost,,,,
83.157,lost,,,,
83.168,lost,,,,
83.182,lost,,,,
83.193,lost,,,,
83.206,lost,,,,
83.220,lost,,,,
83.232,lost,,,,
83.245,lost,,,,
83.257,lost,,,,
83.270,lost,,,,
83.283,lost,,,,
83.295,lost,,,,
83.310,lost,,,,
83.323,lost,,,,
83.337,lost,,,,
83.352,lost,,,,
83.368,lost,,,,
83.384,lost,,,,
83.398,lost,,,,
83.414,lost,,,,
83.426,lost,,,,
83.438,lost,,,,
83.454,lost,,,,
83.468,lost,,,,
83.482,lost,,,,
83.495,lost,,,,
83.508,lost,,,,
83.521,lost,,,,
83.531,lost,,,,
83.544,lost,,,,
83.555,lost,,,,
83.567,lost,,,,
83.581,lost,,,,
83.594,lost,,,,
83.609,lost,,,,
83.620,lost,,,,
83.631,lost,,,,
83.643,lost,,,,
83.656,lost,,,,
83.671,lost,,,,
83.684,lost,,,,
83.696,lost,,,,
83.712,lost,,,,
83.723,lost,,,,
83.739,lost,,,,
83.752,lost,,,,
83.767,lost,,,,
83.782,lost,,,,
83.795,lost,,,,
83.808,lost,,,,
83.820,lost,,,,
83.834,lost,,,,
83.848,lost,,,,
83.861,lost,,,,
83.876,lost,,,,
83.889,lost,,,,
83.905,lost,,,,
83.916,lost,,,,
83.931,lost,,,,
83.947,lost,,,,
83.966,lost,,,,
83.979,lost,,,,
83.993,lost,,,,
84.006,lost,,,,
84.022,lost,,,,
84.036,lost,,,,
84.050,lost,,,,
84.067,lost,,,,
84.080,lost,,,,
84.095,lost,,,,
84.109,lost,,,,
84.123,lost,,,,
84.137,lost,,,,
84.149,lost,,,,
84.162,lost,,,,
84.176,lost,,,,
84.189,lost,,,,
84.204,lost,,,,
84.214,lost,,,,
84.227,lost,,,,
84.237,lost,,,,
84.252,lost,,,,
84.270,lost,,,,
84.283,lost,,,,
84.298,lost,,,,
84.311,lost,,,,
84.326,lost,,,,
84.339,lost,,,,
84.352,lost,,,,
84.367,lost,,,,
84.379,lost,,,,
84.392,lost,,,,
84.404,lost,,,,
84.419,lost,,,,
84.436,lost,,,,
84.448,lost,,,,
84.463,lost,,,,
84.473,lost,,,,
84.484,lost,,,,
84.498,lost,,,,
84.508,lost,,,,
84.520,lost,,,,
84.532,lost,,,,
84.544,lost,,,,
84.559,lost,,,,
84.571,lost,,,,
84.580,lost,,,,
84.591,lost,,,,
84.600,lost,,,,
84.609,lost,,,,
84.621,lost,,,,
84.634,lost,,,,
84.642,lost,,,,
84.653,lost,,,,
84.665,lost,,,,
84.675,lost,,,,
84.688,lost,,,,
84.699,lost,,,,
84.712,lost,,,,
84.726,lost,,,,
84.737,lost,,,,
84.748,lost,,,,
84.763,lost,,,,
84.776,lost,,,,
84.790,lost,,,,
84.803,lost,,,,
84.815,lost,,,,
84.829,lost,,,,
84.841,lost,,,,
84.853,lost,,,,
84.866,lost,,,,
84.879,lost,,,,
84.894,lost,,,,
84.907,lost,,,,
84.922,lost,,,,
84.936,lost,,,,
84.947,lost,,,,
84.959,lost,,,,
84.969,lost,,,,
84.979,lost,,,,
84.989,lost,,,,
84.999,lost,,,,
85.011,lost,,,,
85.025,lost,,,,
85.036,lost,,,,
85.049,lost,,,,
85.062,lost,,,,
85.072,lost,,,,
85.083,lost,,,,
85.094,lost,,,,
85.104,lost,,,,
85.114,lost,,,,
85.129,lost,,,,
85.141,lost,,,,
85.155,lost,,,,
85.169,lost,,,,
85.181,lost,,,,
85.196,lost,,,,
85.206,lost,,,,
85.218,lost,,,,
85.232,lost,,,,
85.244,lost,,,,
85.258,lost,,,,
85.271,lost,,,,
85.286,lost,,,,
85.300,lost,,,,
85.310,lost,,,,
85.322,lost,,,,
85.334,lost,,,,
85.347,lost,,,,
85.362,lost,,,,
85.375,lost,,,,
85.389,lost,,,,
85.402,lost,,,,
85.414,lost,,,,
85.429,lost,,,,
85.439,lost,,,,
85.451,lost,,,,
85.464,lost,,,,
85.477,lost,,,,
85.491,lost,,,,
85.503,lost,,,,
85.517,lost,,,,
85.533,lost,,,,
85.544,lost,,,,
85.558,lost,,,,
85.571,lost,,,,
85.581,lost,,,,
85.593,lost,,,,
85.602,lost,,,,
85.614,lost,,,,
85.629,lost,,,,
85.638,lost,,,,
85.651,lost,,,,
85.666,lost,,,,
85.679,lost,,,,
85.693,lost,,,,
85.705,lost,,,,
85.717,lost,,,,
85.734,lost,,,,
85.750,lost,,,,
85.765,lost,,,,
85.779,lost,,,,
85.792,lost,,,,
85.806,lost,,,,
85.817,lost,,,,
85.829,lost,,,,
85.844,lost,,,,
85.858,lost,,,,
85.870,lost,,,,
85.884,lost,,,,
85.896,lost,,,,
85.907,lost,,,,
85.919,lost,,,,
85.932,lost,,,,
85.943,lost,,,,
85.954,lost,,,,
85.968,lost,,,,
85.982,lost,,,,
85.998,lost,,,,
86.012,lost,,,,
86.026,lost,,,,
86.038,lost,,,,
86.049,lost,,,,
86.063,lost,,,,
86.078,lost,,,,
86.094,lost,,,,
86.107,lost,,,,
86.122,lost,,,,
86.137,lost,,,,
86.150,lost,,,,
86.163,lost,,,,
86.176,lost,,,,
86.190,lost,,,,
86.201,lost,,,,
86.215,lost,,,,
86.228,lost,,,,
86.241,lost,,,,
86.255,lost,,,,
86.268,lost,,,,
86.281,lost,,,,
86.295,lost,,,,
86.305,lost,,,,
86.317,lost,,,,
86.330,lost,,,,
86.341,lost,,,,
86.354,lost,,,,
86.367,lost,,,,
86.384,lost,,,,
86.397,lost,,,,
86.411,lost,,,,
86.424,lost,,,,
86.439,lost,,,,
86.454,lost,,,,
86.465,lost,,,,
86.478,lost,,,,
86.490,lost,,,,
86.503,lost,,,,
86.518,lost,,,,
86.530,lost,,,,
86.545,lost,,,,
86.556,lost,,,,
86.571,lost,,,,
86.586,lost,,,,
86.597,lost,,,,
86.610,lost,,,,
86.623,lost,,,,
86.637,lost,,,,
86.650,lost,,,,
86.663,lost,,,,
86.678,lost,,,,
86.690,lost,,,,
86.703,lost,,,,
86.717,lost,,,,
86.728,lost,,,,
86.741,lost,,,,
86.755,lost,,,,
86.770,lost,,,,
86.786,lost,,,,
86.797,lost,,,,
86.810,lost,,,,
86.822,lost,,,,
86.835,lost,,,,
86.848,lost,,,,
86.860,lost,,,,
86.875,lost,,,,
86.889,lost,,,,
86.902,lost,,,,
86.916,lost,,,,
86.928,lost,,,,
86.943,lost,,,,
86.957,lost,,,,
86.973,lost,,,,
86.985,lost,,,,
86.996,lost,,,,
87.011,lost,,,,
87.022,lost,,,,
87.035,lost,,,,
87.048,lost,,,,
87.061,lost,,,,
87.075,lost,,,,
87.087,lost,,,,
87.099,lost,,,,
87.112,lost,,,,
87.121,lost,,,,
87.132,lost,,,,
87.142,lost,,,,
87.152,lost,,,,
87.164,lost,,,,
87.178,lost,,,,
87.187,lost,,,,
87.197,lost,,,,
87.208,lost,,,,
87.218,lost,,,,
87.227,lost,,,,
87.238,lost,,,,
87.248,lost,,,,
87.261,lost,,,,
87.274,lost,,,,
87.285,lost,,,,
87.296,lost,,,,
87.306,lost,,,,
87.317,target,-0.003,-0.073,10.132,1
87.330,target,-0.003,-0.073,10.132,1
87.346,target,-0.003,-0.073,10.132,1
87.356,target,-0.003,-0.073,10.132,1
87.371,target,-0.003,-0.073,10.132,1
87.385,target,-0.003,-0.073,10.132,1
87.398,target,-0.003,-0.073,10.132,1
87.413,target,-0.003,-0.073,10.132,1
87.424,target,-0.003,-0.073,10.132,1
87.437,target,-0.003,-0.073,10.132,1
87.451,target,-0.003,-0.073,10.132,1
87.463,target,-0.003,-0.073,10.132,1
87.477,target,-0.003,-0.073,10.132,1
87.487,target,-0.003,-0.073,10.132,1
87.498,target,-0.003,-0.073,10.132,1
87.512,target,-0.003,-0.073,10.132,1
87.523,target,-0.003,-0.073,10.132,1
87.534,target,-0.003,-0.073,10.132,1
87.548,target,-0.003,-0.073,10.132,1
87.560,target,-0.003,-0.073,10.132,1
87.572,target,-0.003,-0.073,10.132,1
87.584,target,-0.003,-0.073,10.132,1
87.596,target,-0.003,-0.073,10.132,1
87.609,target,-0.003,-0.073,10.132,1
87.623,target,-0.003,-0.073,10.132,1
87.638,target,-0.003,-0.073,10.132,1
87.652,target,-0.003,-0.073,10.132,1
87.667,target,-0.003,-0.073,10.132,1
87.682,target,-0.003,-0.073,10.132,1
87.694,target,-0.003,-0.073,10.132,1
87.707,target,-0.003,-0.073,10.132,1
87.720,target,-0.003,-0.073,10.132,1
87.732,target,-0.003,-0.073,10.132,1
87.748,target,-0.003,-0.073,10.132,1
87.764,target,-0.003,-0.073,10.132,1
87.780,target,-0.003,-0.073,10.132,1
87.793,target,-0.003,-0.073,10.132,1
87.806,target,-0.003,-0.073,10.132,1
87.820,target,-0.003,-0.073,10.132,1
87.834,lost,,,,
87.849,lost,,,,
87.865,lost,,,,
87.881,lost,,,,
87.894,lost,,,,
87.907,lost,,,,
87.920,lost,,,,
87.934,lost,,,,
87.946,lost,,,,
87.959,lost,,,,
87.973,lost,,,,
87.983,lost,,,,
87.994,lost,,,,
88.004,lost,,,,
88.018,lost,,,,
88.034,lost,,,,
88.046,lost,,,,
88.058,lost,,,,
88.071,lost,,,,
88.081,lost,,,,
88.094,lost,,,,
88.106,lost,,,,
88.118,lost,,,,
88.135,lost,,,,
88.146,lost,,,,
88.160,lost,,,,
88.172,lost,,,,
88.185,lost,,,,
88.199,lost,,,,
88.212,lost,,,,
88.226,lost,,,,
88.239,lost,,,,
88.251,lost,,,,
88.265,lost,,,,
88.278,lost,,,,
88.290,lost,,,,
88.302,lost,,,,
88.313,lost,,,,
88.326,lost,,,,
88.336,lost,,,,
88.348,lost,,,,
88.360,lost,,,,
88.373,lost,,,,
88.385,lost,,,,
88.398,lost,,,,
88.408,lost,,,,
88.419,lost,,,,
88.432,lost,,,,
88.443,lost,,,,
88.456,lost,,,,
88.467,lost,,,,
88.476,lost,,,,
88.487,lost,,,,
88.498,lost,,,,
88.508,lost,,,,
88.520,lost,,,,
88.531,lost,,,,
88.542,lost,,,,
88.554,lost,,,,
88.566,lost,,,,
88.575,lost,,,,
88.587,lost,,,,
88.598,lost,,,,
88.606,lost,,,,
88.617,lost,,,,
88.629,lost,,,,
88.639,lost,,,,
88.650,lost,,,,
88.661,lost,,,,
88.670,lost,,,,
88.679,lost,,,,
88.689,lost,,,,
88.698,lost,,,,
88.708,lost,,,,
88.719,lost,,,,
88.730,lost,,,,
88.740,lost,,,,
88.751,lost,,,,
88.762,lost,,,,
88.771,lost,,,,
88.782,lost,,,,
88.793,lost,,,,
88.802,lost,,,,
88.812,lost,,,,
88.824,lost,,,,
88.834,lost,,,,
88.844,lost,,,,
88.855,lost,,,,
88.865,lost,,,,
88.874,lost,,,,
88.887,lost,,,,
88.898,lost,,,,
88.907,lost,,,,
88.918,lost,,,,
88.930,lost,,,,
88.939,lost,,,,
88.950,lost,,,,
88.961,lost,,,,
88.971,lost,,,,
88.982,lost,,,,
88.994,lost,,,,
89.003,lost,,,,
89.014,lost,,,,
89.026,lost,,,,
89.035,lost,,,,
89.046,lost,,,,
89.057,lost,,,,
89.068,lost,,,,
89.081,lost,,,,
89.096,lost,,,,
89.105,lost,,,,
89.116,lost,,,,
89.128,lost,,,,
89.139,lost,,,,
89.149,lost,,,,
89.162,lost,,,,
89.171,lost,,,,
89.181,lost,,,,
89.191,lost,,,,
89.201,lost,,,,
89.211,lost,,,,
89.220,lost,,,,
89.230,lost,,,,
89.238,lost,,,,
89.248,lost,,,,
89.258,lost,,,,
89.269,lost,,,,
89.280,lost,,,,
89.291,lost,,,,
89.302,lost,,,,
89.312,lost,,,,
89.324,lost,,,,
89.334,lost,,,,
89.346,lost,,,,
89.359,lost,,,,
89.371,lost,,,,
89.382,lost,,,,
89.394,lost,,,,
89.403,lost,,,,
89.414,lost,,,,
89.426,lost,,,,
89.439,lost,,,,
89.453,lost,,,,
89.465,lost,,,,
89.474,lost,,,,
89.486,lost,,,,
89.503,lost,,,,
89.517,lost,,,,
89.531,lost,,,,
89.542,lost,,,,
89.554,lost,,,,
89.564,lost,,,,
89.575,lost,,,,
89.587,lost,,,,
89.597,lost,,,,
89.608,lost,,,,
89.621,lost,,,,
89.634,lost,,,,
89.647,lost,,,,
89.660,lost,,,,
89.669,lost,,,,
89.682,lost,,,,
89.695,lost,,,,
89.707,lost,,,,
89.720,lost,,,,
89.730,lost,,,,
89.742,lost,,,,
89.755,lost,,,,
89.764,lost,,,,
89.775,lost,,,,
89.785,lost,,,,
89.796,lost,,,,
89.810,lost,,,,
89.823,lost,,,,
89.834,lost,,,,
89.846,lost,,,,
89.857,lost,,,,
89.870,lost,,,,
89.886,lost,,,,
89.900,lost,,,,
89.914,lost,,,,
89.927,lost,,,,
89.939,lost,,,,
89.953,lost,,,,
89.962,lost,,,,
89.974,lost,,,,
89.986,lost,,,,
89.995,lost,,,,
90.004,lost,,,,
90.015,lost,,,,
90.028,lost,,,,
90.042,lost,,,,
90.053,lost,,,,
90.064,lost,,,,
90.077,lost,,,,
90.087,lost,,,,
90.101,lost,,,,
90.117,lost,,,,
90.130,lost,,,,
90.145,lost,,,,
90.156,lost,,,,
90.168,lost,,,,
90.182,lost,,,,
90.193,lost,,,,
90.207,lost,,,,
90.219,lost,,,,
90.230,lost,,,,
90.244,lost,,,,
90.254,lost,,,,
90.267,lost,,,,
90.280,lost,,,,
90.292,lost,,,,
90.305,lost,,,,
90.317,lost,,,,
90.328,lost,,,,
90.340,lost,,,,
90.352,lost,,,,
90.364,lost,,,,
90.378,lost,,,,
90.390,lost,,,,
90.403,lost,,,,
90.416,lost,,,,
90.428,lost,,,,
90.442,lost,,,,
90.454,lost,,,,
90.466,lost,,,,
90.478,lost,,,,
90.488,lost,,,,
90.503,lost,,,,
90.518,lost,,,,
90.532,lost,,,,
90.547,lost,,,,
90.560,lost,,,,
90.572,lost,,,,
90.583,lost,,,,
90.594,lost,,,,
90.607,lost,,,,
90.620,lost,,,,
90.633,lost,,,,
90.646,lost,,,,
90.658,lost,,,,
90.671,lost,,,,
90.681,lost,,,,
90.692,lost,,,,
90.705,lost,,,,
90.718,lost,,,,
90.733,lost,,,,
90.747,target,-0.001,-0.011,9.992,1
90.761,target,-0.001,-0.011,9.992,1
90.775,target,-0.001,-0.011,9.992,1
90.784,target,-0.001,-0.011,9.992,1
90.796,target,-0.001,-0.011,9.992,1
90.810,target,-0.001,-0.011,9.992,1
90.824,target,-0.001,-0.011,9.992,1
90.840,target,-0.001,-0.011,9.992,1
90.855,target,-0.001,-0.011,9.992,1
90.870,target,-0.001,-0.011,9.992,1
90.884,target,-0.001,-0.011,9.992,1
90.896,target,-0.001,-0.011,9.992,1
90.908,target,-0.001,-0.011,9.992,1
90.920,target,-0.001,-0.011,9.992,1
90.935,target,-0.001,-0.011,9.992,1
90.950,target,-0.001,-0.011,9.992,1
90.959,target,-0.001,-0.011,9.992,1
90.970,target,-0.001,-0.011,9.992,1
90.981,target,-0.001,-0.011,9.992,1
90.991,target,-0.001,-0.011,9.992,1
91.001,target,-0.001,-0.011,9.992,1
91.012,target,-0.001,-0.011,9.992,1
91.022,target,-0.001,-0.011,9.992,1
91.031,target,-0.001,-0.011,9.992,1
91.043,target,-0.001,-0.011,9.992,1
91.054,target,-0.001,-0.011,9.992,1
91.067,target,-0.001,-0.011,9.992,1
91.081,target,-0.001,-0.011,9.992,1
91.089,target,-0.001,-0.011,9.992,1
91.098,target,-0.001,-0.011,9.992,1
91.109,target,-0.001,-0.011,9.992,1
91.119,target,-0.001,-0.011,9.992,1
91.131,target,-0.001,-0.011,9.992,1
91.142,target,-0.001,-0.011,9.992,1
91.152,target,-0.001,-0.011,9.992,1
91.163,target,-0.001,-0.011,9.992,1
91.174,target,-0.001,-0.011,9.992,1
91.183,target,-0.001,-0.011,9.992,1
91.192,target,-0.001,-0.011,9.992,1
91.203,target,-0.001,-0.011,9.992,1
91.212,target,-0.001,-0.011,9.992,1
91.220,target,-0.001,-0.011,9.992,1
91.230,target,-0.001,-0.011,9.992,1
91.240,target,-0.001,-0.011,9.992,1
91.252,target,-0.001,-0.011,9.992,1
91.264,target,-0.001,-0.011,9.992,1
91.274,lost,,,,
91.290,lost,,,,
91.302,lost,,,,
91.314,lost,,,,
91.329,lost,,,,
91.338,lost,,,,
91.348,lost,,,,
91.359,lost,,,,
91.369,lost,,,,
91.381,lost,,,,
91.394,lost,,,,
91.405,lost,,,,
91.419,lost,,,,
91.432,lost,,,,
91.444,lost,,,,
91.458,lost,,,,
91.471,lost,,,,
91.482,lost,,,,
91.497,lost,,,,
91.511,lost,,,,
91.529,lost,,,,
91.540,lost,,,,
91.555,lost,,,,
91.568,lost,,,,
91.582,lost,,,,
91.596,lost,,,,
91.606,lost,,,,
91.617,lost,,,,
91.630,lost,,,,
91.639,lost,,,,
91.651,lost,,,,
91.665,lost,,,,
91.675,lost,,,,
91.686,lost,,,,
91.699,lost,,,,
91.711,lost,,,,
91.724,lost,,,,
91.737,lost,,,,
91.747,lost,,,,
91.758,lost,,,,
91.769,lost,,,,
91.783,lost,,,,
91.798,lost,,,,
91.806,lost,,,,
91.818,lost,,,,
91.831,lost,,,,
91.840,lost,,,,
91.852,lost,,,,
91.864,lost,,,,
91.876,lost,,,,
91.890,lost,,,,
91.902,lost,,,,
91.918,lost,,,,
91.932,lost,,,,
91.943,lost,,,,
91.956,lost,,,,
91.969,lost,,,,
91.982,lost,,,,
91.995,lost,,,,
92.005,lost,,,,
92.016,lost,,,,
92.028,lost,,,,
92.040,lost,,,,
92.054,lost,,,,
92.065,lost,,,,
92.078,lost,,,,
92.091,lost,,,,
92.102,lost,,,,
92.115,lost,,,,
92.128,lost,,,,
92.140,lost,,,,
92.155,lost,,,,
92.168,lost,,,,
92.182,lost,,,,
92.195,lost,,,,
92.205,lost,,,,
92.217,lost,,,,
92.227,lost,,,,
92.240,lost,,,,
92.252,lost,,,,
92.265,lost,,,,
92.278,lost,,,,
92.290,lost,,,,
92.300,lost,,,,
92.312,lost,,,,
92.323,lost,,,,
92.337,lost,,,,
92.353,lost,,,,
92.364,lost,,,,
92.377,lost,,,,
92.389,lost,,,,
92.400,lost,,,,
92.413,lost,,,,
92.425,lost,,,,
92.437,lost,,,,
92.451,lost,,,,
92.463,lost,,,,
92.473,lost,,,,
92.485,lost,,,,
92.496,lost,,,,
92.507,lost,,,,
92.519,lost,,,,
92.531,lost,,,,
92.544,lost,,,,
92.559,lost,,,,
92.569,lost,,,,
92.581,lost,,,,
92.590,lost,,,,
92.603,lost,,,,
92.615,lost,,,,
92.623,lost,,,,
92.634,lost,,,,
92.647,lost,,,,
92.658,lost,,,,
92.670,lost,,,,
92.680,lost,,,,
92.689,lost,,,,
92.701,lost,,,,
92.712,lost,,,,
92.721,lost,,,,
92.732,lost,,,,
92.743,lost,,,,
92.756,lost,,,,
92.768,lost,,,,
92.781,lost,,,,
92.792,lost,,,,
92.805,lost,,,,
92.817,lost,,,,
92.826,lost,,,,
92.837,lost,,,,
92.848,lost,,,,
92.859,lost,,,,
92.873,lost,,,,
92.885,lost,,,,
92.894,lost,,,,
92.907,lost,,,,
92.917,lost,,,,
92.929,lost,,,,
92.942,lost,,,,
92.954,lost,,,,
92.967,lost,,,,
92.980,lost,,,,
92.989,lost,,,,
93.000,lost,,,,
93.011,lost,,,,
93.021,lost,,,,
93.032,lost,,,,
93.043,lost,,,,
93.055,lost,,,,
93.068,lost,,,,
93.080,lost,,,,
93.092,lost,,,,
93.107,lost,,,,
93.119,lost,,,,
93.130,lost,,,,
93.141,lost,,,,
93.152,lost,,,,
93.165,lost,,,,
93.180,lost,,,,
93.189,lost,,,,
93.200,lost,,,,
93.212,lost,,,,
93.221,lost,,,,
93.232,lost,,,,
93.245,lost,,,,
93.253,lost,,,,
93.264,lost,,,,
93.276,lost,,,,
93.286,lost,,,,
93.295,lost,,,,
93.306,lost,,,,
93.317,lost,,,,
93.328,lost,,,,
93.340,lost,,,,
93.349,lost,,,,
93.361,lost,,,,
93.374,lost,,,,
93.385,lost,,,,
93.398,lost,,,,
93.414,lost,,,,
93.423,lost,,,,
93.434,lost,,,,
93.447,lost,,,,
93.460,lost,,,,
93.473,lost,,,,
93.485,lost,,,,
93.496,lost,,,,
93.507,lost,,,,
93.519,lost,,,,
93.530,lost,,,,
93.544,lost,,,,
93.553,lost,,,,
93.564,lost,,,,
93.576,lost,,,,
93.585,lost,,,,
93.595,lost,,,,
93.605,lost,,,,
93.617,lost,,,,
93.630,lost,,,,
93.645,lost,,,,
93.659,lost,,,,
93.672,lost,,,,
93.684,lost,,,,
93.696,lost,,,,
93.709,lost,,,,
93.718,lost,,,,
93.729,lost,,,,
93.740,lost,,,,
93.750,lost,,,,
93.761,lost,,,,
93.771,lost,,,,
93.784,lost,,,,
93.798,lost,,,,
93.811,lost,,,,
93.823,lost,,,,
93.836,lost,,,,
93.845,lost,,,,
93.855,lost,,,,
93.867,lost,,,,
93.876,lost,,,,
93.886,lost,,,,
93.900,lost,,,,
93.912,lost,,,,
93.922,lost,,,,
93.934,lost,,,,
93.946,lost,,,,
93.961,lost,,,,
93.972,lost,,,,
93.982,lost,,,,
93.993,lost,,,,
94.003,lost,,,,
94.013,lost,,,,
94.025,lost,,,,
94.036,lost,,,,
94.046,lost,,,,
94.057,lost,,,,
94.068,lost,,,,
94.080,lost,,,,
94.093,lost,,,,
94.105,lost,,,,
94.116,lost,,,,
94.127,lost,,,,
94.137,lost,,,,
94.151,lost,,,,
94.167,lost,,,,
94.176,lost,,,,
94.186,lost,,,,
94.199,lost,,,,
94.211,lost,,,,
94.224,lost,,,,
94.236,lost,,,,
94.246,lost,,,,
94.257,lost,,,,
94.269,lost,,,,
94.279,lost,,,,
94.289,lost,,,,
94.300,lost,,,,
94.309,lost,,,,
94.319,lost,,,,
94.332,lost,,,,
94.343,lost,,,,
94.352,lost,,,,
94.365,lost,,,,
94.377,lost,,,,
94.388,lost,,,,
94.403,lost,,,,
94.415,lost,,,,
94.426,lost,,,,
94.436,lost,,,,
94.447,lost,,,,
94.460,lost,,,,
94.472,lost,,,,
94.483,lost,,,,
94.497,lost,,,,
94.506,lost,,,,
94.517,lost,,,,
94.529,lost,,,,
94.541,lost,,,,
94.555,lost,,,,
94.566,lost,,,,
94.574,lost,,,,
94.586,lost,,,,
94.598,lost,,,,
94.610,lost,,,,
94.625,lost,,,,
94.636,lost,,,,
94.649,lost,,,,
94.665,lost,,,,
94.677,lost,,,,
94.689,lost,,,,
94.701,lost,,,,
94.712,lost,,,,
94.724,lost,,,,
94.734,lost,,,,
94.744,lost,,,,
94.755,lost,,,,
94.764,lost,,,,
94.774,lost,,,,
94.786,lost,,,,
94.798,lost,,,,
94.807,lost,,,,
94.819,lost,,,,
94.830,lost,,,,
94.840,lost,,,,
94.850,lost,,,,
94.862,lost,,,,
94.872,lost,,,,
94.884,lost,,,,
94.896,lost,,,,
94.907,lost,,,,
94.919,lost,,,,
94.930,lost,,,,
94.942,lost,,,,
94.955,lost,,,,
94.967,lost,,,,
94.979,lost,,,,
94.992,lost,,,,
95.002,lost,,,,
95.012,lost,,,,
95.025,lost,,,,
95.035,lost,,,,
95.048,lost,,,,
95.062,lost,,,,
95.070,lost,,,,
95.080,lost,,,,
95.092,lost,,,,
95.102,lost,,,,
95.112,lost,,,,
95.123,lost,,,,
95.135,lost,,,,
95.145,lost,,,,
95.157,lost,,,,
95.168,lost,,,,
95.180,lost,,,,
95.194,lost,,,,
95.203,lost,,,,
95.214,lost,,,,
95.225,lost,,,,
95.234,lost,,,,
95.246,lost,,,,
95.260,lost,,,,
95.271,lost,,,,
95.284,lost,,,,
95.297,lost,,,,
95.306,lost,,,,
95.316,lost,,,,
95.329,lost,,,,
95.340,lost,,,,
95.354,lost,,,,
95.367,lost,,,,
95.379,lost,,,,
95.392,lost,,,,
95.404,lost,,,,
95.416,lost,,,,
95.428,lost,,,,
95.437,lost,,,,
95.447,lost,,,,
95.458,lost,,,,
95.468,lost,,,,
95.479,lost,,,,
95.492,lost,,,,
95.504,lost,,,,
95.514,lost,,,,
95.527,lost,,,,
95.537,lost,,,,
95.548,lost,,,,
95.562,lost,,,,
95.573,lost,,,,
95.584,lost,,,,
95.598,lost,,,,
95.608,lost,,,,
95.618,lost,,,,
95.630,lost,,,,
95.643,lost,,,,
95.659,lost,,,,
95.671,lost,,,,
95.683,lost,,,,
95.697,lost,,,,
95.707,lost,,,,
95.718,lost,,,,
95.729,lost,,,,
95.742,lost,,,,
95.756,lost,,,,
95.767,lost,,,,
95.779,lost,,,,
95.793,lost,,,,
95.802,lost,,,,
95.814,lost,,,,
95.824,lost,,,,
95.834,lost,,,,
95.845,lost,,,,
95.856,lost,,,,
95.866,lost,,,,
95.877,lost,,,,
95.889,lost,,,,
95.900,lost,,,,
95.915,lost,,,,
95.927,lost,,,,
95.938,lost,,,,
95.950,lost,,,,
95.959,lost,,,,
95.968,lost,,,,
95.980,lost,,,,
95.989,lost,,,,
95.999,lost,,,,
96.010,lost,,,,
96.021,lost,,,,
96.031,lost,,,,
96.041,lost,,,,
96.053,lost,,,,
96.063,lost,,,,
96.075,lost,,,,
96.086,lost,,,,
96.097,lost,,,,
96.110,lost,,,,
96.122,lost,,,,
96.132,lost,,,,
96.144,lost,,,,
96.153,lost,,,,
96.163,lost,,,,
96.173,lost,,,,
96.185,lost,,,,
96.194,lost,,,,
96.203,lost,,,,
96.215,lost,,,,
96.225,lost,,,,
96.235,lost,,,,
96.248,lost,,,,
96.258,lost,,,,
96.269,lost,,,,
96.281,lost,,,,
96.290,lost,,,,
96.301,lost,,,,
96.313,lost,,,,
96.322,lost,,,,
96.333,lost,,,,
96.346,lost,,,,
96.356,lost,,,,
96.367,lost,,,,
96.381,lost,,,,
96.392,lost,,,,
96.406,lost,,,,
96.419,lost,,,,
96.428,lost,,,,
96.440,lost,,,,
96.450,lost,,,,
96.460,lost,,,,
96.473,lost,,,,
96.485,lost,,,,
96.496,lost,,,,
96.509,lost,,,,
96.518,lost,,,,
96.527,lost,,,,
96.538,lost,,,,
96.547,lost,,,,
96.556,lost,,,,
96.566,lost,,,,
96.577,lost,,,,
96.587,lost,,,,
96.599,lost,,,,
96.613,lost,,,,
96.624,lost,,,,
96.636,lost,,,,
96.649,lost,,,,
96.662,lost,,,,
96.675,lost,,,,
96.685,lost,,,,
96.694,lost,,,,
96.707,lost,,,,
96.718,lost,,,,
96.729,lost,,,,
96.742,lost,,,,
96.752,lost,,,,
96.764,lost,,,,
96.777,lost,,,,
96.785,lost,,,,
96.794,lost,,,,
96.803,lost,,,,
96.814,lost,,,,
96.823,lost,,,,
96.833,lost,,,,
96.845,lost,,,,
96.855,lost,,,,
96.867,lost,,,,
96.880,lost,,,,
96.889,lost,,,,
96.900,lost,,,,
96.914,lost,,,,
96.926,lost,,,,
96.939,lost,,,,
96.949,lost,,,,
96.957,lost,,,,
96.966,lost,,,,
96.978,lost,,,,
96.986,lost,,,,
96.997,lost,,,,
97.009,lost,,,,
97.018,lost,,,,
97.030,lost,,,,
97.044,lost,,,,
97.053,lost,,,,
97.062,lost,,,,
97.072,lost,,,,
97.082,lost,,,,
97.091,lost,,,,
97.100,lost,,,,
97.112,lost,,,,
97.121,lost,,,,
97.130,lost,,,,
97.141,lost,,,,
97.152,lost,,,,
97.166,lost,,,,
97.180,lost,,,,
97.188,lost,,,,
97.198,lost,,,,
97.210,lost,,,,
97.220,lost,,,,
97.231,lost,,,,
97.245,lost,,,,
97.254,lost,,,,
97.264,lost,,,,
97.275,lost,,,,
97.284,lost,,,,
97.293,lost,,,,
97.302,lost,,,,
97.312,lost,,,,
97.321,lost,,,,
97.330,lost,,,,
97.342,lost,,,,
97.351,lost,,,,
97.360,lost,,,,
97.369,lost,,,,
97.380,lost,,,,
97.391,lost,,,,
97.404,lost,,,,
97.419,lost,,,,
97.430,lost,,,,
97.443,lost,,,,
97.453,lost,,,,
97.465,lost,,,,
97.479,lost,,,,
97.488,lost,,,,
97.497,lost,,,,
97.509,lost,,,,
97.518,lost,,,,
97.526,lost,,,,
97.535,lost,,,,
97.548,lost,,,,
97.561,lost,,,,
97.574,lost,,,,
97.586,lost,,,,
97.597,lost,,,,
97.610,lost,,,,
97.622,lost,,,,
97.632,lost,,,,
97.643,lost,,,,
97.653,lost,,,,
97.665,lost,,,,
97.678,lost,,,,
97.686,lost,,,,
97.696,lost,,,,
97.707,lost,,,,
97.717,lost,,,,
97.727,lost,,,,
97.736,lost,,,,
97.747,lost,,,,
97.760,lost,,,,
97.771,lost,,,,
97.784,lost,,,,
97.794,lost,,,,
97.803,lost,,,,
97.815,lost,,,,
97.830,lost,,,,
97.841,lost,,,,
97.853,lost,,,,
97.865,lost,,,,
97.880,lost,,,,
97.890,lost,,,,
97.900,lost,,,,
97.912,lost,,,,
97.922,lost,,,,
97.932,lost,,,,
97.944,lost,,,,
97.953,lost,,,,
97.964,lost,,,,
97.975,lost,,,,
97.986,lost,,,,
98.000,lost,,,,
98.011,lost,,,,
98.023,lost,,,,
98.036,lost,,,,
98.046,lost,,,,
98.057,lost,,,,
98.069,lost,,,,
98.078,lost,,,,
98.087,lost,,,,
98.099,lost,,,,
98.109,lost,,,,
98.120,lost,,,,
98.133,lost,,,,
98.145,lost,,,,
98.155,lost,,,,
98.167,lost,,,,
98.177,lost,,,,
98.187,lost,,,,
98.200,lost,,,,
98.210,lost,,,,
98.221,lost,,,,
98.234,lost,,,,
98.245,lost,,,,
98.256,lost,,,,
98.269,lost,,,,
98.279,lost,,,,
98.289,lost,,,,
98.301,lost,,,,
98.312,lost,,,,
98.325,lost,,,,
98.336,lost,,,,
98.345,lost,,,,
98.356,lost,,,,
98.367,lost,,,,
98.374,lost,,,,
98.384,lost,,,,
98.396,lost,,,,
98.405,lost,,,,
98.417,lost,,,,
98.429,lost,,,,
98.439,lost,,,,
98.451,lost,,,,
98.464,lost,,,,
98.474,lost,,,,
98.486,lost,,,,
98.499,lost,,,,
98.508,lost,,,,
98.518,lost,,,,
98.530,lost,,,,
98.541,lost,,,,
98.554,lost,,,,
98.567,lost,,,,
98.576,lost,,,,
98.586,lost,,,,
98.596,lost,,,,
98.605,lost,,,,
98.614,lost,,,,
98.624,lost,,,,
98.635,lost,,,,
98.644,lost,,,,
98.655,lost,,,,
98.667,lost,,,,
98.676,lost,,,,
98.686,lost,,,,
98.696,lost,,,,
98.704,lost,,,,
98.714,lost,,,,
98.724,lost,,,,
98.735,lost,,,,
98.745,lost,,,,
98.759,lost,,,,
98.768,lost,,,,
98.777,lost,,,,
98.788,lost,,,,
98.799,lost,,,,
98.809,lost,,,,
98.823,lost,,,,
98.834,lost,,,,
98.843,lost,,,,
98.854,lost,,,,
98.864,lost,,,,
98.873,lost,,,,
98.886,lost,,,,
98.898,lost,,,,
98.910,lost,,,,
98.925,lost,,,,
98.937,lost,,,,
98.947,lost,,,,
98.958,lost,,,,
98.972,lost,,,,
98.984,lost,,,,
99.001,lost,,,,
99.012,lost,,,,
99.023,lost,,,,
99.032,lost,,,,
99.040,lost,,,,
99.051,lost,,,,
99.063,lost,,,,
99.072,lost,,,,
99.082,lost,,,,
99.093,lost,,,,
99.102,lost,,,,
99.112,lost,,,,
99.123,lost,,,,
99.134,lost,,,,
99.144,lost,,,,
99.155,lost,,,,
99.167,lost,,,,
99.179,lost,,,,
99.192,lost,,,,
99.203,lost,,,,
99.215,lost,,,,
99.229,lost,,,,
99.239,lost,,,,
99.251,lost,,,,
99.264,lost,,,,
99.273,lost,,,,
99.283,lost,,,,
99.296,lost,,,,
99.305,lost,,,,
99.316,lost,,,,
99.329,lost,,,,
99.341,lost,,,,
99.353,lost,,,,
99.366,lost,,,,
99.377,lost,,,,
99.387,lost,,,,
99.398,lost,,,,
99.411,lost,,,,
99.425,lost,,,,
99.437,lost,,,,
99.450,lost,,,,
99.465,lost,,,,
99.478,lost,,,,
99.493,lost,,,,
99.505,lost,,,,
99.519,lost,,,,
99.531,lost,,,,
99.544,lost,,,,
99.557,lost,,,,
99.573,lost,,,,
99.585,lost,,,,
99.597,lost,,,,
99.607,lost,,,,
99.620,lost,,,,
99.635,lost,,,,
99.652,lost,,,,
99.666,lost,,,,
99.683,lost,,,,
99.695,lost,,,,
99.707,lost,,,,
99.720,lost,,,,
99.732,lost,,,,
99.747,lost,,,,
99.760,lost,,,,
99.772,lost,,,,
99.786,lost,,,,
99.798,lost,,,,
99.811,lost,,,,
99.824,lost,,,,
99.837,lost,,,,
99.851,lost,,,,
99.863,lost,,,,
99.876,lost,,,,
99.889,lost,,,,
99.905,lost,,,,
99.921,lost,,,,
99.934,lost,,,,
99.949,lost,,,,
99.960,lost,,,,
99.974,lost,,,,
99.987,lost,,,,
99.999,lost,,,,
100.015,lost,,,,
100.029,lost,,,,
100.045,lost,,,,
100.060,lost,,,,
100.076,lost,,,,
100.089,lost,,,,
100.102,lost,,,,
100.116,lost,,,,
100.128,lost,,,,
100.144,lost,,,,
100.156,lost,,,,
100.172,lost,,,,
100.184,lost,,,,
100.196,lost,,,,
100.211,lost,,,,
100.223,lost,,,,
100.237,lost,,,,
100.251,lost,,,,
100.267,lost,,,,
100.282,lost,,,,
100.295,lost,,,,
100.310,lost,,,,
100.322,lost,,,,
100.338,lost,,,,
100.352,lost,,,,
100.366,lost,,,,
100.382,lost,,,,
100.396,lost,,,,
100.414,lost,,,,
100.428,lost,,,,
100.445,lost,,,,
100.459,lost,,,,
100.477,lost,,,,
100.492,lost,,,,
100.508,lost,,,,
100.522,lost,,,,
100.538,lost,,,,
100.554,lost,,,,
100.568,lost,,,,
100.584,lost,,,,
100.600,lost,,,,
100.618,lost,,,,
100.633,lost,,,,
100.649,lost,,,,
100.664,lost,,,,
100.684,lost,,,,
100.698,lost,,,,
100.714,lost,,,,
100.729,lost,,,,
100.746,lost,,,,
100.762,lost,,,,
100.782,lost,,,,
100.797,lost,,,,
100.815,lost,,,,
100.830,lost,,,,
100.847,lost,,,,
100.864,lost,,,,
100.884,lost,,,,
100.900,lost,,,,
100.919,lost,,,,
100.935,lost,,,,
100.951,lost,,,,
100.966,lost,,,,
100.983,lost,,,,
100.997,lost,,,,
101.015,lost,,,,
101.029,lost,,,,
101.046,lost,,,,
101.063,lost,,,,
101.081,lost,,,,
101.097,lost,,,,
101.115,lost,,,,
101.129,lost,,,,
101.143,lost,,,,
101.157,lost,,,,
101.174,lost,,,,
101.189,lost,,,,
101.206,lost,,,,
101.224,lost,,,,
101.242,lost,,,,
101.255,lost,,,,
101.270,lost,,,,
101.285,lost,,,,
101.301,lost,,,,
101.317,lost,,,,
101.332,lost,,,,
101.350,lost,,,,
101.366,lost,,,,
101.383,lost,,,,
101.399,lost,,,,
101.416,lost,,,,
101.433,lost,,,,
101.450,lost,,,,
101.468,lost,,,,
101.481,lost,,,,
101.497,lost,,,,
101.510,lost,,,,
101.524,lost,,,,
101.539,lost,,,,
101.555,lost,,,,
101.570,lost,,,,
101.583,lost,,,,
101.599,lost,,,,
101.611,lost,,,,
101.627,lost,,,,
101.640,lost,,,,
101.656,lost,,,,
101.672,lost,,,,
101.685,lost,,,,
101.701,lost,,,,
101.713,lost,,,,
101.727,lost,,,,
101.739,lost,,,,
101.753,lost,,,,
101.768,lost,,,,
101.780,lost,,,,
101.794,lost,,,,
101.805,lost,,,,
101.818,lost,,,,
101.832,lost,,,,
101.845,lost,,,,
101.859,lost,,,,
101.872,lost,,,,
101.885,lost,,,,
101.901,lost,,,,
101.916,lost,,,,
101.933,lost,,,,
101.945,lost,,,,
101.959,lost,,,,
101.971,lost,,,,
101.984,lost,,,,
101.997,lost,,,,
102.009,lost,,,,
102.021,lost,,,,
102.034,lost,,,,
102.044,lost,,,,
102.058,lost,,,,
102.070,lost,,,,
102.083,lost,,,,
102.096,lost,,,,
102.107,lost,,,,
102.120,lost,,,,
102.132,lost,,,,
102.144,lost,,,,
102.158,lost,,,,
102.170,lost,,,,
102.181,lost,,,,
102.194,lost,,,,
102.205,lost,,,,
102.218,lost,,,,
102.231,lost,,,,
102.246,lost,,,,
102.262,lost,,,,
102.272,lost,,,,
102.284,lost,,,,
102.298,lost,,,,
102.311,lost,,,,
102.326,lost,,,,
102.335,lost,,,,
102.346,lost,,,,
102.358,lost,,,,
102.372,lost,,,,
102.384,lost,,,,
102.397,lost,,,,
102.408,lost,,,,
102.421,lost,,,,
102.432,lost,,,,
102.444,lost,,,,
102.458,lost,,,,
102.469,lost,,,,
102.480,lost,,,,
102.493,lost,,,,
102.502,lost,,,,
102.513,lost,,,,
102.525,lost,,,,
102.535,lost,,,,
102.549,lost,,,,
102.564,lost,,,,
102.573,lost,,,,
102.584,lost,,,,
102.598,lost,,,,
102.610,lost,,,,
102.622,lost,,,,
102.634,lost,,,,
102.644,lost,,,,
102.657,lost,,,,
102.669,lost,,,,
102.682,lost,,,,
102.696,lost,,,,
102.706,lost,,,,
102.717,lost,,,,
102.730,lost,,,,
102.740,lost,,,,
102.750,lost,,,,
102.761,lost,,,,
102.772,lost,,,,
102.784,lost,,,,
102.798,lost,,,,
102.807,lost,,,,
102.817,lost,,,,
102.830,lost,,,,
102.843,lost,,,,
102.855,lost,,,,
102.869,lost,,,,
102.879,lost,,,,
102.889,lost,,,,
102.900,lost,,,,
102.910,lost,,,,
102.924,lost,,,,
102.935,lost,,,,
102.946,lost,,,,
102.958,lost,,,,
102.969,lost,,,,
102.981,lost,,,,
102.995,lost,,,,
103.003,lost,,,,
103.015,lost,,,,
103.026,lost,,,,
103.035,lost,,,,
103.045,lost,,,,
103.055,lost,,,,
103.065,lost,,,,
103.079,lost,,,,
103.094,lost,,,,
103.106,lost,,,,
103.118,lost,,,,
103.128,lost,,,,
103.137,lost,,,,
103.150,lost,,,,
103.161,lost,,,,
103.172,lost,,,,
103.183,lost,,,,
103.193,lost,,,,
103.201,lost,,,,
103.213,lost,,,,
103.223,lost,,,,
103.233,lost,,,,
103.243,lost,,,,
103.253,lost,,,,
103.263,lost,,,,
103.271,lost,,,,
103.283,lost,,,,
103.293,lost,,,,
103.301,lost,,,,
103.313,lost,,,,
103.323,lost,,,,
103.334,lost,,,,
103.346,lost,,,,
103.355,lost,,,,
103.366,lost,,,,
103.375,lost,,,,
103.385,lost,,,,
103.395,lost,,,,
103.406,lost,,,,
103.419,lost,,,,
103.429,lost,,,,
103.438,lost,,,,
103.450,lost,,,,
103.465,lost,,,,
103.479,lost,,,,
103.492,lost,,,,
103.502,lost,,,,
103.514,lost,,,,
103.525,lost,,,,
103.535,lost,,,,
103.548,lost,,,,
103.559,lost,,,,
103.571,lost,,,,
103.586,lost,,,,
103.596,lost,,,,
103.606,lost,,,,
103.616,lost,,,,
103.625,lost,,,,
103.635,lost,,,,
103.646,lost,,,,
103.655,lost,,,,
103.667,lost,,,,
103.680,lost,,,,
103.690,lost,,,,
103.700,lost,,,,
103.713,lost,,,,
103.726,lost,,,,
103.740,lost,,,,
103.752,lost,,,,
103.762,lost,,,,
103.773,lost,,,,
103.783,lost,,,,
103.793,lost,,,,
103.803,lost,,,,
103.815,lost,,,,
103.824,lost,,,,
103.834,lost,,,,
103.848,lost,,,,
103.857,lost,,,,
103.868,lost,,,,
103.880,lost,,,,
103.889,lost,,,,
103.900,lost,,,,
103.911,lost,,,,
103.924,lost,,,,
103.938,lost,,,,
103.951,lost,,,,
103.961,lost,,,,
103.972,lost,,,,
103.981,lost,,,,
103.990,lost,,,,
104.002,lost,,,,
104.014,lost,,,,
104.022,lost,,,,
104.033,lost,,,,
104.045,lost,,,,
104.056,lost,,,,
104.068,lost,,,,
104.081,lost,,,,
104.091,lost,,,,
104.100,lost,,,,
104.113,lost,,,,
104.123,lost,,,,
104.133,lost,,,,
104.144,lost,,,,
104.152,lost,,,,
104.162,lost,,,,
104.174,lost,,,,
104.185,lost,,,,
104.196,lost,,,,
104.210,lost,,,,
104.219,lost,,,,
104.228,lost,,,,
104.240,lost,,,,
104.250,lost,,,,
104.262,lost,,,,
104.276,lost,,,,
104.287,lost,,,,
104.298,lost,,,,
104.310,lost,,,,
104.319,lost,,,,
104.329,lost,,,,
104.342,lost,,,,
104.352,lost,,,,
104.363,lost,,,,
104.374,lost,,,,
104.384,lost,,,,
104.398,lost,,,,
104.411,lost,,,,
104.421,lost,,,,
104.433,lost,,,,
104.444,lost,,,,
104.452,lost,,,,
104.463,lost,,,,
104.474,lost,,,,
104.484,lost,,,,
104.493,lost,,,,
104.502,lost,,,,
104.514,lost,,,,
104.525,lost,,,,
104.536,lost,,,,
104.546,lost,,,,
104.556,lost,,,,
104.567,lost,,,,
104.580,lost,,,,
104.589,lost,,,,
104.599,lost,,,,
104.610,lost,,,,
104.620,lost,,,,
104.631,lost,,,,
104.645,lost,,,,
104.654,lost,,,,
104.665,lost,,,,
104.678,lost,,,,
104.690,lost,,,,
104.701,lost,,,,
104.715,lost,,,,
104.726,lost,,,,
104.739,lost,,,,
104.751,lost,,,,
104.761,lost,,,,
104.771,lost,,,,
104.781,lost,,,,
104.793,lost,,,,
104.805,lost,,,,
104.821,lost,,,,
104.832,lost,,,,
104.846,lost,,,,
104.855,lost,,,,
104.866,lost,,,,
104.879,lost,,,,
104.887,lost,,,,
104.897,lost,,,,
104.910,lost,,,,
104.922,lost,,,,
104.933,lost,,,,
104.945,lost,,,,
104.956,lost,,,,
104.969,lost,,,,
104.983,lost,,,,
104.995,lost,,,,
105.007,lost,,,,
105.018,lost,,,,
105.027,lost,,,,
105.038,lost,,,,
105.047,lost,,,,
105.055,lost,,,,
105.066,lost,,,,
105.077,lost,,,,
105.087,lost,,,,
105.097,lost,,,,
105.107,lost,,,,
105.117,lost,,,,
105.127,lost,,,,
105.139,lost,,,,
105.148,lost,,,,
105.158,lost,,,,
105.171,lost,,,,
105.182,lost,,,,
105.192,lost,,,,
105.204,lost,,,,
105.213,lost,,,,
105.223,lost,,,,
105.234,lost,,,,
105.246,lost,,,,
105.259,lost,,,,
105.272,lost,,,,
105.282,lost,,,,
105.293,lost,,,,
105.304,lost,,,,
105.313,lost,,,,
105.321,lost,,,,
105.333,lost,,,,
105.343,lost,,,,
105.352,lost,,,,
105.363,lost,,,,
105.373,lost,,,,
105.383,lost,,,,
105.394,lost,,,,
105.405,lost,,,,
105.416,lost,,,,
105.429,lost,,,,
105.440,lost,,,,
105.451,lost,,,,
105.465,lost,,,,
105.475,lost,,,,
105.484,lost,,,,
105.498,lost,,,,
105.508,lost,,,,
105.518,lost,,,,
105.530,lost,,,,
105.539,lost,,,,
105.551,lost,,,,
105.565,lost,,,,
105.575,lost,,,,
105.584,lost,,,,
105.597,lost,,,,
105.609,lost,,,,
105.622,lost,,,,
105.635,lost,,,,
105.645,lost,,,,
105.656,lost,,,,
105.668,lost,,,,
105.682,lost,,,,
105.697,lost,,,,
105.710,lost,,,,
105.719,lost,,,,
105.732,lost,,,,
105.740,lost,,,,
105.750,lost,,,,
105.761,lost,,,,
105.771,lost,,,,
105.780,lost,,,,
105.791,lost,,,,
105.801,lost,,,,
105.814,lost,,,,
105.826,lost,,,,
105.840,lost,,,,
105.850,lost,,,,
105.865,lost,,,,
105.874,lost,,,,
105.885,lost,,,,
105.898,lost,,,,
105.908,lost,,,,
105.918,lost,,,,
105.931,lost,,,,
105.941,lost,,,,
105.952,lost,,,,
105.964,lost,,,,
105.974,lost,,,,
105.985,lost,,,,
105.997,lost,,,,
106.006,lost,,,,
106.017,lost,,,,
106.029,lost,,,,
106.040,lost,,,,
106.054,lost,,,,
106.068,lost,,,,
106.079,lost,,,,
106.094,lost,,,,
106.104,lost,,,,
106.116,lost,,,,
106.129,lost,,,,
106.138,lost,,,,
106.149,lost,,,,
106.160,lost,,,,
106.172,lost,,,,
106.186,lost,,,,
106.198,lost,,,,
106.210,lost,,,,
106.223,lost,,,,
106.235,lost,,,,
106.247,lost,,,,
106.261,lost,,,,
106.272,lost,,,,
106.286,lost,,,,
106.299,lost,,,,
106.309,lost,,,,
106.319,lost,,,,
106.330,lost,,,,
106.342,lost,,,,
106.356,lost,,,,
106.367,lost,,,,
106.380,lost,,,,
106.394,lost,,,,
106.406,lost,,,,
106.419,lost,,,,
106.434,lost,,,,
106.445,lost,,,,
106.457,lost,,,,
106.467,lost,,,,
106.479,lost,,,,
106.492,lost,,,,
106.504,lost,,,,
106.517,lost,,,,
106.530,lost,,,,
106.541,lost,,,,
106.554,lost,,,,
106.568,lost,,,,
106.578,lost,,,,
106.590,lost,,,,
106.601,lost,,,,
106.613,lost,,,,
106.627,lost,,,,
106.637,lost,,,,
106.648,lost,,,,
106.660,lost,,,,
106.670,lost,,,,
106.682,lost,,,,
106.692,lost,,,,
106.702,lost,,,,
106.713,lost,,,,
106.727,lost,,,,
106.735,lost,,,,
106.744,lost,,,,
106.752,lost,,,,
106.765,lost,,,,
106.775,lost,,,,
106.785,lost,,,,
106.795,lost,,,,
106.804,lost,,,,
106.814,lost,,,,
106.826,lost,,,,
106.836,lost,,,,
106.846,lost,,,,
106.855,lost,,,,
106.865,lost,,,,
106.873,lost,,,,
106.882,lost,,,,
106.894,lost,,,,
106.903,lost,,,,
106.913,lost,,,,
106.925,lost,,,,
106.935,lost,,,,
106.944,lost,,,,
106.953,lost,,,,
106.965,lost,,,,
106.973,lost,,,,
106.983,lost,,,,
106.997,lost,,,,
107.005,lost,,,,
107.014,lost,,,,
107.024,lost,,,,
107.034,lost,,,,
107.045,lost,,,,
107.055,lost,,,,
107.064,lost,,,,
107.072,lost,,,,
107.082,lost,,,,
107.095,lost,,,,
107.104,lost,,,,
107.115,lost,,,,
107.126,lost,,,,
107.135,lost,,,,
107.145,lost,,,,
107.156,lost,,,,
107.166,lost,,,,
107.177,lost,,,,
107.188,lost,,,,
107.197,lost,,,,
107.208,lost,,,,
107.220,lost,,,,
107.228,lost,,,,
107.236,lost,,,,
107.247,lost,,,,
107.257,lost,,,,
107.266,lost,,,,
107.278,lost,,,,
107.289,lost,,,,
107.297,lost,,,,
107.305,lost,,,,
107.316,lost,,,,
107.325,lost,,,,
107.333,lost,,,,
107.344,lost,,,,
107.355,lost,,,,
107.366,lost,,,,
107.381,lost,,,,
107.390,lost,,,,
107.400,lost,,,,
107.412,lost,,,,
107.422,lost,,,,
107.432,lost,,,,
107.444,lost,,,,
107.454,lost,,,,
107.464,lost,,,,
107.475,lost,,,,
107.486,lost,,,,
107.495,lost,,,,
107.506,lost,,,,
107.517,lost,,,,
107.528,lost,,,,
107.539,lost,,,,
107.549,lost,,,,
107.559,lost,,,,
107.568,lost,,,,
107.580,lost,,,,
107.590,lost,,,,
107.600,lost,,,,
107.613,lost,,,,
107.622,lost,,,,
107.631,lost,,,,
107.643,lost,,,,
107.653,lost,,,,
107.666,lost,,,,
107.682,lost,,,,
107.691,lost,,,,
107.701,lost,,,,
107.714,lost,,,,
107.723,lost,,,,
107.733,lost,,,,
107.747,lost,,,,
107.756,lost,,,,
107.766,lost,,,,
107.777,lost,,,,
107.786,lost,,,,
107.796,lost,,,,
107.808,lost,,,,
107.818,lost,,,,
107.827,lost,,,,
107.837,lost,,,,
107.849,lost,,,,
107.858,lost,,,,
107.869,lost,,,,
107.880,lost,,,,
107.889,lost,,,,
107.900,lost,,,,
107.914,lost,,,,
107.923,lost,,,,
107.934,lost,,,,
107.946,lost,,,,
107.955,lost,,,,
107.965,lost,,,,
107.977,lost,,,,
107.985,lost,,,,
107.994,lost,,,,
108.005,lost,,,,
108.015,lost,,,,
108.024,lost,,,,
108.034,lost,,,,
108.045,lost,,,,
108.055,lost,,,,
108.068,lost,,,,
108.080,lost,,,,
108.089,lost,,,,
108.100,lost,,,,
108.112,lost,,,,
108.121,lost,,,,
108.133,lost,,,,
108.145,lost,,,,
108.154,lost,,,,
108.164,lost,,,,
108.175,lost,,,,
108.186,lost,,,,
108.196,lost,,,,
108.207,lost,,,,
108.217,lost,,,,
108.230,lost,,,,
108.243,lost,,,,
108.252,lost,,,,
108.260,lost,,,,
108.269,lost,,,,
108.279,lost,,,,
108.291,lost,,,,
108.300,lost,,,,
108.311,lost,,,,
108.320,lost,,,,
108.330,lost,,,,
108.342,lost,,,,
108.351,lost,,,,
108.362,lost,,,,
108.375,lost,,,,
108.385,lost,,,,
108.397,lost,,,,
108.408,lost,,,,
108.421,lost,,,,
108.433,lost,,,,
108.446,lost,,,,
108.454,lost,,,,
108.465,lost,,,,
108.478,lost,,,,
108.490,lost,,,,
108.504,lost,,,,
108.516,lost,,,,
108.524,lost,,,,
108.534,lost,,,,
108.548,lost,,,,
108.557,lost,,,,
108.567,lost,,,,
108.580,lost,,,,
108.590,lost,,,,
108.600,lost,,,,
108.613,lost,,,,
108.622,lost,,,,
108.633,lost,,,,
108.645,lost,,,,
108.655,lost,,,,
108.665,lost,,,,
108.678,lost,,,,
108.689,lost,,,,
108.698,lost,,,,
108.711,lost,,,,
108.719,lost,,,,
108.729,lost,,,,
108.740,lost,,,,
108.750,lost,,,,
108.761,lost,,,,
108.773,lost,,,,
108.784,lost,,,,
108.794,lost,,,,
108.804,lost,,,,
108.814,lost,,,,
108.823,lost,,,,
108.833,lost,,,,
108.845,lost,,,,
108.854,lost,,,,
108.864,lost,,,,
108.875,lost,,,,
108.884,lost,,,,
108.893,lost,,,,
108.901,lost,,,,
108.913,lost,,,,
108.925,lost,,,,
108.937,lost,,,,
108.948,lost,,,,
108.961,lost,,,,
108.974,lost,,,,
108.985,lost,,,,
108.999,lost,,,,
109.009,lost,,,,
109.018,lost,,,,
109.030,lost,,,,
109.039,lost,,,,
109.049,lost,,,,
109.060,lost,,,,
109.071,lost,,,,
109.081,lost,,,,
109.091,lost,,,,
109.102,lost,,,,
109.111,lost,,,,
109.121,lost,,,,
109.133,lost,,,,
109.143,lost,,,,
109.152,lost,,,,
109.165,lost,,,,
109.176,lost,,,,
109.185,lost,,,,
109.197,lost,,,,
109.207,lost,,,,
109.218,lost,,,,
109.231,lost,,,,
109.240,lost,,,,
109.249,lost,,,,
109.260,lost,,,,
109.270,lost,,,,
109.282,lost,,,,
109.294,lost,,,,
109.306,lost,,,,
109.318,lost,,,,
109.331,lost,,,,
109.341,lost,,,,
109.352,lost,,,,
109.365,lost,,,,
109.374,lost,,,,
109.383,lost,,,,
109.396,lost,,,,
109.406,lost,,,,
109.418,lost,,,,
109.433,lost,,,,
109.445,lost,,,,
109.460,lost,,,,
109.472,lost,,,,
109.482,lost,,,,
109.495,lost,,,,
109.504,lost,,,,
109.515,lost,,,,
109.528,lost,,,,
109.540,lost,,,,
109.554,lost,,,,
109.567,lost,,,,
109.577,lost,,,,
109.587,lost,,,,
109.599,lost,,,,
109.609,lost,,,,
109.621,lost,,,,
109.631,lost,,,,
109.641,lost,,,,
109.652,lost,,,,
109.664,lost,,,,
109.674,lost,,,,
109.686,lost,,,,
109.698,lost,,,,
109.706,lost,,,,
109.717,lost,,,,
109.729,lost,,,,
109.740,lost,,,,
109.752,lost,,,,
109.763,lost,,,,
109.773,lost,,,,
109.785,lost,,,,
109.796,lost,,,,
109.806,lost,,,,
109.817,lost,,,,
109.830,lost,,,,
109.841,lost,,,,
109.856,lost,,,,
109.867,lost,,,,
109.878,lost,,,,
109.888,lost,,,,
109.898,lost,,,,
109.907,lost,,,,
109.919,lost,,,,
109.930,lost,,,,
109.942,lost,,,,
109.956,lost,,,,
109.968,lost,,,,
109.982,lost,,,,
109.998,lost,,,,
110.007,lost,,,,
110.019,lost,,,,
110.031,lost,,,,
110.041,lost,,,,
110.052,lost,,,,
110.064,lost,,,,
110.075,lost,,,,
110.086,lost,,,,
110.096,lost,,,,
110.108,lost,,,,
110.119,lost,,,,
110.130,lost,,,,
110.140,lost,,,,
110.151,lost,,,,
110.162,lost,,,,
110.172,lost,,,,
110.184,lost,,,,
110.195,lost,,,,
110.203,lost,,,,
110.213,lost,,,,
110.222,lost,,,,
110.233,lost,,,,
110.243,lost,,,,
110.253,lost,,,,
110.265,lost,,,,
110.273,lost,,,,
110.283,lost,,,,
110.296,lost,,,,
110.306,lost,,,,
110.315,lost,,,,
110.328,lost,,,,
110.338,lost,,,,
110.348,lost,,,,
110.360,lost,,,,
110.369,lost,,,,
110.380,lost,,,,
110.393,lost,,,,
110.404,lost,,,,
110.417,lost,,,,
110.433,lost,,,,
110.443,lost,,,,
110.452,lost,,,,
110.465,lost,,,,
110.474,lost,,,,
110.482,lost,,,,
110.494,lost,,,,
110.503,lost,,,,
110.514,lost,,,,
110.526,lost,,,,
110.536,lost,,,,
110.546,lost,,,,
110.558,lost,,,,
110.568,lost,,,,
110.580,lost,,,,
110.594,lost,,,,
110.602,lost,,,,
110.611,lost,,,,
110.620,lost,,,,
110.632,lost,,,,
110.643,lost,,,,
110.651,lost,,,,
110.661,lost,,,,
110.670,lost,,,,
110.680,lost,,,,
110.689,lost,,,,
110.701,lost,,,,
110.713,lost,,,,
110.725,lost,,,,
110.734,lost,,,,
110.743,lost,,,,
110.752,lost,,,,
110.764,lost,,,,
110.772,lost,,,,
110.782,lost,,,,
110.794,lost,,,,
110.803,lost,,,,
110.813,lost,,,,
110.824,lost,,,,
110.833,lost,,,,
110.842,lost,,,,
110.852,lost,,,,
110.862,lost,,,,
110.871,lost,,,,
110.881,lost,,,,
110.892,lost,,,,
110.902,lost,,,,
110.913,lost,,,,
110.924,lost,,,,
110.936,lost,,,,
110.948,lost,,,,
110.962,lost,,,,
110.973,lost,,,,
110.985,lost,,,,
110.997,lost,,,,
111.005,lost,,,,
111.015,lost,,,,
111.026,lost,,,,
111.035,lost,,,,
111.046,lost,,,,
111.058,lost,,,,
111.071,lost,,,,
111.084,lost,,,,
111.097,lost,,,,
111.106,lost,,,,
111.116,lost,,,,
111.127,lost,,,,
111.136,lost,,,,
111.146,lost,,,,
111.159,lost,,,,
111.168,lost,,,,
111.182,lost,,,,
111.193,lost,,,,
111.201,lost,,,,
111.213,lost,,,,
111.223,lost,,,,
111.234,lost,,,,
111.245,lost,,,,
111.258,lost,,,,
111.266,lost,,,,
111.277,lost,,,,
111.288,lost,,,,
111.298,lost,,,,
111.308,lost,,,,
111.317,lost,,,,
111.327,lost,,,,
111.340,lost,,,,
111.352,lost,,,,
111.361,lost,,,,
111.370,lost,,,,
111.382,lost,,,,
111.392,lost,,,,
111.401,lost,,,,
111.413,lost,,,,
111.424,lost,,,,
111.434,lost,,,,
111.447,lost,,,,
111.457,lost,,,,
111.467,lost,,,,
111.479,lost,,,,
111.488,lost,,,,
111.500,lost,,,,
111.515,lost,,,,
111.527,lost,,,,
111.537,lost,,,,
111.550,lost,,,,
111.559,lost,,,,
111.569,lost,,,,
111.582,lost,,,,
111.592,lost,,,,
111.602,lost,,,,
111.615,lost,,,,
111.624,lost,,,,
111.633,lost,,,,
111.646,lost,,,,
111.655,lost,,,,
111.663,lost,,,,
111.672,lost,,,,
111.685,lost,,,,
111.696,lost,,,,
111.706,lost,,,,
111.716,lost,,,,
111.725,lost,,,,
111.735,lost,,,,
111.747,lost,,,,
111.756,lost,,,,
111.767,lost,,,,
111.779,lost,,,,
111.789,lost,,,,
111.802,lost,,,,
111.815,lost,,,,
111.824,lost,,,,
111.834,lost,,,,
111.846,lost,,,,
111.855,lost,,,,
111.864,lost,,,,
111.876,lost,,,,
111.885,lost,,,,
111.895,lost,,,,
111.906,lost,,,,
111.916,lost,,,,
111.925,lost,,,,
111.937,lost,,,,
111.948,lost,,,,
111.957,lost,,,,
111.967,lost,,,,
111.979,lost,,,,
111.990,lost,,,,
112.001,lost,,,,
112.014,lost,,,,
112.023,lost,,,,
112.032,lost,,,,
112.045,lost,,,,
112.054,lost,,,,
112.063,lost,,,,
112.074,lost,,,,
112.083,lost,,,,
112.090,lost,,,,
112.100,lost,,,,
112.112,lost,,,,
112.123,lost,,,,
112.136,lost,,,,
112.148,lost,,,,
112.159,lost,,,,
112.172,lost,,,,
112.186,lost,,,,
112.200,lost,,,,
112.213,lost,,,,
112.224,lost,,,,
112.236,lost,,,,
112.248,lost,,,,
112.259,lost,,,,
112.271,lost,,,,
112.282,lost,,,,
112.290,lost,,,,
112.300,lost,,,,
112.313,lost,,,,
112.321,lost,,,,
112.331,lost,,,,
112.343,lost,,,,
112.352,lost,,,,
112.363,lost,,,,
112.377,lost,,,,
112.389,lost,,,,
112.400,lost,,,,
112.415,lost,,,,
112.426,lost,,,,
112.438,lost,,,,
112.451,lost,,,,
112.461,lost,,,,
112.471,lost,,,,
112.481,lost,,,,
112.493,lost,,,,
112.503,lost,,,,
112.516,lost,,,,
112.523,lost,,,,
112.533,lost,,,,
112.545,lost,,,,
112.554,lost,,,,
112.566,lost,,,,
112.580,lost,,,,
112.590,lost,,,,
112.599,lost,,,,
112.611,lost,,,,
112.620,lost,,,,
112.629,lost,,,,
112.640,lost,,,,
112.649,lost,,,,
112.660,lost,,,,
112.671,lost,,,,
112.685,lost,,,,
112.696,lost,,,,
112.705,lost,,,,
112.715,lost,,,,
112.727,lost,,,,
112.739,lost,,,,
112.751,lost,,,,
112.762,lost,,,,
112.774,lost,,,,
112.786,lost,,,,
112.797,lost,,,,
112.811,lost,,,,
112.822,lost,,,,
112.833,lost,,,,
112.848,lost,,,,
112.860,lost,,,,
112.871,lost,,,,
112.882,lost,,,,
112.893,lost,,,,
112.907,lost,,,,
112.918,lost,,,,
112.931,lost,,,,
112.946,lost,,,,
112.956,lost,,,,
112.967,lost,,,,
112.977,lost,,,,
112.985,lost,,,,
112.996,lost,,,,
113.007,lost,,,,
113.014,lost,,,,
113.025,lost,,,,
113.035,lost,,,,
113.045,lost,,,,
113.054,lost,,,,
113.064,lost,,,,
113.075,lost,,,,
113.084,lost,,,,
113.094,lost,,,,
113.105,lost,,,,
113.116,lost,,,,
113.129,lost,,,,
113.143,lost,,,,
113.152,lost,,,,
113.164,lost,,,,
113.175,lost,,,,
113.185,lost,,,,
113.198,lost,,,,
113.207,lost,,,,
113.218,lost,,,,
113.232,lost,,,,
113.243,lost,,,,
113.252,lost,,,,
113.263,lost,,,,
113.273,lost,,,,
113.281,lost,,,,
113.290,lost,,,,
113.300,lost,,,,
113.309,lost,,,,
113.318,lost,,,,
113.330,lost,,,,
113.339,lost,,,,
113.348,lost,,,,
113.358,lost,,,,
113.368,lost,,,,
113.379,lost,,,,
113.391,lost,,,,
113.404,lost,,,,
113.413,lost,,,,
113.426,lost,,,,
113.437,lost,,,,
113.446,lost,,,,
113.457,lost,,,,
113.468,lost,,,,
113.476,lost,,,,
113.486,lost,,,,
113.498,lost,,,,
113.507,lost,,,,
113.516,lost,,,,
113.528,lost,,,,
113.536,lost,,,,
113.545,lost,,,,
113.556,lost,,,,
113.565,lost,,,,
113.574,lost,,,,
113.584,lost,,,,
113.596,lost,,,,
113.605,lost,,,,
113.616,lost,,,,
113.627,lost,,,,
113.636,lost,,,,
113.645,lost,,,,
113.655,lost,,,,
113.665,lost,,,,
113.677,lost,,,,
113.692,lost,,,,
113.703,lost,,,,
113.712,lost,,,,
113.724,lost,,,,
113.732,lost,,,,
113.740,lost,,,,
113.750,lost,,,,
113.762,lost,,,,
113.773,lost,,,,
113.786,lost,,,,
113.798,lost,,,,
113.810,lost,,,,
113.823,lost,,,,
113.836,lost,,,,
113.847,lost,,,,
113.862,lost,,,,
113.871,lost,,,,
113.880,lost,,,,
113.892,lost,,,,
113.901,lost,,,,
113.913,lost,,,,
113.927,lost,,,,
113.937,lost,,,,
113.948,lost,,,,
113.958,lost,,,,
113.968,lost,,,,
113.978,lost,,,,
113.991,lost,,,,
114.001,lost,,,,
114.013,lost,,,,
114.026,lost,,,,
114.038,lost,,,,
114.047,lost,,,,
114.059,lost,,,,
114.068,lost,,,,
114.078,lost,,,,
114.090,lost,,,,
114.099,lost,,,,
114.107,lost,,,,
114.117,lost,,,,
114.129,lost,,,,
114.138,lost,,,,
114.148,lost,,,,
114.160,lost,,,,
114.173,lost,,,,
114.184,lost,,,,
114.199,lost,,,,
114.207,lost,,,,
114.214,lost,,,,
114.223,lost,,,,
114.232,lost,,,,
114.245,lost,,,,
114.257,lost,,,,
114.272,lost,,,,
114.282,lost,,,,
114.295,lost,,,,
114.304,lost,,,,
114.314,lost,,,,
114.326,lost,,,,
114.335,lost,,,,
114.343,lost,,,,
114.354,lost,,,,
114.365,lost,,,,
114.374,lost,,,,
114.384,lost,,,,
114.396,lost,,,,
114.405,lost,,,,
114.414,lost,,,,
114.426,lost,,,,
114.436,lost,,,,
114.447,lost,,,,
114.459,lost,,,,
114.468,lost,,,,
114.478,lost,,,,
114.487,lost,,,,
114.498,lost,,,,
114.507,lost,,,,
114.516,lost,,,,
114.527,lost,,,,
114.535,lost,,,,
114.544,lost,,,,
114.553,lost,,,,
114.565,lost,,,,
114.575,lost,,,,
114.584,lost,,,,
114.595,lost,,,,
114.606,lost,,,,
114.617,lost,,,,
114.632,lost,,,,
114.640,lost,,,,
114.649,lost,,,,
114.661,lost,,,,
114.671,lost,,,,
114.681,lost,,,,
114.695,lost,,,,
114.704,lost,,,,
114.714,lost,,,,
114.725,lost,,,,
114.734,lost,,,,
114.743,lost,,,,
114.751,lost,,,,
114.762,lost,,,,
114.770,lost,,,,
114.780,lost,,,,
114.791,lost,,,,
114.800,lost,,,,
114.809,lost,,,,
114.818,lost,,,,
114.830,lost,,,,
114.842,lost,,,,
114.853,lost,,,,
114.867,lost,,,,
114.875,lost,,,,
114.883,lost,,,,
114.895,lost,,,,
114.904,lost,,,,
114.914,lost,,,,
114.927,lost,,,,
114.937,lost,,,,
114.948,lost,,,,
114.961,lost,,,,
114.969,lost,,,,
114.979,lost,,,,
114.988,lost,,,,
114.998,lost,,,,
115.007,lost,,,,
115.016,lost,,,,
115.028,lost,,,,
115.037,lost,,,,
115.047,lost,,,,
115.060,lost,,,,
115.070,lost,,,,
115.080,lost,,,,
115.091,lost,,,,
115.100,lost,,,,
115.109,lost,,,,
115.117,lost,,,,
115.130,lost,,,,
115.140,lost,,,,
115.150,lost,,,,
115.162,lost,,,,
115.172,lost,,,,
115.183,lost,,,,
115.198,lost,,,,
115.208,lost,,,,
115.217,lost,,,,
115.230,lost,,,,
115.239,lost,,,,
115.249,lost,,,,
115.261,lost,,,,
115.270,lost,,,,
115.280,lost,,,,
115.291,lost,,,,
115.300,lost,,,,
115.309,lost,,,,
115.318,lost,,,,
115.329,lost,,,,
115.339,lost,,,,
115.348,lost,,,,
115.360,lost,,,,
115.369,lost,,,,
115.377,lost,,,,
115.386,lost,,,,
115.397,lost,,,,
115.407,lost,,,,
115.417,lost,,,,
115.428,lost,,,,
115.437,lost,,,,
115.448,lost,,,,
115.461,lost,,,,
115.469,lost,,,,
115.479,lost,,,,
115.490,lost,,,,
115.499,lost,,,,
115.507,lost,,,,
115.517,lost,,,,
115.528,lost,,,,
115.537,lost,,,,
115.547,lost,,,,
115.558,lost,,,,
115.567,lost,,,,
115.577,lost,,,,
115.588,lost,,,,
115.597,lost,,,,
115.607,lost,,,,
115.617,lost,,,,
115.629,lost,,,,
115.638,lost,,,,
115.647,lost,,,,
115.658,lost,,,,
115.667,lost,,,,
115.677,lost,,,,
115.687,lost,,,,
115.698,lost,,,,
115.708,lost,,,,
115.717,lost,,,,
115.728,lost,,,,
115.739,lost,,,,
115.753,lost,,,,
115.763,lost,,,,
115.775,lost,,,,
115.787,lost,,,,
115.796,lost,,,,
115.804,lost,,,,
115.816,lost,,,,
115.825,lost,,,,
115.835,lost,,,,
115.847,lost,,,,
115.857,lost,,,,
115.866,lost,,,,
115.879,lost,,,,
115.888,lost,,,,
115.898,lost,,,,
115.908,lost,,,,
115.919,lost,,,,
115.928,lost,,,,
115.938,lost,,,,
115.951,lost,,,,
115.962,lost,,,,
115.971,lost,,,,
115.982,lost,,,,
115.993,lost,,,,
116.005,lost,,,,
116.021,lost,,,,
116.030,lost,,,,
116.039,lost,,,,
116.050,lost,,,,
116.060,lost,,,,
116.070,lost,,,,
116.083,lost,,,,
116.093,lost,,,,
116.101,lost,,,,
116.113,lost,,,,
116.122,lost,,,,
116.131,lost,,,,
116.142,lost,,,,
116.152,lost,,,,
116.162,lost,,,,
116.171,lost,,,,
116.182,lost,,,,
116.193,lost,,,,
116.204,lost,,,,
116.216,lost,,,,
116.225,lost,,,,
116.235,lost,,,,
116.247,lost,,,,
116.257,lost,,,,
116.266,lost,,,,
116.279,lost,,,,
116.288,lost,,,,
116.300,lost,,,,
116.315,lost,,,,
116.326,lost,,,,
116.339,lost,,,,
116.350,lost,,,,
116.359,lost,,,,
116.368,lost,,,,
116.380,lost,,,,
116.392,lost,,,,
116.404,lost,,,,
116.420,lost,,,,
116.429,lost,,,,
116.443,lost,,,,
116.457,lost,,,,
116.467,lost,,,,
116.480,lost,,,,
116.488,lost,,,,
116.500,lost,,,,
116.515,lost,,,,
116.523,lost,,,,
116.532,lost,,,,
116.544,lost,,,,
116.553,lost,,,,
116.562,lost,,,,
116.571,lost,,,,
116.584,lost,,,,
116.593,lost,,,,
116.602,lost,,,,
116.613,lost,,,,
116.625,lost,,,,
116.636,lost,,,,
116.649,lost,,,,
116.658,lost,,,,
116.667,lost,,,,
116.681,lost,,,,
116.693,lost,,,,
116.705,lost,,,,
116.718,lost,,,,
116.727,lost,,,,
116.737,lost,,,,
116.747,lost,,,,
116.759,lost,,,,
116.770,lost,,,,
116.784,lost,,,,
116.793,lost,,,,
116.802,lost,,,,
116.815,lost,,,,
116.827,lost,,,,
116.839,lost,,,,
116.851,lost,,,,
116.861,lost,,,,
116.870,lost,,,,
116.884,lost,,,,
116.894,lost,,,,
116.903,lost,,,,
116.916,lost,,,,
116.925,lost,,,,
116.935,lost,,,,
116.949,lost,,,,
116.960,lost,,,,
116.970,lost,,,,
116.983,lost,,,,
116.992,lost,,,,
117.001,lost,,,,
117.013,lost,,,,
117.022,lost,,,,
117.031,lost,,,,
117.041,lost,,,,
117.051,lost,,,,
117.060,lost,,,,
117.071,lost,,,,
117.080,lost,,,,
117.090,lost,,,,
117.099,lost,,,,
117.111,lost,,,,
117.121,lost,,,,
117.130,lost,,,,
117.139,lost,,,,
117.150,lost,,,,
117.159,lost,,,,
117.167,lost,,,,
117.180,lost,,,,
117.188,lost,,,,
117.198,lost,,,,
117.208,lost,,,,
117.219,lost,,,,
117.227,lost,,,,
117.236,lost,,,,
117.248,lost,,,,
117.258,lost,,,,
117.267,lost,,,,
117.280,lost,,,,
117.288,lost,,,,
117.298,lost,,,,
117.308,lost,,,,
117.318,lost,,,,
117.328,lost,,,,
117.339,lost,,,,
117.350,lost,,,,
117.358,lost,,,,
117.368,lost,,,,
117.381,lost,,,,
117.390,lost,,,,
117.400,lost,,,,
117.413,lost,,,,
117.422,lost,,,,
117.430,lost,,,,
117.440,lost,,,,
117.451,lost,,,,
117.463,lost,,,,
117.478,lost,,,,
117.486,lost,,,,
117.496,lost,,,,
117.507,lost,,,,
117.518,lost,,,,
117.526,lost,,,,
117.537,lost,,,,
117.549,lost,,,,
117.558,lost,,,,
117.569,lost,,,,
117.580,lost,,,,
117.589,lost,,,,
117.599,lost,,,,
117.610,lost,,,,
117.618,lost,,,,
117.626,lost,,,,
117.636,lost,,,,
117.647,lost,,,,
117.655,lost,,,,
117.665,lost,,,,
117.676,lost,,,,
117.685,lost,,,,
117.696,lost,,,,
117.711,lost,,,,
117.722,lost,,,,
117.733,lost,,,,
117.744,lost,,,,
117.753,lost,,,,
117.763,lost,,,,
117.775,lost,,,,
117.785,lost,,,,
117.793,lost,,,,
117.803,lost,,,,
117.814,lost,,,,
117.823,lost,,,,
117.833,lost,,,,
117.846,lost,,,,
117.855,lost,,,,
117.867,lost,,,,
117.878,lost,,,,
117.887,lost,,,,
117.898,lost,,,,
117.910,lost,,,,
117.919,lost,,,,
117.929,lost,,,,
117.938,lost,,,,
117.951,lost,,,,
117.962,lost,,,,
117.975,lost,,,,
117.985,lost,,,,
117.995,lost,,,,
118.005,lost,,,,
118.015,lost,,,,
118.025,lost,,,,
118.036,lost,,,,
118.046,lost,,,,
118.055,lost,,,,
118.065,lost,,,,
118.077,lost,,,,
118.087,lost,,,,
118.097,lost,,,,
118.109,lost,,,,
118.118,lost,,,,
118.128,lost,,,,
118.140,lost,,,,
118.150,lost,,,,
118.158,lost,,,,
118.168,lost,,,,
118.179,lost,,,,
118.187,lost,,,,
118.198,lost,,,,
118.211,lost,,,,
118.221,lost,,,,
118.230,lost,,,,
118.243,lost,,,,
118.252,lost,,,,
118.263,lost,,,,
118.274,lost,,,,
118.283,lost,,,,
118.292,lost,,,,
118.300,lost,,,,
118.312,lost,,,,
118.321,lost,,,,
118.331,lost,,,,
118.343,lost,,,,
118.352,lost,,,,
118.362,lost,,,,
118.373,lost,,,,
118.383,lost,,,,
118.391,lost,,,,
118.400,lost,,,,
118.413,lost,,,,
118.423,lost,,,,
118.432,lost,,,,
118.445,lost,,,,
118.456,lost,,,,
118.467,lost,,,,
118.479,lost,,,,
118.490,lost,,,,
118.501,lost,,,,
118.515,lost,,,,
118.525,lost,,,,
118.536,lost,,,,
118.546,lost,,,,
118.555,lost,,,,
118.566,lost,,,,
118.578,lost,,,,
118.587,lost,,,,
118.597,lost,,,,
118.608,lost,,,,
118.618,lost,,,,
118.628,lost,,,,
118.641,lost,,,,
118.650,lost,,,,
118.662,lost,,,,
118.673,lost,,,,
118.684,lost,,,,
118.695,lost,,,,
118.707,lost,,,,
118.718,lost,,,,
118.729,lost,,,,
118.740,lost,,,,
118.749,lost,,,,
118.760,lost,,,,
118.771,lost,,,,
118.780,lost,,,,
118.790,lost,,,,
118.802,lost,,,,
118.811,lost,,,,
118.821,lost,,,,
118.832,lost,,,,
118.842,lost,,,,
118.851,lost,,,,
118.863,lost,,,,
118.873,lost,,,,
118.881,lost,,,,
118.891,lost,,,,
118.900,lost,,,,
118.909,lost,,,,
118.917,lost,,,,
118.929,lost,,,,
118.939,lost,,,,
118.949,lost,,,,
118.961,lost,,,,
118.973,lost,,,,
118.985,lost,,,,
118.999,lost,,,,
119.009,lost,,,,
119.018,lost,,,,
119.032,lost,,,,
119.042,lost,,,,
119.051,lost,,,,
119.063,lost,,,,
119.073,lost,,,,
119.083,lost,,,,
119.094,lost,,,,
119.105,lost,,,,
119.114,lost,,,,
119.124,lost,,,,
119.134,lost,,,,
119.144,lost,,,,
119.154,lost,,,,
119.166,lost,,,,
119.175,lost,,,,
119.185,lost,,,,
119.198,lost,,,,
119.210,lost,,,,
119.223,lost,,,,
119.237,lost,,,,
119.246,lost,,,,
119.257,lost,,,,
119.268,lost,,,,
119.277,lost,,,,
119.287,lost,,,,
119.298,lost,,,,
119.307,lost,,,,
119.317,lost,,,,
119.329,lost,,,,
119.338,lost,,,,
119.349,lost,,,,
119.362,lost,,,,
119.372,lost,,,,
119.382,lost,,,,
119.394,lost,,,,
119.403,lost,,,,
119.413,lost,,,,
119.423,lost,,,,
119.433,lost,,,,
119.441,lost,,,,
119.452,lost,,,,
119.462,lost,,,,
119.473,lost,,,,
119.485,lost,,,,
119.497,lost,,,,
119.506,lost,,,,
119.517,lost,,,,
119.529,lost,,,,
119.538,lost,,,,
119.549,lost,,,,
119.561,lost,,,,
119.569,lost,,,,
119.578,lost,,,,
119.590,lost,,,,
119.600,lost,,,,
119.609,lost,,,,
119.620,lost,,,,
119.631,lost,,,,
119.640,lost,,,,
119.650,lost,,,,
119.662,lost,,,,
119.671,lost,,,,
119.682,lost,,,,
119.695,lost,,,,
119.706,lost,,,,
119.718,lost,,,,
119.731,lost,,,,
119.741,lost,,,,
119.752,lost,,,,
119.764,lost,,,,
119.773,lost,,,,
119.782,lost,,,,
119.795,lost,,,,
119.805,lost,,,,
119.815,lost,,,,
119.828,lost,,,,
119.837,lost,,,,
119.848,lost,,,,
119.861,lost,,,,
119.871,lost,,,,
119.881,lost,,,,
119.893,lost,,,,
119.903,lost,,,,
119.913,lost,,,,
119.924,lost,,,,
119.933,lost,,,,
119.943,lost,,,,
119.953,lost,,,,
119.965,lost,,,,
119.975,lost,,,,
119.985,lost,,,,
119.997,lost,,,,
120.007,lost,,,,
120.016,lost,,,,
120.028,lost,,,,
120.037,lost,,,,
120.048,lost,,,,
120.061,lost,,,,
120.070,lost,,,,
120.080,lost,,,,
120.093,lost,,,,
120.101,lost,,,,
120.112,lost,,,,
120.124,lost,,,,
120.133,lost,,,,
120.143,lost,,,,
120.152,lost,,,,
120.165,lost,,,,
120.175,lost,,,,
120.184,lost,,,,
120.196,lost,,,,
120.206,lost,,,,
120.217,lost,,,,
120.230,lost,,,,
120.239,lost,,,,
120.250,lost,,,,
120.264,lost,,,,
120.275,lost,,,,
120.286,lost,,,,
120.300,lost,,,,
120.312,lost,,,,
120.323,lost,,,,
120.334,lost,,,,
120.347,lost,,,,
120.360,lost,,,,
120.370,lost,,,,
120.380,lost,,,,
120.392,lost,,,,
120.401,lost,,,,
120.411,lost,,,,
120.421,lost,,,,
120.432,lost,,,,
120.442,lost,,,,
120.453,lost,,,,
120.466,lost,,,,
120.477,lost,,,,
120.488,lost,,,,
120.498,lost,,,,
120.507,lost,,,,
120.518,lost,,,,
120.530,lost,,,,
120.538,lost,,,,
120.548,lost,,,,
120.559,lost,,,,
120.569,lost,,,,
120.579,lost,,,,
120.591,lost,,,,
120.602,lost,,,,
120.613,lost,,,,
120.625,lost,,,,
120.635,lost,,,,
120.646,lost,,,,
120.657,lost,,,,
120.666,lost,,,,
120.676,lost,,,,
120.685,lost,,,,
120.697,lost,,,,
120.706,lost,,,,
120.717,lost,,,,
120.731,lost,,,,
120.741,lost,,,,
120.752,lost,,,,
120.763,lost,,,,
120.773,lost,,,,
120.783,lost,,,,
120.795,lost,,,,
120.804,lost,,,,
120.814,lost,,,,
120.828,lost,,,,
120.838,lost,,,,
120.848,lost,,,,
120.861,lost,,,,
120.871,lost,,,,
120.881,lost,,,,
120.894,lost,,,,
120.903,lost,,,,
120.913,lost,,,,
120.924,lost,,,,
120.935,lost,,,,
120.945,lost,,,,
120.957,lost,,,,
120.968,lost,,,,
120.980,lost,,,,
120.991,lost,,,,
121.001,lost,,,,
121.013,lost,,,,
121.023,lost,,,,
121.034,lost,,,,
121.044,lost,,,,
121.054,lost,,,,
121.066,lost,,,,
121.078,lost,,,,
121.091,lost,,,,
121.102,lost,,,,
121.113,lost,,,,
121.125,lost,,,,
121.135,lost,,,,
121.145,lost,,,,
121.155,lost,,,,
121.165,lost,,,,
121.174,lost,,,,
121.184,lost,,,,
121.197,lost,,,,
121.206,lost,,,,
121.217,lost,,,,
121.230,lost,,,,
121.240,lost,,,,
121.249,lost,,,,
121.262,lost,,,,
121.272,lost,,,,
121.281,lost,,,,
121.292,lost,,,,
121.301,lost,,,,
121.312,lost,,,,
121.320,lost,,,,
121.332,lost,,,,
121.343,lost,,,,
121.354,lost,,,,
121.364,lost,,,,
121.374,lost,,,,
121.383,lost,,,,
121.396,lost,,,,
121.406,lost,,,,
121.416,lost,,,,
121.429,lost,,,,
121.439,lost,,,,
121.449,lost,,,,
121.462,lost,,,,
121.473,lost,,,,
121.486,lost,,,,
121.498,lost,,,,
121.508,lost,,,,
121.518,lost,,,,
121.530,lost,,,,
121.540,lost,,,,
121.549,lost,,,,
121.561,lost,,,,
121.571,lost,,,,
121.582,lost,,,,
121.595,lost,,,,
121.605,lost,,,,
121.616,lost,,,,
121.627,lost,,,,
121.636,lost,,,,
121.647,lost,,,,
121.659,lost,,,,
121.669,lost,,,,
121.680,lost,,,,
121.691,lost,,,,
121.701,lost,,,,
121.714,lost,,,,
121.726,lost,,,,
121.737,lost,,,,
121.748,lost,,,,
121.759,lost,,,,
121.769,lost,,,,
121.781,lost,,,,
121.791,lost,,,,
121.802,lost,,,,
121.816,lost,,,,
121.829,lost,,,,
121.840,lost,,,,
121.852,lost,,,,
121.864,lost,,,,
121.877,lost,,,,
121.889,lost,,,,
121.898,lost,,,,
121.908,lost,,,,
121.919,lost,,,,
121.929,lost,,,,
121.941,lost,,,,
121.952,lost,,,,
121.961,lost,,,,
121.972,lost,,,,
121.986,lost,,,,
121.996,lost,,,,
122.008,lost,,,,
122.019,lost,,,,
122.029,lost,,,,
122.043,lost,,,,
122.053,lost,,,,
122.067,lost,,,,
122.082,lost,,,,
122.092,lost,,,,
122.103,lost,,,,
122.116,lost,,,,
122.126,lost,,,,
122.136,lost,,,,
122.148,lost,,,,
122.158,lost,,,,
122.170,lost,,,,
122.182,lost,,,,
122.192,lost,,,,
122.203,lost,,,,
122.215,lost,,,,
122.226,lost,,,,
122.238,lost,,,,
122.249,lost,,,,
122.260,lost,,,,
122.274,lost,,,,
122.286,lost,,,,
122.296,lost,,,,
122.307,lost,,,,
122.317,lost,,,,
122.326,lost,,,,
122.337,lost,,,,
122.348,lost,,,,
122.360,lost,,,,
122.374,lost,,,,
122.385,lost,,,,
122.398,lost,,,,
122.412,lost,,,,
122.422,lost,,,,
122.433,lost,,,,
122.445,lost,,,,
122.455,lost,,,,
122.467,lost,,,,
122.479,lost,,,,
122.491,lost,,,,
122.501,lost,,,,
122.513,lost,,,,
122.526,lost,,,,
122.539,lost,,,,
122.551,lost,,,,
122.562,lost,,,,
122.574,lost,,,,
122.585,lost,,,,
122.595,lost,,,,
122.607,lost,,,,
122.617,lost,,,,
122.627,lost,,,,
122.638,lost,,,,
122.648,lost,,,,
122.660,lost,,,,
122.673,lost,,,,
122.686,lost,,,,
122.699,lost,,,,
122.713,lost,,,,
122.727,lost,,,,
122.742,lost,,,,
122.754,lost,,,,
122.766,lost,,,,
122.781,lost,,,,
122.790,lost,,,,
122.801,lost,,,,
122.813,lost,,,,
122.826,lost,,,,
122.840,lost,,,,
122.853,lost,,,,
122.865,lost,,,,
122.880,lost,,,,
122.893,lost,,,,
122.906,lost,,,,
122.918,lost,,,,
122.929,lost,,,,
122.940,lost,,,,
122.950,lost,,,,
122.961,lost,,,,
122.971,lost,,,,
122.983,lost,,,,
122.997,lost,,,,
123.010,lost,,,,
123.023,lost,,,,
123.033,lost,,,,
123.046,lost,,,,
123.057,lost,,,,
123.067,lost,,,,
123.080,lost,,,,
123.094,lost,,,,
123.107,lost,,,,
123.121,lost,,,,
123.131,lost,,,,
123.143,lost,,,,
123.155,lost,,,,
123.168,lost,,,,
123.182,lost,,,,
123.192,lost,,,,
123.203,lost,,,,
123.218,lost,,,,
123.231,lost,,,,
123.245,lost,,,,
123.255,lost,,,,
123.266,lost,,,,
123.277,lost,,,,
123.290,lost,,,,
123.304,lost,,,,
123.319,lost,,,,
123.332,lost,,,,
123.348,lost,,,,
123.358,lost,,,,
123.370,lost,,,,
123.382,lost,,,,
123.397,lost,,,,
123.410,lost,,,,
123.420,lost,,,,
123.433,lost,,,,
123.446,lost,,,,
123.461,lost,,,,
123.477,lost,,,,
123.490,lost,,,,
123.501,lost,,,,
123.513,lost,,,,
123.528,lost,,,,
123.542,lost,,,,
123.555,lost,,,,
123.570,lost,,,,
123.580,lost,,,,
123.592,lost,,,,
123.603,lost,,,,
123.615,lost,,,,
123.629,lost,,,,
123.643,lost,,,,
123.656,lost,,,,
123.668,lost,,,,
123.680,lost,,,,
123.694,lost,,,,
123.706,lost,,,,
123.719,lost,,,,
123.735,lost,,,,
123.749,lost,,,,
123.764,lost,,,,
123.774,lost,,,,
123.785,lost,,,,
123.797,lost,,,,
123.810,lost,,,,
123.823,lost,,,,
123.836,lost,,,,
123.847,lost,,,,
123.859,lost,,,,
123.871,lost,,,,
123.881,lost,,,,
123.893,lost,,,,
123.903,lost,,,,
123.913,lost,,,,
123.924,lost,,,,
123.935,lost,,,,
123.945,lost,,,,
123.957,lost,,,,
123.968,lost,,,,
123.979,lost,,,,
123.993,lost,,,,
124.003,lost,,,,
124.016,lost,,,,
124.031,lost,,,,
124.044,lost,,,,
124.057,lost,,,,
124.071,lost,,,,
124.085,lost,,,,
124.100,lost,,,,
124.110,lost,,,,
124.121,lost,,,,
124.131,lost,,,,
124.144,lost,,,,
124.159,lost,,,,
124.171,lost,,,,
124.184,lost,,,,
124.199,lost,,,,
124.212,lost,,,,
124.228,lost,,,,
124.244,lost,,,,
124.258,lost,,,,
124.271,lost,,,,
124.284,lost,,,,
124.298,lost,,,,
124.308,lost,,,,
124.319,lost,,,,
124.330,target,0.129,0.232,2.808,1
124.345,target,0.129,0.232,2.808,1
124.361,target,0.129,0.232,2.808,1
124.374,target,0.129,0.232,2.808,1
124.390,target,0.129,0.232,2.808,1
124.405,target,0.129,0.232,2.808,1
124.418,target,0.129,0.232,2.808,1
124.432,target,0.129,0.232,2.808,1
124.446,target,0.129,0.232,2.808,1
124.462,target,0.129,0.232,2.808,1
124.476,target,0.129,0.232,2.808,1
124.493,target,0.129,0.232,2.808,1
124.505,target,-0.327,0.220,2.687,1
124.521,target,-0.327,0.220,2.687,1
124.536,target,-0.327,0.220,2.687,1
124.553,target,-0.327,0.220,2.687,1
124.567,target,-0.327,0.220,2.687,1
124.581,target,-0.327,0.220,2.687,1
124.595,target,0.053,0.240,2.708,1
124.608,target,0.053,0.240,2.708,1
124.626,target,0.053,0.240,2.708,1
124.640,target,-0.040,0.253,2.901,1
124.656,target,-0.040,0.253,2.901,1
124.670,target,-0.040,0.253,2.901,1
124.685,target,-0.040,0.253,2.901,1
124.699,target,-0.040,0.253,2.901,1
124.711,target,-0.040,0.253,2.901,1
124.727,target,-0.030,-0.133,2.768,1
124.742,target,-0.030,-0.133,2.768,1
124.761,target,-0.030,-0.133,2.768,1
124.777,target,-0.030,-0.133,2.768,1
124.794,target,-0.030,-0.133,2.768,1
124.806,target,-0.030,-0.133,2.768,1
124.819,target,-0.030,-0.133,2.768,1
124.834,target,-0.030,-0.133,2.768,1
124.846,target,-0.030,-0.133,2.768,1
124.860,target,-0.030,-0.133,2.768,1
124.873,target,-0.030,-0.133,2.768,1
124.885,target,-0.030,-0.133,2.768,1
124.899,target,-0.030,-0.133,2.768,1
124.911,target,-0.030,-0.133,2.768,1
124.925,target,-0.030,-0.133,2.768,1
124.938,target,-0.030,-0.133,2.768,1
124.951,target,-0.030,-0.133,2.768,1
124.965,target,-0.030,-0.133,2.768,1
124.977,target,-0.030,-0.133,2.768,1
124.993,target,-0.030,-0.133,2.768,1
125.005,target,-0.266,-0.029,2.696,1
125.020,target,-0.266,-0.029,2.696,1
125.035,target,-0.266,-0.029,2.696,1
125.049,target,-0.266,-0.029,2.696,1
125.064,target,0.228,-0.377,2.352,1
125.076,target,0.228,-0.377,2.352,1
125.090,target,0.228,-0.377,2.352,1
125.104,target,0.228,-0.377,2.352,1
125.118,target,0.228,-0.377,2.352,1
125.133,target,0.228,-0.377,2.352,1
125.147,target,0.228,-0.377,2.352,1
125.161,target,0.228,-0.377,2.352,1
125.174,target,0.228,-0.377,2.352,1
125.189,target,0.228,-0.377,2.352,1
125.204,target,-0.000,-0.315,2.286,1
125.217,target,-0.000,-0.315,2.286,1
125.233,target,-0.000,-0.315,2.286,1
125.249,target,-0.000,-0.315,2.286,1
125.263,target,-0.000,-0.315,2.286,1
125.276,target,-0.000,-0.315,2.286,1
125.289,target,-0.000,-0.315,2.286,1
125.303,target,-0.000,-0.315,2.286,1
125.318,target,-0.000,-0.315,2.286,1
125.334,target,0.495,0.280,2.295,1
125.348,target,0.495,0.280,2.295,1
125.363,target,0.495,0.280,2.295,1
125.375,target,0.495,0.280,2.295,1
125.387,target,0.495,0.280,2.295,1
125.401,target,0.039,0.319,2.236,1
125.413,target,0.039,0.319,2.236,1
125.428,target,0.039,0.319,2.236,1
125.441,target,0.039,0.319,2.236,1
125.455,target,0.039,0.319,2.236,1
125.470,target,0.039,0.319,2.236,1
125.485,target,0.039,0.319,2.236,1
125.502,target,0.039,0.319,2.236,1
125.515,target,0.039,0.319,2.236,1
125.529,target,0.039,0.319,2.236,1
125.540,target,0.343,-0.055,2.359,1
125.554,target,0.343,-0.055,2.359,1
125.570,target,-0.113,-0.085,2.113,1
125.584,target,-0.113,-0.085,2.113,1
125.601,target,-0.113,-0.085,2.113,1
125.615,target,-0.113,-0.085,2.113,1
125.630,target,-0.208,-0.119,2.188,1
125.645,target,-0.208,-0.119,2.188,1
125.661,target,-0.208,-0.119,2.188,1
125.673,target,-0.208,-0.119,2.188,1
125.687,target,-0.208,-0.119,2.188,1
125.702,target,-0.208,-0.119,2.188,1
125.716,target,-0.208,-0.119,2.188,1
125.730,target,-0.208,-0.119,2.188,1
125.743,target,-0.208,-0.119,2.188,1
125.758,target,-0.439,0.224,2.083,1
125.771,target,-0.439,0.224,2.083,1
125.786,target,-0.439,0.224,2.083,1
125.800,target,-0.439,0.224,2.083,1
125.813,target,-0.439,0.224,2.083,1
125.828,target,-0.439,0.224,2.083,1
125.840,target,-0.101,-0.224,1.981,1
125.854,target,-0.101,-0.224,1.981,1
125.869,target,-0.101,-0.224,1.981,1
125.886,target,-0.101,-0.224,1.981,1
125.904,target,-0.101,-0.224,1.981,1
125.918,target,-0.101,-0.224,1.981,1
125.932,target,-0.101,-0.224,1.981,1
125.948,target,-0.101,-0.224,1.981,1
125.964,target,-0.101,-0.224,1.981,1
125.978,target,-0.101,-0.224,1.981,1
125.993,target,-0.101,-0.224,1.981,1
126.009,target,-0.101,-0.224,1.981,1
126.024,target,-0.101,-0.224,1.981,1
126.040,target,-0.178,-0.274,1.981,1
126.056,target,-0.178,-0.274,1.981,1
126.072,target,-0.131,0.137,1.854,1
126.090,target,-0.131,0.137,1.854,1
126.105,target,-0.131,0.137,1.854,1
126.120,target,-0.131,0.137,1.854,1
126.136,target,-0.131,0.137,1.854,1
126.151,target,-0.131,0.137,1.854,1
126.167,target,-0.131,0.137,1.854,1
126.181,target,-0.131,0.137,1.854,1
126.196,target,-0.131,0.137,1.854,1
126.211,target,-0.131,0.137,1.854,1
126.225,target,-0.131,0.137,1.854,1
126.239,target,-0.323,0.156,1.781,1
126.254,target,-0.323,0.156,1.781,1
126.268,target,-0.323,0.156,1.781,1
126.281,target,-0.323,0.156,1.781,1
126.296,target,-0.323,0.156,1.781,1
126.313,target,-0.323,0.156,1.781,1
126.328,target,-0.164,0.215,1.798,1
126.341,target,-0.164,0.215,1.798,1
126.355,target,-0.164,0.215,1.798,1
126.369,target,-0.110,0.240,1.793,1
126.382,target,-0.110,0.240,1.793,1
126.398,target,-0.110,0.240,1.793,1
126.413,target,-0.110,0.240,1.793,1
126.426,target,-0.110,0.240,1.793,1
126.439,target,-0.110,0.240,1.793,1
126.454,target,-0.110,0.240,1.793,1
126.468,target,-0.110,0.240,1.793,1
126.481,target,-0.110,0.240,1.793,1
126.498,target,-0.110,0.240,1.793,1
126.514,target,-0.110,0.240,1.793,1
126.530,target,-0.110,0.240,1.793,1
126.543,target,-0.110,0.240,1.793,1
126.555,target,-0.110,0.240,1.793,1
126.569,target,-0.110,0.240,1.793,1
126.581,target,-0.110,0.240,1.793,1
126.594,target,-0.110,0.240,1.793,1
126.605,target,-0.110,0.240,1.793,1
126.617,target,-0.110,0.240,1.793,1
126.632,target,-0.110,0.240,1.793,1
126.645,target,-0.110,0.240,1.793,1
126.659,target,-0.110,0.240,1.793,1
126.672,target,-0.110,0.240,1.793,1
126.683,target,-0.110,0.240,1.793,1
126.699,target,-0.110,0.240,1.793,1
126.713,target,-0.110,0.240,1.793,1
126.729,target,0.392,0.341,1.714,1
126.743,target,0.392,0.341,1.714,1
126.760,target,0.392,0.341,1.714,1
126.771,target,0.392,0.341,1.714,1
126.784,target,0.392,0.341,1.714,1
126.798,target,0.392,0.341,1.714,1
126.811,target,0.392,0.341,1.714,1
126.830,target,0.392,0.341,1.714,1
126.842,target,0.392,0.341,1.714,1
126.856,target,0.392,0.341,1.714,1
126.868,target,0.392,0.341,1.714,1
126.882,target,0.392,0.341,1.714,1
126.895,target,0.392,0.341,1.714,1
126.907,target,0.392,0.341,1.714,1
126.922,target,0.392,0.341,1.714,1
126.936,target,0.392,0.341,1.714,1
126.953,target,0.392,0.341,1.714,1
126.968,target,0.392,0.341,1.714,1
126.982,target,0.392,0.341,1.714,1
126.998,target,0.392,0.341,1.714,1
127.015,target,0.392,0.341,1.714,1
127.030,target,-0.188,0.512,1.631,1
127.043,target,-0.188,0.512,1.631,1
127.057,target,-0.185,0.554,1.631,1
127.070,target,-0.185,0.554,1.631,1
127.085,target,-0.185,0.554,1.631,1
127.102,target,-0.185,0.554,1.631,1
127.115,target,-0.185,0.554,1.631,1
127.131,target,-0.185,0.554,1.631,1
127.144,target,-0.185,0.554,1.631,1
127.157,target,-0.185,0.554,1.631,1
127.170,target,-0.185,0.554,1.631,1
127.182,target,-0.185,0.554,1.631,1
127.195,target,-0.185,0.554,1.631,1
127.211,target,-0.185,0.554,1.631,1
127.226,target,-0.185,0.554,1.631,1
127.240,target,-0.185,0.554,1.631,1
127.254,target,-0.185,0.554,1.631,1
127.270,target,-0.185,0.554,1.631,1
127.286,target,-0.185,0.554,1.631,1
127.302,target,-0.185,0.554,1.631,1
127.318,target,-0.185,0.554,1.631,1
127.332,target,-0.185,0.554,1.631,1
127.350,target,-0.185,0.554,1.631,1
127.368,target,-0.185,0.554,1.631,1
127.385,target,-0.185,0.554,1.631,1
127.401,target,-0.185,0.554,1.631,1
127.416,target,-0.185,0.554,1.631,1
127.429,target,-0.185,0.554,1.631,1
127.447,target,-0.185,0.554,1.631,1
127.462,target,-0.185,0.554,1.631,1
127.479,target,-0.185,0.554,1.631,1
127.497,target,-0.185,0.554,1.631,1
127.514,target,-0.185,0.554,1.631,1
127.529,target,-0.185,0.554,1.631,1
127.545,target,-0.185,0.554,1.631,1
127.558,target,-0.185,0.554,1.631,1
127.573,lost,,,,
127.585,lost,,,,
127.599,lost,,,,
127.615,lost,,,,
127.626,lost,,,,
127.640,lost,,,,
127.652,lost,,,,
127.666,lost,,,,
127.682,lost,,,,
127.695,lost,,,,
127.711,lost,,,,
127.724,lost,,,,
127.739,lost,,,,
127.753,lost,,,,
127.768,lost,,,,
127.782,lost,,,,
127.794,lost,,,,
127.810,lost,,,,
127.823,lost,,,,
127.838,lost,,,,
127.854,lost,,,,
127.871,lost,,,,
127.887,lost,,,,
127.901,lost,,,,
127.917,lost,,,,
127.929,lost,,,,
127.943,lost,,,,
127.955,lost,,,,
127.967,lost,,,,
127.981,lost,,,,
127.996,lost,,,,
128.013,lost,,,,
128.027,lost,,,,
128.042,lost,,,,
128.055,lost,,,,
128.068,lost,,,,
128.082,lost,,,,
128.093,lost,,,,
128.104,lost,,,,
128.114,lost,,,,
128.125,lost,,,,
128.138,lost,,,,
128.149,lost,,,,
128.162,lost,,,,
128.176,lost,,,,
128.189,lost,,,,
128.201,lost,,,,
128.216,lost,,,,
128.229,lost,,,,
128.244,target,0.969,-0.188,1.560,1
128.262,target,0.969,-0.188,1.560,1
128.277,target,0.969,-0.188,1.560,1
128.289,target,0.969,-0.188,1.560,1
128.302,target,0.969,-0.188,1.560,1
128.317,target,0.969,-0.188,1.560,1
128.330,target,0.969,-0.188,1.560,1
128.345,target,0.969,-0.188,1.560,1
128.358,target,0.969,-0.188,1.560,1
128.372,target,0.969,-0.188,1.560,1
128.385,target,0.969,-0.188,1.560,1
128.396,target,0.969,-0.188,1.560,1
128.409,target,0.969,-0.188,1.560,1
128.418,target,0.969,-0.188,1.560,1
128.430,target,0.969,-0.188,1.560,1
128.441,target,0.969,-0.188,1.560,1
128.452,target,0.969,-0.188,1.560,1
128.463,target,0.969,-0.188,1.560,1
128.475,target,1.121,-0.073,1.459,1
128.487,target,1.121,-0.073,1.459,1
128.500,target,1.121,-0.073,1.459,1
128.513,target,1.121,-0.073,1.459,1
128.523,target,1.121,-0.073,1.459,1
128.533,target,1.121,-0.073,1.459,1
128.544,target,1.121,-0.073,1.459,1
128.554,target,1.121,-0.073,1.459,1
128.563,target,1.121,-0.073,1.459,1
128.572,target,1.121,-0.073,1.459,1
128.583,target,1.121,-0.073,1.459,1
128.594,target,1.121,-0.073,1.459,1
128.603,target,1.121,-0.073,1.459,1
128.616,target,1.121,-0.073,1.459,1
128.626,target,1.121,-0.073,1.459,1
128.635,target,1.121,-0.073,1.459,1
128.646,target,1.121,-0.073,1.459,1
128.655,target,1.121,-0.073,1.459,1
128.665,target,1.121,-0.073,1.459,1
128.674,target,1.121,-0.073,1.459,1
128.684,target,1.121,-0.073,1.459,1
128.693,target,1.121,-0.073,1.459,1
128.702,target,1.121,-0.073,1.459,1
128.714,target,1.121,-0.073,1.459,1
128.723,target,1.121,-0.073,1.459,1
128.732,target,1.121,-0.073,1.459,1
128.742,target,1.121,-0.073,1.459,1
128.754,target,1.121,-0.073,1.459,1
128.764,target,1.121,-0.073,1.459,1
128.774,target,1.121,-0.073,1.459,1
128.785,target,1.121,-0.073,1.459,1
128.794,target,1.121,-0.073,1.459,1
128.802,target,1.121,-0.073,1.459,1
128.814,target,1.121,-0.073,1.459,1
128.825,target,1.121,-0.073,1.459,1
128.833,target,1.121,-0.073,1.459,1
128.845,target,1.121,-0.073,1.459,1
128.855,target,1.121,-0.073,1.459,1
128.865,target,1.121,-0.073,1.459,1
128.876,target,1.121,-0.073,1.459,1
128.884,target,1.121,-0.073,1.459,1
128.894,target,1.121,-0.073,1.459,1
128.903,target,1.121,-0.073,1.459,1
128.915,target,1.121,-0.073,1.459,1
128.924,target,1.121,-0.073,1.459,1
128.932,target,1.121,-0.073,1.459,1
128.945,target,1.121,-0.073,1.459,1
128.955,target,1.121,-0.073,1.459,1
128.965,target,1.121,-0.073,1.459,1
128.976,target,1.121,-0.073,1.459,1
128.986,target,1.121,-0.073,1.459,1
128.997,target,1.121,-0.073,1.459,1
129.010,lost,,,,
129.023,lost,,,,
129.033,lost,,,,
129.047,target,1.069,0.654,1.329,1
129.061,target,1.069,0.654,1.329,1
129.075,target,1.069,0.654,1.329,1
129.087,target,1.069,0.654,1.329,1
129.097,target,1.069,0.654,1.329,1
129.112,target,1.069,0.654,1.329,1
129.128,target,1.069,0.654,1.329,1
129.141,target,1.069,0.654,1.329,1
129.153,target,1.069,0.654,1.329,1
129.168,target,1.069,0.654,1.329,1
129.182,target,1.069,0.654,1.329,1
129.197,target,1.069,0.654,1.329,1
129.212,target,1.069,0.654,1.329,1
129.226,target,1.069,0.654,1.329,1
129.241,target,1.069,0.654,1.329,1
129.259,target,1.069,0.654,1.329,1
129.274,target,1.069,0.654,1.329,1
129.287,target,1.069,0.654,1.329,1
129.300,target,1.069,0.654,1.329,1
129.314,target,1.069,0.654,1.329,1
129.328,target,1.069,0.654,1.329,1
129.340,target,1.069,0.654,1.329,1
129.351,target,1.069,0.654,1.329,1
129.363,target,1.069,0.654,1.329,1
129.376,target,1.069,0.654,1.329,1
129.388,target,1.069,0.654,1.329,1
129.401,target,1.069,0.654,1.329,1
129.413,target,1.069,0.654,1.329,1
129.426,target,1.069,0.654,1.329,1
129.439,target,1.069,0.654,1.329,1
129.453,target,1.069,0.654,1.329,1
129.465,target,1.069,0.654,1.329,1
129.478,target,1.069,0.654,1.329,1
129.492,target,1.069,0.654,1.329,1
129.507,target,1.069,0.654,1.329,1
129.521,target,1.069,0.654,1.329,1
129.535,target,1.069,0.654,1.329,1
129.550,target,1.069,0.654,1.329,1
129.564,lost,,,,
129.578,lost,,,,
129.593,lost,,,,
129.606,lost,,,,
129.620,lost,,,,
129.634,lost,,,,
129.650,lost,,,,
129.667,lost,,,,
129.679,lost,,,,
129.693,lost,,,,
129.705,lost,,,,
129.717,lost,,,,
129.728,lost,,,,
129.739,lost,,,,
129.753,lost,,,,
129.770,lost,,,,
129.781,lost,,,,
129.793,lost,,,,
129.804,target,0.754,-0.864,1.437,1
129.818,target,0.754,-0.864,1.437,1
129.832,target,0.658,-0.718,0.975,1
129.845,target,0.658,-0.718,0.975,1
129.860,target,0.658,-0.718,0.975,1
129.872,target,0.786,-0.905,1.412,1
129.887,target,0.786,-0.905,1.412,1
129.903,target,0.831,-0.903,1.413,1
129.916,target,0.831,-0.903,1.413,1
129.930,target,0.848,-0.932,1.387,1
129.944,target,0.848,-0.932,1.387,1
129.958,target,0.848,-0.932,1.387,1
129.971,target,0.881,-0.960,1.387,1
129.985,target,0.881,-0.960,1.387,1
130.001,target,0.916,-0.954,1.365,1
130.013,target,0.916,-0.954,1.365,1
130.027,target,0.916,-0.954,1.365,1
130.039,target,0.757,-0.802,0.843,1
130.051,target,0.757,-0.802,0.843,1
130.064,target,0.772,-0.781,0.809,1
130.074,target,0.772,-0.781,0.809,1
130.086,target,0.772,-0.781,0.809,1
130.098,target,1.022,-1.035,1.299,1
130.107,target,1.022,-1.035,1.299,1
130.117,target,1.022,-1.035,1.299,1
130.128,target,1.022,-1.035,1.299,1
130.138,target,1.022,-1.035,1.299,1
130.149,target,1.022,-1.035,1.299,1
130.162,target,1.022,-1.035,1.299,1
130.174,target,1.022,-1.035,1.299,1
130.184,target,1.022,-1.035,1.299,1
130.193,target,1.022,-1.035,1.299,1
130.203,target,1.022,-1.035,1.299,1
130.212,target,1.022,-1.035,1.299,1
130.220,target,1.022,-1.035,1.299,1
130.230,target,1.022,-1.035,1.299,1
130.239,target,1.022,-1.035,1.299,1
130.249,target,1.022,-1.035,1.299,1
130.261,target,1.022,-1.035,1.299,1
130.272,target,1.022,-1.035,1.299,1
130.282,target,1.022,-1.035,1.299,1
130.292,target,1.022,-1.035,1.299,1
130.302,target,1.022,-1.035,1.299,1
130.310,target,1.022,-1.035,1.299,1
130.319,target,1.022,-1.035,1.299,1
130.329,target,1.022,-1.035,1.299,1
130.338,target,1.022,-1.035,1.299,1
130.348,target,1.022,-1.035,1.299,1
130.358,target,1.022,-1.035,1.299,1
130.368,target,1.022,-1.035,1.299,1
130.377,target,1.022,-1.035,1.299,1
130.384,target,1.022,-1.035,1.299,1
130.395,target,1.022,-1.035,1.299,1
130.405,target,1.022,-1.035,1.299,1
130.414,target,1.022,-1.035,1.299,1
130.423,target,1.022,-1.035,1.299,1
130.433,target,1.022,-1.035,1.299,1
130.441,target,1.022,-1.035,1.299,1
130.450,target,1.022,-1.035,1.299,1
130.460,target,1.022,-1.035,1.299,1
130.468,target,1.022,-1.035,1.299,1
130.478,target,1.022,-1.035,1.299,1
130.487,target,1.022,-1.035,1.299,1
130.499,target,1.022,-1.035,1.299,1
130.512,target,1.022,-1.035,1.299,1
130.521,target,1.022,-1.035,1.299,1
130.532,target,1.022,-1.035,1.299,1
130.543,target,1.022,-1.035,1.299,1
130.552,target,1.022,-1.035,1.299,1
130.563,target,1.022,-1.035,1.299,1
130.572,target,1.022,-1.035,1.299,1
130.582,target,1.022,-1.035,1.299,1
130.593,target,1.022,-1.035,1.299,1
130.602,target,1.022,-1.035,1.299,1
130.611,target,1.022,-1.035,1.299,1
130.620,lost,,,,
130.631,lost,,,,
130.640,lost,,,,
130.649,lost,,,,
130.659,lost,,,,
130.666,lost,,,,
130.675,lost,,,,
130.684,lost,,,,
130.695,lost,,,,
130.703,lost,,,,
130.713,lost,,,,
130.723,lost,,,,
130.733,lost,,,,
130.742,lost,,,,
130.752,lost,,,,
130.764,lost,,,,
130.774,lost,,,,
130.783,lost,,,,
130.793,lost,,,,
130.801,lost,,,,
130.809,lost,,,,
130.818,lost,,,,
130.829,lost,,,,
130.838,lost,,,,
130.846,lost,,,,
130.857,lost,,,,
130.865,lost,,,,
130.874,lost,,,,
130.882,lost,,,,
130.893,lost,,,,
130.901,lost,,,,
130.910,lost,,,,
130.919,lost,,,,
130.930,lost,,,,
130.939,lost,,,,
130.948,lost,,,,
130.957,lost,,,,
130.967,lost,,,,
130.976,lost,,,,
130.985,lost,,,,
130.998,lost,,,,
131.008,lost,,,,
131.017,lost,,,,
131.028,lost,,,,
131.038,lost,,,,
131.047,lost,,,,
131.059,lost,,,,
131.068,lost,,,,
131.078,lost,,,,
131.088,lost,,,,
131.097,lost,,,,
131.106,lost,,,,
131.116,lost,,,,
131.125,lost,,,,
131.135,lost,,,,
131.144,lost,,,,
131.153,lost,,,,
131.162,lost,,,,
131.170,lost,,,,
131.178,lost,,,,
131.188,lost,,,,
131.197,lost,,,,
131.205,lost,,,,
131.213,lost,,,,
131.223,lost,,,,
131.232,lost,,,,
131.240,lost,,,,
131.249,lost,,,,
131.259,lost,,,,
131.269,lost,,,,
131.277,lost,,,,
131.285,lost,,,,
131.296,lost,,,,
131.304,lost,,,,
131.312,lost,,,,
131.324,lost,,,,
131.332,lost,,,,
131.341,lost,,,,
131.350,lost,,,,
131.361,lost,,,,
131.370,lost,,,,
131.379,lost,,,,
131.389,lost,,,,
131.399,lost,,,,
131.409,lost,,,,
131.418,lost,,,,
131.428,lost,,,,
131.437,lost,,,,
131.445,lost,,,,
131.455,lost,,,,
131.465,lost,,,,
131.477,lost,,,,
131.489,lost,,,,
131.497,lost,,,,
131.508,lost,,,,
131.519,lost,,,,
131.529,lost,,,,
131.537,lost,,,,
131.545,lost,,,,
131.555,lost,,,,
131.563,lost,,,,
131.573,lost,,,,
131.582,lost,,,,
131.592,lost,,,,
131.601,lost,,,,
131.611,lost,,,,
131.620,lost,,,,
131.631,lost,,,,
131.642,lost,,,,
131.655,lost,,,,
131.663,lost,,,,
131.674,lost,,,,
131.684,lost,,,,
131.693,lost,,,,
131.702,lost,,,,
131.711,lost,,,,
131.720,lost,,,,
131.728,lost,,,,
131.738,lost,,,,
131.748,lost,,,,
131.757,lost,,,,
131.768,lost,,,,
131.779,lost,,,,
131.787,lost,,,,
131.796,lost,,,,
131.805,lost,,,,
131.815,lost,,,,
131.826,lost,,,,
131.837,lost,,,,
131.848,lost,,,,
131.856,lost,,,,
131.866,lost,,,,
131.876,lost,,,,
131.886,lost,,,,
131.897,lost,,,,
131.909,lost,,,,
131.921,lost,,,,
131.933,lost,,,,
131.944,lost,,,,
131.952,lost,,,,
131.960,lost,,,,
131.971,lost,,,,
131.981,lost,,,,
131.992,lost,,,,
132.006,lost,,,,
132.017,lost,,,,
132.026,lost,,,,
132.036,lost,,,,
132.046,lost,,,,
132.056,lost,,,,
132.068,lost,,,,
132.080,lost,,,,
132.088,lost,,,,
132.098,lost,,,,
132.108,lost,,,,
132.117,lost,,,,
132.126,lost,,,,
132.136,lost,,,,
132.146,lost,,,,
132.154,lost,,,,
132.165,lost,,,,
132.175,lost,,,,
132.185,lost,,,,
132.194,lost,,,,
132.203,lost,,,,
132.213,lost,,,,
132.221,lost,,,,
132.231,lost,,,,
132.241,lost,,,,
132.251,lost,,,,
132.264,lost,,,,
132.277,lost,,,,
132.286,lost,,,,
132.295,lost,,,,
132.303,lost,,,,
132.312,lost,,,,
132.320,lost,,,,
132.330,lost,,,,
132.341,lost,,,,
132.349,lost,,,,
132.357,lost,,,,
132.367,lost,,,,
132.376,lost,,,,
132.386,lost,,,,
132.395,lost,,,,
132.406,lost,,,,
132.415,lost,,,,
132.425,lost,,,,
132.434,lost,,,,
132.445,lost,,,,
132.453,lost,,,,
132.464,lost,,,,
132.473,lost,,,,
132.483,lost,,,,
132.491,lost,,,,
132.501,lost,,,,
132.513,lost,,,,
132.522,lost,,,,
132.532,lost,,,,
132.545,lost,,,,
132.554,lost,,,,
132.564,lost,,,,
132.575,lost,,,,
132.584,lost,,,,
132.594,lost,,,,
132.603,lost,,,,
132.614,lost,,,,
132.622,lost,,,,
132.632,lost,,,,
132.643,lost,,,,
132.652,lost,,,,
132.662,lost,,,,
132.671,lost,,,,
132.681,lost,,,,
132.689,lost,,,,
132.699,lost,,,,
132.710,lost,,,,
132.718,lost,,,,
132.727,lost,,,,
132.735,lost,,,,
132.746,lost,,,,
132.755,lost,,,,
132.766,lost,,,,
132.777,lost,,,,
132.786,lost,,,,
132.796,lost,,,,
132.807,lost,,,,
132.816,lost,,,,
132.826,lost,,,,
132.834,lost,,,,
132.846,lost,,,,
132.856,lost,,,,
132.866,lost,,,,
132.876,lost,,,,
132.885,lost,,,,
132.895,lost,,,,
132.906,lost,,,,
132.915,lost,,,,
132.924,lost,,,,
132.933,lost,,,,
132.944,lost,,,,
132.954,lost,,,,
132.963,lost,,,,
132.974,lost,,,,
132.982,lost,,,,
132.993,lost,,,,
133.004,lost,,,,
133.014,lost,,,,
133.023,lost,,,,
133.034,lost,,,,
133.043,lost,,,,
133.052,lost,,,,
133.062,lost,,,,
133.071,lost,,,,
133.080,lost,,,,
133.089,lost,,,,
133.100,lost,,,,
133.110,lost,,,,
133.119,lost,,,,
133.129,lost,,,,
133.138,lost,,,,
133.148,lost,,,,
133.159,lost,,,,
133.169,lost,,,,
133.179,lost,,,,
133.189,lost,,,,
133.200,lost,,,,
133.209,lost,,,,
133.218,lost,,,,
133.230,lost,,,,
133.240,lost,,,,
133.250,lost,,,,
133.262,lost,,,,
133.272,lost,,,,
133.282,lost,,,,
133.293,lost,,,,
133.303,lost,,,,
133.312,lost,,,,
133.322,lost,,,,
133.333,lost,,,,
133.342,lost,,,,
133.351,lost,,,,
133.362,lost,,,,
133.371,lost,,,,
133.381,lost,,,,
133.391,lost,,,,
133.400,lost,,,,
133.409,lost,,,,
133.419,lost,,,,
133.430,lost,,,,
133.438,lost,,,,
133.447,lost,,,,
133.456,lost,,,,
133.466,lost,,,,
133.474,lost,,,,
133.485,lost,,,,
133.495,lost,,,,
133.504,lost,,,,
133.515,lost,,,,
133.525,lost,,,,
133.534,lost,,,,
133.544,lost,,,,
133.554,lost,,,,
133.564,lost,,,,
133.572,lost,,,,
133.583,lost,,,,
133.593,lost,,,,
133.602,lost,,,,
133.612,lost,,,,
133.622,lost,,,,
133.631,lost,,,,
133.640,lost,,,,
133.649,lost,,,,
133.660,lost,,,,
133.669,lost,,,,
133.679,lost,,,,
133.690,lost,,,,
133.699,lost,,,,
133.706,lost,,,,
133.715,lost,,,,
133.725,lost,,,,
133.733,lost,,,,
133.743,lost,,,,
133.753,lost,,,,
133.765,lost,,,,
133.773,lost,,,,
133.783,lost,,,,
133.793,lost,,,,
133.802,lost,,,,
133.811,lost,,,,
133.820,lost,,,,
133.831,lost,,,,
133.840,lost,,,,
133.850,lost,,,,
133.862,lost,,,,
133.872,lost,,,,
133.882,lost,,,,
133.892,lost,,,,
133.901,lost,,,,
133.910,lost,,,,
133.919,lost,,,,
133.930,lost,,,,
133.939,lost,,,,
133.948,lost,,,,
133.958,lost,,,,
133.968,lost,,,,
133.978,lost,,,,
133.990,lost,,,,
134.000,lost,,,,
134.010,lost,,,,
134.020,lost,,,,
134.031,lost,,,,
134.041,lost,,,,
134.051,lost,,,,
134.061,lost,,,,
134.070,lost,,,,
134.081,lost,,,,
134.092,lost,,,,
134.102,lost,,,,
134.113,lost,,,,
134.123,lost,,,,
134.132,lost,,,,
134.141,lost,,,,
134.151,lost,,,,
134.161,lost,,,,
134.170,lost,,,,
134.181,lost,,,,
134.193,lost,,,,
134.201,lost,,,,
134.210,lost,,,,
134.218,lost,,,,
134.230,lost,,,,
134.239,lost,,,,
134.250,lost,,,,
134.262,lost,,,,
134.273,lost,,,,
134.282,lost,,,,
134.294,lost,,,,
134.303,lost,,,,
134.312,lost,,,,
134.321,lost,,,,
134.331,lost,,,,
134.340,lost,,,,
134.350,lost,,,,
134.361,lost,,,,
134.370,lost,,,,
134.379,lost,,,,
134.389,lost,,,,
134.398,lost,,,,
134.407,lost,,,,
134.416,lost,,,,
134.427,lost,,,,
134.435,lost,,,,
134.445,lost,,,,
134.453,lost,,,,
134.464,lost,,,,
134.475,lost,,,,
134.487,lost,,,,
134.499,lost,,,,
134.510,lost,,,,
134.524,lost,,,,
134.533,lost,,,,
134.543,lost,,,,
134.553,lost,,,,
134.563,lost,,,,
134.573,lost,,,,
134.584,lost,,,,
134.594,lost,,,,
134.603,lost,,,,
134.614,lost,,,,
134.624,lost,,,,
134.633,lost,,,,
134.644,lost,,,,
134.655,lost,,,,
134.664,lost,,,,
134.673,lost,,,,
134.684,lost,,,,
134.695,lost,,,,
134.704,lost,,,,
134.715,lost,,,,
134.725,lost,,,,
134.734,lost,,,,
134.744,lost,,,,
134.755,lost,,,,
134.766,lost,,,,
134.777,lost,,,,
134.787,lost,,,,
134.796,lost,,,,
134.805,lost,,,,
134.815,lost,,,,
134.825,lost,,,,
134.834,lost,,,,
134.844,lost,,,,
134.853,lost,,,,
134.864,lost,,,,
134.873,lost,,,,
134.882,lost,,,,
134.891,lost,,,,
134.900,lost,,,,
134.911,lost,,,,
134.920,lost,,,,
134.931,lost,,,,
134.942,lost,,,,
134.952,lost,,,,
134.961,lost,,,,
134.970,lost,,,,
134.980,lost,,,,
134.991,lost,,,,
135.002,lost,,,,
135.015,lost,,,,
135.029,lost,,,,
135.039,lost,,,,
135.048,lost,,,,
135.061,lost,,,,
135.072,lost,,,,
135.083,lost,,,,
135.093,lost,,,,
135.104,lost,,,,
135.114,lost,,,,
135.125,lost,,,,
135.136,lost,,,,
135.148,lost,,,,
135.157,lost,,,,
135.166,lost,,,,
135.176,lost,,,,
135.185,lost,,,,
135.196,lost,,,,
135.204,lost,,,,
135.213,lost,,,,
135.223,lost,,,,
135.232,lost,,,,
135.241,lost,,,,
135.251,lost,,,,
135.261,lost,,,,
135.273,lost,,,,
135.283,lost,,,,
135.294,lost,,,,
135.307,lost,,,,
135.318,lost,,,,
135.328,lost,,,,
135.336,lost,,,,
135.345,lost,,,,
135.356,lost,,,,
135.365,lost,,,,
135.374,lost,,,,
135.384,lost,,,,
135.394,lost,,,,
135.404,lost,,,,
135.415,lost,,,,
135.424,lost,,,,
135.434,lost,,,,
135.445,lost,,,,
135.453,lost,,,,
135.462,lost,,,,
135.473,lost,,,,
135.483,lost,,,,
135.493,lost,,,,
135.505,lost,,,,
135.517,lost,,,,
135.526,lost,,,,
135.534,lost,,,,
135.544,lost,,,,
135.553,lost,,,,
135.563,lost,,,,
135.573,lost,,,,
135.583,lost,,,,
135.594,lost,,,,
135.603,lost,,,,
135.612,lost,,,,
135.620,lost,,,,
135.629,lost,,,,
135.639,lost,,,,
135.649,lost,,,,
135.658,lost,,,,
135.667,lost,,,,
135.676,lost,,,,
135.686,lost,,,,
135.697,lost,,,,
135.709,lost,,,,
135.720,lost,,,,
135.733,lost,,,,
135.746,lost,,,,
135.755,lost,,,,
135.764,lost,,,,
135.772,lost,,,,
135.781,lost,,,,
135.789,lost,,,,
135.798,lost,,,,
135.809,lost,,,,
135.819,lost,,,,
135.829,lost,,,,
135.839,lost,,,,
135.850,lost,,,,
135.861,lost,,,,
135.870,lost,,,,
135.879,lost,,,,
135.887,lost,,,,
135.896,lost,,,,
135.906,lost,,,,
135.916,lost,,,,
135.924,lost,,,,
135.934,lost,,,,
135.943,lost,,,,
135.952,lost,,,,
135.962,lost,,,,
135.973,lost,,,,
135.987,lost,,,,
136.000,lost,,,,
136.011,lost,,,,
136.023,lost,,,,
136.035,lost,,,,
136.043,lost,,,,
136.052,lost,,,,
136.061,lost,,,,
136.070,lost,,,,
136.080,lost,,,,
136.088,lost,,,,
136.098,lost,,,,
136.106,lost,,,,
136.117,lost,,,,
136.128,lost,,,,
136.137,lost,,,,
136.146,lost,,,,
136.154,lost,,,,
136.163,lost,,,,
136.170,lost,,,,
136.180,lost,,,,
136.191,lost,,,,
136.201,lost,,,,
136.210,lost,,,,
136.219,lost,,,,
136.229,lost,,,,
136.238,lost,,,,
136.248,lost,,,,
136.257,lost,,,,
136.266,lost,,,,
136.274,lost,,,,
136.283,lost,,,,
136.294,lost,,,,
136.303,lost,,,,
136.313,lost,,,,
136.322,lost,,,,
136.331,lost,,,,
136.340,lost,,,,
136.351,lost,,,,
136.364,lost,,,,
136.373,lost,,,,
136.381,lost,,,,
136.389,lost,,,,
136.398,lost,,,,
136.408,lost,,,,
136.417,lost,,,,
136.427,lost,,,,
136.435,lost,,,,
136.446,lost,,,,
136.456,lost,,,,
136.466,lost,,,,
136.475,lost,,,,
136.484,lost,,,,
136.493,lost,,,,
136.501,lost,,,,
136.511,lost,,,,
136.521,lost,,,,
136.533,lost,,,,
136.542,lost,,,,
136.551,lost,,,,
136.561,lost,,,,
136.570,lost,,,,
136.580,lost,,,,
136.588,lost,,,,
136.597,lost,,,,
136.604,lost,,,,
136.614,lost,,,,
136.625,lost,,,,
136.634,lost,,,,
136.642,lost,,,,
136.651,lost,,,,
136.660,lost,,,,
136.668,lost,,,,
136.679,lost,,,,
136.688,lost,,,,
136.699,lost,,,,
136.708,lost,,,,
136.718,lost,,,,
136.728,lost,,,,
136.738,lost,,,,
136.750,lost,,,,
136.759,lost,,,,
136.767,lost,,,,
136.776,lost,,,,
136.786,lost,,,,
136.796,lost,,,,
136.806,lost,,,,
136.817,lost,,,,
136.826,lost,,,,
136.836,lost,,,,
136.848,lost,,,,
136.856,lost,,,,
136.865,lost,,,,
136.872,lost,,,,
136.881,lost,,,,
136.890,lost,,,,
136.900,lost,,,,
136.911,lost,,,,
136.920,lost,,,,
136.931,lost,,,,
136.941,lost,,,,
136.953,lost,,,,
136.963,lost,,,,
136.973,lost,,,,
136.983,lost,,,,
136.993,lost,,,,
137.002,lost,,,,
137.013,lost,,,,
137.023,lost,,,,
137.031,lost,,,,
137.040,lost,,,,
137.048,lost,,,,
137.057,lost,,,,
137.067,lost,,,,
137.076,lost,,,,
137.085,lost,,,,
137.093,lost,,,,
137.102,lost,,,,
137.112,lost,,,,
137.121,lost,,,,
137.131,lost,,,,
137.138,lost,,,,
137.147,lost,,,,
137.154,lost,,,,
137.164,lost,,,,
137.173,lost,,,,
137.182,lost,,,,
137.189,lost,,,,
137.198,lost,,,,
137.206,lost,,,,
137.215,lost,,,,
137.225,lost,,,,
137.233,lost,,,,
137.243,lost,,,,
137.251,lost,,,,
137.260,lost,,,,
137.269,lost,,,,
137.278,lost,,,,
137.288,lost,,,,
137.299,lost,,,,
137.309,lost,,,,
137.318,lost,,,,
137.328,lost,,,,
137.338,lost,,,,
137.349,lost,,,,
137.360,lost,,,,
137.370,lost,,,,
137.384,lost,,,,
137.397,lost,,,,
137.406,lost,,,,
137.416,lost,,,,
137.426,lost,,,,
137.436,lost,,,,
137.448,lost,,,,
137.458,lost,,,,
137.467,lost,,,,
137.477,lost,,,,
137.485,lost,,,,
137.494,lost,,,,
137.503,lost,,,,
137.513,lost,,,,
137.522,lost,,,,
137.531,lost,,,,
137.540,lost,,,,
137.550,lost,,,,
137.561,lost,,,,
137.569,lost,,,,
137.578,lost,,,,
137.586,lost,,,,
137.595,lost,,,,
137.604,lost,,,,
137.613,lost,,,,
137.621,lost,,,,
137.631,lost,,,,
137.639,lost,,,,
137.648,lost,,,,
137.657,lost,,,,
137.667,lost,,,,
137.677,lost,,,,
137.685,lost,,,,
137.694,lost,,,,
137.704,lost,,,,
137.713,lost,,,,
137.723,lost,,,,
137.732,lost,,,,
137.739,lost,,,,
137.748,lost,,,,
137.756,lost,,,,
137.765,lost,,,,
137.777,lost,,,,
137.787,lost,,,,
137.796,lost,,,,
137.804,lost,,,,
137.813,lost,,,,
137.823,lost,,,,
137.833,lost,,,,
137.842,lost,,,,
137.851,lost,,,,
137.860,lost,,,,
137.868,lost,,,,
137.878,lost,,,,
137.888,lost,,,,
137.897,lost,,,,
137.905,lost,,,,
137.914,lost,,,,
137.924,lost,,,,
137.933,lost,,,,
137.944,lost,,,,
137.952,lost,,,,
137.961,lost,,,,
137.968,lost,,,,
137.978,lost,,,,
137.987,lost,,,,
137.996,lost,,,,
138.005,lost,,,,
138.014,lost,,,,
138.022,lost,,,,
138.031,lost,,,,
138.040,lost,,,,
138.049,lost,,,,
138.057,lost,,,,
138.067,lost,,,,
138.075,lost,,,,
138.084,lost,,,,
138.094,lost,,,,
138.103,lost,,,,
138.112,lost,,,,
138.120,lost,,,,
138.129,lost,,,,
138.138,lost,,,,
138.147,lost,,,,
138.159,lost,,,,
138.168,lost,,,,
138.178,lost,,,,
138.186,lost,,,,
138.196,lost,,,,
138.206,lost,,,,
138.216,lost,,,,
138.225,lost,,,,
138.234,lost,,,,
138.242,lost,,,,
138.250,lost,,,,
138.259,lost,,,,
138.269,lost,,,,
138.279,lost,,,,
138.287,lost,,,,
138.297,lost,,,,
138.305,lost,,,,
138.315,lost,,,,
138.325,lost,,,,
138.335,lost,,,,
138.344,lost,,,,
138.352,lost,,,,
138.362,lost,,,,
138.371,lost,,,,
138.381,lost,,,,
138.389,lost,,,,
138.398,lost,,,,
138.405,lost,,,,
138.414,lost,,,,
138.421,lost,,,,
138.431,lost,,,,
138.440,lost,,,,
138.448,lost,,,,
138.456,lost,,,,
138.464,lost,,,,
138.470,lost,,,,
138.480,lost,,,,
138.491,lost,,,,
138.500,lost,,,,
138.508,lost,,,,
138.516,lost,,,,
138.525,lost,,,,
138.535,lost,,,,
138.544,lost,,,,
138.552,lost,,,,
138.561,lost,,,,
138.569,lost,,,,
138.578,lost,,,,
138.588,lost,,,,
138.599,lost,,,,
138.609,lost,,,,
138.617,lost,,,,
138.626,lost,,,,
138.634,lost,,,,
138.643,lost,,,,
138.653,lost,,,,
138.664,lost,,,,
138.672,lost,,,,
138.681,lost,,,,
138.688,lost,,,,
138.697,lost,,,,
138.707,lost,,,,
138.716,lost,,,,
138.725,lost,,,,
138.733,lost,,,,
138.741,lost,,,,
138.751,lost,,,,
138.761,lost,,,,
138.769,lost,,,,
138.778,lost,,,,
138.785,lost,,,,
138.794,lost,,,,
138.805,lost,,,,
138.814,lost,,,,
138.822,lost,,,,
138.831,lost,,,,
138.839,lost,,,,
138.847,lost,,,,
138.857,lost,,,,
138.867,lost,,,,
138.876,lost,,,,
138.885,lost,,,,
138.893,lost,,,,
138.901,lost,,,,
138.908,lost,,,,
138.915,lost,,,,
138.924,lost,,,,
138.934,lost,,,,
138.944,lost,,,,
138.952,lost,,,,
138.963,lost,,,,
138.973,lost,,,,
138.982,lost,,,,
138.989,lost,,,,
138.999,lost,,,,
139.008,lost,,,,
139.018,lost,,,,
139.029,lost,,,,
139.038,lost,,,,
139.047,lost,,,,
139.055,lost,,,,
139.065,lost,,,,
139.074,lost,,,,
139.083,lost,,,,
139.092,lost,,,,
139.100,lost,,,,
139.109,lost,,,,
139.117,lost,,,,
139.127,lost,,,,
139.137,lost,,,,
139.146,lost,,,,
139.156,lost,,,,
139.165,lost,,,,
139.172,lost,,,,
139.181,lost,,,,
139.192,lost,,,,
139.202,lost,,,,
139.210,lost,,,,
139.218,lost,,,,
139.226,lost,,,,
139.235,lost,,,,
139.244,lost,,,,
139.255,lost,,,,
139.264,lost,,,,
139.273,lost,,,,
139.282,lost,,,,
139.291,lost,,,,
139.299,lost,,,,
139.309,lost,,,,
139.317,lost,,,,
139.326,lost,,,,
139.334,lost,,,,
139.343,lost,,,,
139.353,lost,,,,
139.363,lost,,,,
139.371,lost,,,,
139.380,lost,,,,
139.387,lost,,,,
139.395,lost,,,,
139.406,lost,,,,
139.416,lost,,,,
139.425,lost,,,,
139.435,lost,,,,
139.444,lost,,,,
139.453,lost,,,,
139.464,lost,,,,
139.473,lost,,,,
139.482,lost,,,,
139.490,lost,,,,
139.499,lost,,,,
139.509,lost,,,,
139.518,lost,,,,
139.529,lost,,,,
139.538,lost,,,,
139.547,lost,,,,
139.555,lost,,,,
139.565,lost,,,,
139.577,lost,,,,
139.587,lost,,,,
139.595,lost,,,,
139.603,lost,,,,
139.612,lost,,,,
139.622,lost,,,,
139.631,lost,,,,
139.639,lost,,,,
139.648,lost,,,,
139.658,lost,,,,
139.668,lost,,,,
139.678,lost,,,,
139.686,lost,,,,
139.695,lost,,,,
139.702,lost,,,,
139.711,lost,,,,
139.721,lost,,,,
139.731,lost,,,,
139.742,lost,,,,
139.751,lost,,,,
139.760,lost,,,,
139.768,lost,,,,
139.777,lost,,,,
139.787,lost,,,,
139.796,lost,,,,
139.805,lost,,,,
139.814,lost,,,,
139.822,lost,,,,
139.832,lost,,,,
139.843,lost,,,,
139.852,lost,,,,
139.861,lost,,,,
139.869,lost,,,,
139.878,lost,,,,
139.888,lost,,,,
139.898,lost,,,,
139.910,lost,,,,
139.921,lost,,,,
139.931,lost,,,,
139.938,lost,,,,
139.945,lost,,,,
139.952,lost,,,,
139.959,lost,,,,
139.966,lost,,,,
139.973,lost,,,,
139.980,lost,,,,
139.987,lost,,,,
139.995,lost,,,,
140.002,lost,,,,
140.008,lost,,,,
140.015,lost,,,,
140.022,lost,,,,
140.029,lost,,,,
140.036,lost,,,,
140.043,lost,,,,
140.051,lost,,,,
140.058,lost,,,,
140.064,lost,,,,
140.071,lost,,,,
140.079,lost,,,,
140.086,lost,,,,
140.093,lost,,,,
140.100,lost,,,,
140.106,lost,,,,
140.113,lost,,,,
140.119,lost,,,,
140.126,lost,,,,
140.132,lost,,,,
140.139,lost,,,,
140.147,lost,,,,
140.155,lost,,,,
140.161,lost,,,,
140.167,lost,,,,
140.173,lost,,,,
140.180,lost,,,,
140.186,lost,,,,
140.192,lost,,,,
140.198,lost,,,,
140.205,lost,,,,
140.213,lost,,,,
140.219,lost,,,,
140.226,lost,,,,
140.232,lost,,,,
140.238,lost,,,,
140.246,lost,,,,
140.252,lost,,,,
140.260,lost,,,,
140.266,lost,,,,
140.273,lost,,,,
140.280,lost,,,,
140.286,lost,,,,
140.292,lost,,,,
140.299,lost,,,,
140.306,lost,,,,
140.312,lost,,,,
140.318,lost,,,,
140.325,lost,,,,
140.332,lost,,,,
140.339,lost,,,,
140.345,lost,,,,
140.351,lost,,,,
140.357,lost,,,,
140.363,lost,,,,
140.369,lost,,,,
140.375,lost,,,,
140.381,lost,,,,
140.387,lost,,,,
140.393,lost,,,,
140.398,lost,,,,
140.404,lost,,,,
140.411,lost,,,,
140.417,lost,,,,
140.424,lost,,,,
140.431,lost,,,,
140.437,lost,,,,
140.445,lost,,,,
140.451,lost,,,,
140.458,lost,,,,
140.464,lost,,,,
140.470,lost,,,,
140.476,lost,,,,
140.482,lost,,,,
140.488,lost,,,,
140.494,lost,,,,
140.502,lost,,,,
140.508,lost,,,,
140.514,lost,,,,
140.520,lost,,,,
140.527,lost,,,,
140.533,lost,,,,
140.539,lost,,,,
140.546,lost,,,,
140.553,lost,,,,
140.559,lost,,,,
140.566,lost,,,,
140.572,lost,,,,
140.578,lost,,,,
140.585,lost,,,,
140.591,lost,,,,
140.597,lost,,,,
140.604,lost,,,,
140.610,lost,,,,
140.616,lost,,,,
140.623,lost,,,,
140.629,lost,,,,
140.635,lost,,,,
140.642,lost,,,,
140.648,lost,,,,
140.654,lost,,,,
140.661,lost,,,,
140.667,lost,,,,
140.673,lost,,,,
140.680,lost,,,,
140.686,lost,,,,
140.692,lost,,,,
140.698,lost,,,,
140.704,lost,,,,
140.710,lost,,,,
140.717,lost,,,,
140.723,lost,,,,
140.733,lost,,,,
140.740,lost,,,,
140.751,lost,,,,
140.757,lost,,,,
140.765,lost,,,,
140.771,lost,,,,
140.782,lost,,,,
140.788,lost,,,,
140.798,lost,,,,
140.804,lost,,,,
140.814,lost,,,,
140.820,lost,,,,
140.827,lost,,,,
140.835,lost,,,,
140.841,lost,,,,
140.848,lost,,,,
140.855,lost,,,,
140.863,lost,,,,
140.870,lost,,,,
140.879,lost,,,,
140.886,lost,,,,
140.892,lost,,,,
140.899,lost,,,,
140.905,lost,,,,
140.912,lost,,,,
140.919,lost,,,,
140.928,lost,,,,
140.934,lost,,,,
140.941,lost,,,,
140.947,lost,,,,
140.954,lost,,,,
140.961,lost,,,,
140.967,lost,,,,
140.974,lost,,,,
140.981,lost,,,,
140.987,lost,,,,
140.994,lost,,,,
141.000,lost,,,,
141.006,lost,,,,
141.013,lost,,,,
141.019,lost,,,,
141.026,lost,,,,
141.032,lost,,,,
141.039,lost,,,,
141.045,lost,,,,
141.052,lost,,,,
141.058,lost,,,,
141.065,lost,,,,
141.071,lost,,,,
141.078,lost,,,,
141.084,lost,,,,
141.090,lost,,,,
141.097,lost,,,,
141.103,lost,,,,
141.110,lost,,,,
141.116,lost,,,,
141.123,lost,,,,
141.129,lost,,,,
141.136,lost,,,,
141.142,lost,,,,
141.149,lost,,,,
141.155,lost,,,,
141.161,lost,,,,
141.168,lost,,,,
141.174,lost,,,,
141.180,lost,,,,
141.187,lost,,,,
141.193,lost,,,,
141.199,lost,,,,
141.205,lost,,,,
141.210,lost,,,,
141.216,lost,,,,
141.221,lost,,,,
141.227,lost,,,,
141.233,lost,,,,
141.238,lost,,,,
141.244,lost,,,,
141.249,lost,,,,
141.255,lost,,,,
141.260,lost,,,,
141.266,lost,,,,
141.271,lost,,,,
141.277,lost,,,,
141.282,lost,,,,
141.288,lost,,,,
141.293,lost,,,,
141.298,lost,,,,
141.304,lost,,,,
141.309,lost,,,,
141.315,lost,,,,
141.320,lost,,,,
141.326,lost,,,,
141.331,lost,,,,
141.337,lost,,,,
141.343,lost,,,,
141.350,lost,,,,
141.356,lost,,,,
141.362,lost,,,,
141.368,lost,,,,
141.373,lost,,,,
141.379,lost,,,,
141.384,lost,,,,
141.389,lost,,,,
141.395,lost,,,,
141.400,lost,,,,
141.405,lost,,,,
141.411,lost,,,,
141.416,lost,,,,
141.422,lost,,,,
141.427,lost,,,,
141.433,lost,,,,
141.438,lost,,,,
141.443,lost,,,,
141.449,lost,,,,
141.455,lost,,,,
141.460,lost,,,,
141.466,lost,,,,
141.471,lost,,,,
141.476,lost,,,,
141.482,lost,,,,
141.487,lost,,,,
141.493,lost,,,,
141.498,lost,,,,
141.503,lost,,,,
141.509,lost,,,,
141.514,lost,,,,
141.520,lost,,,,
141.525,lost,,,,
141.530,lost,,,,
141.536,lost,,,,
141.541,lost,,,,
141.547,lost,,,,
141.552,lost,,,,
141.558,lost,,,,
141.563,lost,,,,
141.569,lost,,,,
141.574,lost,,,,
141.580,lost,,,,
141.585,lost,,,,
141.590,lost,,,,
141.596,lost,,,,
141.601,lost,,,,
141.607,lost,,,,
141.612,lost,,,,
141.618,lost,,,,
141.623,lost,,,,
141.629,lost,,,,
141.634,lost,,,,
141.640,lost,,,,
141.645,lost,,,,
141.650,lost,,,,
141.656,lost,,,,
141.661,lost,,,,
141.667,lost,,,,
141.672,lost,,,,
141.678,lost,,,,
141.683,lost,,,,
141.689,lost,,,,
